2026-08-31T10:12:03.412+05:30  INFO 548 --- [FoodServiceApp] [restartedMain] com.foodapp.FoodServiceApplication       : Starting FoodServiceApplication using Java 21.0.2 with PID 548 (C:\Users\khushbu.1.sharma\eclipse-workspace\Project foodService Application\FoodServiceApp\target\classes started by KHUSHBU.1.SHARMA in C:\Users\khushbu.1.sharma\eclipse-workspace\Project foodService Application\FoodServiceApp)
2026-08-31T10:12:03.414+05:30  INFO 548 --- [FoodServiceApp] [restartedMain] com.foodapp.FoodServiceApplication       : No active profile set, falling back to 1 default profile: "default"
2026-08-31T10:12:03.744+05:30  INFO 548 --- [FoodServiceApp] [restartedMain] .s.d.r.c.RepositoryConfigurationDelegate : Bootstrapping Spring Data JPA repositories in DEFAULT mode.
2026-08-31T10:12:03.763+05:30  INFO 548 --- [FoodServiceApp] [restartedMain] .s.d.r.c.RepositoryConfigurationDelegate : Finished Spring Data repository scanning in 16 ms. Found 1 JPA repository interface.
2026-08-31T10:12:03.860+05:30  INFO 548 --- [FoodServiceApp] [restartedMain] o.s.cloud.context.scope.GenericScope     : BeanFactory id=8268633a-932c-38ab-9944-ad5fe5968cc9
2026-08-31T10:12:03.957+05:30  INFO 548 --- [FoodServiceApp] [restartedMain] o.s.boot.tomcat.TomcatWebServer          : Tomcat initialized with port 9091 (http)
2026-08-31T10:12:03.959+05:30  INFO 548 --- [FoodServiceApp] [restartedMain] o.apache.catalina.core.StandardService   : Starting service [Tomcat]
2026-08-31T10:12:03.960+05:30  INFO 548 --- [FoodServiceApp] [restartedMain] o.apache.catalina.core.StandardEngine    : Starting Servlet engine: [Apache Tomcat/11.0.22]
2026-08-31T10:12:04.060+05:30  INFO 548 --- [FoodServiceApp] [restartedMain] b.w.c.s.WebApplicationContextInitializer : Root WebApplicationContext: initialization completed in 642 ms
2026-08-31T10:12:04.110+05:30  INFO 548 --- [FoodServiceApp] [restartedMain] org.hibernate.orm.jpa                    : HHH008540: Processing PersistenceUnitInfo [name: default]
2026-08-31T10:12:04.180+05:30  INFO 548 --- [FoodServiceApp] [restartedMain] o.s.o.j.p.SpringPersistenceUnitInfo      : No LoadTimeWeaver setup: ignoring JPA class transformer
2026-08-31T10:12:04.184+05:30  INFO 548 --- [FoodServiceApp] [restartedMain] com.zaxxer.hikari.HikariDataSource       : HikariPool-5 - Starting...
2026-08-31T10:12:04.220+05:30  INFO 548 --- [FoodServiceApp] [restartedMain] com.zaxxer.hikari.pool.HikariPool        : HikariPool-5 - Added connection com.mysql.cj.jdbc.ConnectionImpl@32c8aa02
2026-08-31T10:12:04.221+05:30  INFO 548 --- [FoodServiceApp] [restartedMain] com.zaxxer.hikari.HikariDataSource       : HikariPool-5 - Start completed.
2026-08-31T10:12:04.225+05:30  INFO 548 --- [FoodServiceApp] [restartedMain] org.hibernate.orm.connections.pooling    : HHH10001005: Database info:
	Database JDBC URL [jdbc:mysql://localhost:3306/cfg11]
	Database driver: MySQL Connector/J
	Database dialect: MySQLDialect
	Database version: 8.0.46
	Default catalog/schema: cfg11/undefined
	Autocommit mode: undefined/unknown
	Isolation level: REPEATABLE_READ [default REPEATABLE_READ]
	JDBC fetch size: none
	Pool: DataSourceConnectionProvider
	Minimum pool size: undefined/unknown
	Maximum pool size: undefined/unknown
2026-08-31T10:12:04.362+05:30  INFO 548 --- [FoodServiceApp] [restartedMain] org.hibernate.orm.core                   : HHH000489: No JTA platform available (set 'hibernate.transaction.jta.platform' to enable JTA platform integration)
2026-08-31T10:12:04.385+05:30  INFO 548 --- [FoodServiceApp] [restartedMain] j.LocalContainerEntityManagerFactoryBean : Initialized JPA EntityManagerFactory for persistence unit 'default'
2026-08-31T10:12:04.540+05:30  WARN 548 --- [FoodServiceApp] [restartedMain] JpaBaseConfiguration$JpaWebConfiguration : spring.jpa.open-in-view is enabled by default. Therefore, database queries may be performed during view rendering. Explicitly configure spring.jpa.open-in-view to disable this warning
2026-08-31T10:12:04.612+05:30  INFO 548 --- [FoodServiceApp] [restartedMain] o.s.c.openfeign.FeignClientFactoryBean   : For 'ORDER-SERVICE' URL not provided. Will try picking an instance via load-balancing.
2026-08-31T10:12:04.872+05:30  INFO 548 --- [FoodServiceApp] [restartedMain] DiscoveryClientOptionalArgsConfiguration : Eureka HTTP Client uses RestClient.
2026-08-31T10:12:04.894+05:30  WARN 548 --- [FoodServiceApp] [restartedMain] iguration$LoadBalancerCaffeineWarnLogger : Spring Cloud LoadBalancer is currently working with the default cache. While this cache implementation is useful for development and tests, it's recommended to use Caffeine cache in production.You can switch to using Caffeine cache, by adding it and org.springframework.cache.caffeine.CaffeineCacheManager to the classpath.
2026-08-31T10:12:04.918+05:30  INFO 548 --- [FoodServiceApp] [restartedMain] o.s.c.n.eureka.InstanceInfoFactory       : Setting initial instance status as: STARTING
2026-08-31T10:12:04.922+05:30  INFO 548 --- [FoodServiceApp] [restartedMain] com.netflix.discovery.DiscoveryClient    : Initializing Eureka in region us-east-1
2026-08-31T10:12:04.923+05:30  INFO 548 --- [FoodServiceApp] [restartedMain] c.n.d.s.r.aws.ConfigClusterResolver      : Resolving eureka endpoints via configuration
2026-08-31T10:12:04.923+05:30  INFO 548 --- [FoodServiceApp] [restartedMain] com.netflix.discovery.DiscoveryClient    : Disable delta property : false
2026-08-31T10:12:04.924+05:30  INFO 548 --- [FoodServiceApp] [restartedMain] com.netflix.discovery.DiscoveryClient    : Single vip registry refresh property : null
2026-08-31T10:12:04.924+05:30  INFO 548 --- [FoodServiceApp] [restartedMain] com.netflix.discovery.DiscoveryClient    : Force full registry fetch : false
2026-08-31T10:12:04.924+05:30  INFO 548 --- [FoodServiceApp] [restartedMain] com.netflix.discovery.DiscoveryClient    : Application is null : false
2026-08-31T10:12:04.925+05:30  INFO 548 --- [FoodServiceApp] [restartedMain] com.netflix.discovery.DiscoveryClient    : Registered Applications size is zero : true
2026-08-31T10:12:04.925+05:30  INFO 548 --- [FoodServiceApp] [restartedMain] com.netflix.discovery.DiscoveryClient    : Application version is -1: true
2026-08-31T10:12:04.925+05:30  INFO 548 --- [FoodServiceApp] [restartedMain] com.netflix.discovery.DiscoveryClient    : Getting all instance registry info from the eureka server
2026-08-31T10:12:04.958+05:30  INFO 548 --- [FoodServiceApp] [restartedMain] com.netflix.discovery.DiscoveryClient    : The response status is 200
2026-08-31T10:12:04.960+05:30  INFO 548 --- [FoodServiceApp] [restartedMain] com.netflix.discovery.DiscoveryClient    : Starting heartbeat executor: renew interval is: 30
2026-08-31T10:12:04.962+05:30  INFO 548 --- [FoodServiceApp] [restartedMain] c.n.discovery.InstanceInfoReplicator     : InstanceInfoReplicator onDemand update allowed rate per min is 4
2026-08-31T10:12:04.963+05:30  INFO 548 --- [FoodServiceApp] [restartedMain] com.netflix.discovery.DiscoveryClient    : Discovery Client initialized at timestamp 1788151324963 with initial instances count: 1
2026-08-31T10:12:04.965+05:30  INFO 548 --- [FoodServiceApp] [restartedMain] o.s.c.n.e.s.EurekaServiceRegistry        : Registering application FOODSERVICEAPP with eureka with status UP
2026-08-31T10:12:04.966+05:30  INFO 548 --- [FoodServiceApp] [restartedMain] com.netflix.discovery.DiscoveryClient    : Saw local status change event StatusChangeEvent [timestamp=1788151324966, current=UP, previous=STARTING]
2026-08-31T10:12:04.967+05:30  INFO 548 --- [FoodServiceApp] [DiscoveryClient-InstanceInfoReplicator-%d] com.netflix.discovery.DiscoveryClient    : DiscoveryClient_FOODSERVICEAPP/LP-TZD-85010939.IN.COFORGETECH.COM:FoodServiceApp:9091: registering service...
2026-08-31T10:12:04.986+05:30  INFO 548 --- [FoodServiceApp] [restartedMain] o.s.boot.tomcat.TomcatWebServer          : Tomcat started on port 9091 (http) with context path '/'
2026-08-31T10:12:04.988+05:30  INFO 548 --- [FoodServiceApp] [restartedMain] .s.c.n.e.s.EurekaAutoServiceRegistration : Updating port to 9091
2026-08-31T10:12:04.995+05:30  INFO 548 --- [FoodServiceApp] [DiscoveryClient-InstanceInfoReplicator-%d] com.netflix.discovery.DiscoveryClient    : DiscoveryClient_FOODSERVICEAPP/LP-TZD-85010939.IN.COFORGETECH.COM:FoodServiceApp:9091 - registration status: 204
2026-08-31T10:12:05.007+05:30  INFO 548 --- [FoodServiceApp] [restartedMain] com.foodapp.FoodServiceApplication       : Started FoodServiceApplication in 1.694 seconds (process running for 3172.321)
2026-08-31T10:12:05.009+05:30  INFO 548 --- [FoodServiceApp] [restartedMain] .ConditionEvaluationDeltaLoggingListener : Condition evaluation unchanged
2026-08-31T10:12:35.665+05:30  INFO 548 --- [FoodServiceApp] [File Watcher] rtingClassPathChangeChangedEventListener : Restarting due to 1 class path change (0 additions, 0 deletions, 1 modification)
2026-08-31T10:12:35.667+05:30  INFO 548 --- [FoodServiceApp] [Thread-25] o.s.c.n.e.s.EurekaServiceRegistry        : Unregistering application FOODSERVICEAPP with eureka with status DOWN
2026-08-31T10:12:35.668+05:30  INFO 548 --- [FoodServiceApp] [Thread-25] com.netflix.discovery.DiscoveryClient    : Saw local status change event StatusChangeEvent [timestamp=1788151355668, current=DOWN, previous=UP]
2026-08-31T10:12:35.668+05:30  INFO 548 --- [FoodServiceApp] [DiscoveryClient-InstanceInfoReplicator-%d] com.netflix.discovery.DiscoveryClient    : DiscoveryClient_FOODSERVICEAPP/LP-TZD-85010939.IN.COFORGETECH.COM:FoodServiceApp:9091: registering service...
2026-08-31T10:12:35.669+05:30  INFO 548 --- [FoodServiceApp] [Thread-25] o.s.boot.tomcat.GracefulShutdown         : Commencing graceful shutdown. Waiting for active requests to complete
2026-08-31T10:12:35.679+05:30  INFO 548 --- [FoodServiceApp] [DiscoveryClient-InstanceInfoReplicator-%d] com.netflix.discovery.DiscoveryClient    : DiscoveryClient_FOODSERVICEAPP/LP-TZD-85010939.IN.COFORGETECH.COM:FoodServiceApp:9091 - registration status: 204
2026-08-31T10:12:35.685+05:30  INFO 548 --- [FoodServiceApp] [tomcat-shutdown] o.s.boot.tomcat.GracefulShutdown         : Graceful shutdown complete
2026-08-31T10:12:35.692+05:30  INFO 548 --- [FoodServiceApp] [Thread-25] j.LocalContainerEntityManagerFactoryBean : Closing JPA EntityManagerFactory for persistence unit 'default'
2026-08-31T10:12:35.694+05:30  INFO 548 --- [FoodServiceApp] [Thread-25] com.zaxxer.hikari.HikariDataSource       : HikariPool-5 - Shutdown initiated...
2026-08-31T10:12:35.704+05:30  INFO 548 --- [FoodServiceApp] [Thread-25] com.zaxxer.hikari.HikariDataSource       : HikariPool-5 - Shutdown completed.
2026-08-31T10:12:35.705+05:30  INFO 548 --- [FoodServiceApp] [Thread-25] com.netflix.discovery.DiscoveryClient    : Shutting down DiscoveryClient ...
2026-08-31T10:12:38.720+05:30  INFO 548 --- [FoodServiceApp] [Thread-25] com.netflix.discovery.DiscoveryClient    : Unregistering ...
2026-08-31T10:12:38.742+05:30  INFO 548 --- [FoodServiceApp] [Thread-25] com.netflix.discovery.DiscoveryClient    : DiscoveryClient_FOODSERVICEAPP/LP-TZD-85010939.IN.COFORGETECH.COM:FoodServiceApp:9091 - deregister  status: 200
2026-08-31T10:12:38.743+05:30  INFO 548 --- [FoodServiceApp] [Thread-25] com.netflix.discovery.DiscoveryClient    : Completed shut down of DiscoveryClient
2026-08-31T10:12:38.876+05:30  INFO 548 --- [FoodServiceApp] [restartedMain] com.foodapp.FoodServiceApplication       : Starting FoodServiceApplication using Java 21.0.2 with PID 548 (C:\Users\khushbu.1.sharma\eclipse-workspace\Project foodService Application\FoodServiceApp\target\classes started by KHUSHBU.1.SHARMA in C:\Users\khushbu.1.sharma\eclipse-workspace\Project foodService Application\FoodServiceApp)
2026-08-31T10:12:38.877+05:30  INFO 548 --- [FoodServiceApp] [restartedMain] com.foodapp.FoodServiceApplication       : No active profile set, falling back to 1 default profile: "default"
2026-08-31T10:12:39.166+05:30  INFO 548 --- [FoodServiceApp] [restartedMain] .s.d.r.c.RepositoryConfigurationDelegate : Bootstrapping Spring Data JPA repositories in DEFAULT mode.
2026-08-31T10:12:39.187+05:30  INFO 548 --- [FoodServiceApp] [restartedMain] .s.d.r.c.RepositoryConfigurationDelegate : Finished Spring Data repository scanning in 18 ms. Found 1 JPA repository interface.
2026-08-31T10:12:39.294+05:30  INFO 548 --- [FoodServiceApp] [restartedMain] o.s.cloud.context.scope.GenericScope     : BeanFactory id=8268633a-932c-38ab-9944-ad5fe5968cc9
2026-08-31T10:12:39.371+05:30  INFO 548 --- [FoodServiceApp] [restartedMain] o.s.boot.tomcat.TomcatWebServer          : Tomcat initialized with port 9091 (http)
2026-08-31T10:12:39.373+05:30  INFO 548 --- [FoodServiceApp] [restartedMain] o.apache.catalina.core.StandardService   : Starting service [Tomcat]
2026-08-31T10:12:39.374+05:30  INFO 548 --- [FoodServiceApp] [restartedMain] o.apache.catalina.core.StandardEngine    : Starting Servlet engine: [Apache Tomcat/11.0.22]
2026-08-31T10:12:39.453+05:30  INFO 548 --- [FoodServiceApp] [restartedMain] b.w.c.s.WebApplicationContextInitializer : Root WebApplicationContext: initialization completed in 574 ms
2026-08-31T10:12:39.495+05:30  INFO 548 --- [FoodServiceApp] [restartedMain] org.hibernate.orm.jpa                    : HHH008540: Processing PersistenceUnitInfo [name: default]
2026-08-31T10:12:39.531+05:30  INFO 548 --- [FoodServiceApp] [restartedMain] o.s.o.j.p.SpringPersistenceUnitInfo      : No LoadTimeWeaver setup: ignoring JPA class transformer
2026-08-31T10:12:39.533+05:30  INFO 548 --- [FoodServiceApp] [restartedMain] com.zaxxer.hikari.HikariDataSource       : HikariPool-6 - Starting...
2026-08-31T10:12:39.552+05:30  INFO 548 --- [FoodServiceApp] [restartedMain] com.zaxxer.hikari.pool.HikariPool        : HikariPool-6 - Added connection com.mysql.cj.jdbc.ConnectionImpl@76ee8907
2026-08-31T10:12:39.552+05:30  INFO 548 --- [FoodServiceApp] [restartedMain] com.zaxxer.hikari.HikariDataSource       : HikariPool-6 - Start completed.
2026-08-31T10:12:39.554+05:30  INFO 548 --- [FoodServiceApp] [restartedMain] org.hibernate.orm.connections.pooling    : HHH10001005: Database info:
	Database JDBC URL [jdbc:mysql://localhost:3306/cfg11]
	Database driver: MySQL Connector/J
	Database dialect: MySQLDialect
	Database version: 8.0.46
	Default catalog/schema: cfg11/undefined
	Autocommit mode: undefined/unknown
	Isolation level: REPEATABLE_READ [default REPEATABLE_READ]
	JDBC fetch size: none
	Pool: DataSourceConnectionProvider
	Minimum pool size: undefined/unknown
	Maximum pool size: undefined/unknown
2026-08-31T10:12:39.607+05:30  INFO 548 --- [FoodServiceApp] [restartedMain] org.hibernate.orm.core                   : HHH000489: No JTA platform available (set 'hibernate.transaction.jta.platform' to enable JTA platform integration)
2026-08-31T10:12:39.616+05:30  INFO 548 --- [FoodServiceApp] [restartedMain] j.LocalContainerEntityManagerFactoryBean : Initialized JPA EntityManagerFactory for persistence unit 'default'
2026-08-31T10:12:39.683+05:30  WARN 548 --- [FoodServiceApp] [restartedMain] JpaBaseConfiguration$JpaWebConfiguration : spring.jpa.open-in-view is enabled by default. Therefore, database queries may be performed during view rendering. Explicitly configure spring.jpa.open-in-view to disable this warning
2026-08-31T10:12:39.722+05:30  INFO 548 --- [FoodServiceApp] [restartedMain] o.s.c.openfeign.FeignClientFactoryBean   : For 'ORDER-SERVICE' URL not provided. Will try picking an instance via load-balancing.
2026-08-31T10:12:39.916+05:30  INFO 548 --- [FoodServiceApp] [restartedMain] DiscoveryClientOptionalArgsConfiguration : Eureka HTTP Client uses RestClient.
2026-08-31T10:12:39.927+05:30  WARN 548 --- [FoodServiceApp] [restartedMain] iguration$LoadBalancerCaffeineWarnLogger : Spring Cloud LoadBalancer is currently working with the default cache. While this cache implementation is useful for development and tests, it's recommended to use Caffeine cache in production.You can switch to using Caffeine cache, by adding it and org.springframework.cache.caffeine.CaffeineCacheManager to the classpath.
2026-08-31T10:12:39.942+05:30  INFO 548 --- [FoodServiceApp] [restartedMain] o.s.c.n.eureka.InstanceInfoFactory       : Setting initial instance status as: STARTING
2026-08-31T10:12:39.944+05:30  INFO 548 --- [FoodServiceApp] [restartedMain] com.netflix.discovery.DiscoveryClient    : Initializing Eureka in region us-east-1
2026-08-31T10:12:39.945+05:30  INFO 548 --- [FoodServiceApp] [restartedMain] c.n.d.s.r.aws.ConfigClusterResolver      : Resolving eureka endpoints via configuration
2026-08-31T10:12:39.945+05:30  INFO 548 --- [FoodServiceApp] [restartedMain] com.netflix.discovery.DiscoveryClient    : Disable delta property : false
2026-08-31T10:12:39.945+05:30  INFO 548 --- [FoodServiceApp] [restartedMain] com.netflix.discovery.DiscoveryClient    : Single vip registry refresh property : null
2026-08-31T10:12:39.945+05:30  INFO 548 --- [FoodServiceApp] [restartedMain] com.netflix.discovery.DiscoveryClient    : Force full registry fetch : false
2026-08-31T10:12:39.945+05:30  INFO 548 --- [FoodServiceApp] [restartedMain] com.netflix.discovery.DiscoveryClient    : Application is null : false
2026-08-31T10:12:39.945+05:30  INFO 548 --- [FoodServiceApp] [restartedMain] com.netflix.discovery.DiscoveryClient    : Registered Applications size is zero : true
2026-08-31T10:12:39.945+05:30  INFO 548 --- [FoodServiceApp] [restartedMain] com.netflix.discovery.DiscoveryClient    : Application version is -1: true
2026-08-31T10:12:39.945+05:30  INFO 548 --- [FoodServiceApp] [restartedMain] com.netflix.discovery.DiscoveryClient    : Getting all instance registry info from the eureka server
2026-08-31T10:12:39.961+05:30  INFO 548 --- [FoodServiceApp] [restartedMain] com.netflix.discovery.DiscoveryClient    : The response status is 200
2026-08-31T10:12:39.962+05:30  INFO 548 --- [FoodServiceApp] [restartedMain] com.netflix.discovery.DiscoveryClient    : Starting heartbeat executor: renew interval is: 30
2026-08-31T10:12:39.963+05:30  INFO 548 --- [FoodServiceApp] [restartedMain] c.n.discovery.InstanceInfoReplicator     : InstanceInfoReplicator onDemand update allowed rate per min is 4
2026-08-31T10:12:39.964+05:30  INFO 548 --- [FoodServiceApp] [restartedMain] com.netflix.discovery.DiscoveryClient    : Discovery Client initialized at timestamp 1788151359964 with initial instances count: 1
2026-08-31T10:12:39.965+05:30  INFO 548 --- [FoodServiceApp] [restartedMain] o.s.c.n.e.s.EurekaServiceRegistry        : Registering application FOODSERVICEAPP with eureka with status UP
2026-08-31T10:12:39.967+05:30  INFO 548 --- [FoodServiceApp] [restartedMain] com.netflix.discovery.DiscoveryClient    : Saw local status change event StatusChangeEvent [timestamp=1788151359967, current=UP, previous=STARTING]
2026-08-31T10:12:39.967+05:30  INFO 548 --- [FoodServiceApp] [DiscoveryClient-InstanceInfoReplicator-%d] com.netflix.discovery.DiscoveryClient    : DiscoveryClient_FOODSERVICEAPP/LP-TZD-85010939.IN.COFORGETECH.COM:FoodServiceApp:9091: registering service...
2026-08-31T10:12:39.980+05:30  INFO 548 --- [FoodServiceApp] [restartedMain] o.s.boot.tomcat.TomcatWebServer          : Tomcat started on port 9091 (http) with context path '/'
2026-08-31T10:12:39.981+05:30  INFO 548 --- [FoodServiceApp] [restartedMain] .s.c.n.e.s.EurekaAutoServiceRegistration : Updating port to 9091
2026-08-31T10:12:39.984+05:30  INFO 548 --- [FoodServiceApp] [DiscoveryClient-InstanceInfoReplicator-%d] com.netflix.discovery.DiscoveryClient    : DiscoveryClient_FOODSERVICEAPP/LP-TZD-85010939.IN.COFORGETECH.COM:FoodServiceApp:9091 - registration status: 204
2026-08-31T10:12:39.990+05:30  INFO 548 --- [FoodServiceApp] [restartedMain] com.foodapp.FoodServiceApplication       : Started FoodServiceApplication in 1.162 seconds (process running for 3207.305)
2026-08-31T10:12:39.992+05:30  INFO 548 --- [FoodServiceApp] [restartedMain] .ConditionEvaluationDeltaLoggingListener : Condition evaluation unchanged
2026-08-31T10:14:14.240+05:30  INFO 548 --- [FoodServiceApp] [File Watcher] rtingClassPathChangeChangedEventListener : Restarting due to 3 class path changes (0 additions, 0 deletions, 3 modifications)
2026-08-31T10:14:14.243+05:30  INFO 548 --- [FoodServiceApp] [Thread-31] o.s.c.n.e.s.EurekaServiceRegistry        : Unregistering application FOODSERVICEAPP with eureka with status DOWN
2026-08-31T10:14:14.243+05:30  INFO 548 --- [FoodServiceApp] [Thread-31] com.netflix.discovery.DiscoveryClient    : Saw local status change event StatusChangeEvent [timestamp=1788151454243, current=DOWN, previous=UP]
2026-08-31T10:14:14.244+05:30  INFO 548 --- [FoodServiceApp] [DiscoveryClient-InstanceInfoReplicator-%d] com.netflix.discovery.DiscoveryClient    : DiscoveryClient_FOODSERVICEAPP/LP-TZD-85010939.IN.COFORGETECH.COM:FoodServiceApp:9091: registering service...
2026-08-31T10:14:14.245+05:30  INFO 548 --- [FoodServiceApp] [Thread-31] o.s.boot.tomcat.GracefulShutdown         : Commencing graceful shutdown. Waiting for active requests to complete
2026-08-31T10:14:14.254+05:30  INFO 548 --- [FoodServiceApp] [tomcat-shutdown] o.s.boot.tomcat.GracefulShutdown         : Graceful shutdown complete
2026-08-31T10:14:14.257+05:30  INFO 548 --- [FoodServiceApp] [Thread-31] j.LocalContainerEntityManagerFactoryBean : Closing JPA EntityManagerFactory for persistence unit 'default'
2026-08-31T10:14:14.259+05:30  INFO 548 --- [FoodServiceApp] [DiscoveryClient-InstanceInfoReplicator-%d] com.netflix.discovery.DiscoveryClient    : DiscoveryClient_FOODSERVICEAPP/LP-TZD-85010939.IN.COFORGETECH.COM:FoodServiceApp:9091 - registration status: 204
2026-08-31T10:14:14.259+05:30  INFO 548 --- [FoodServiceApp] [Thread-31] com.zaxxer.hikari.HikariDataSource       : HikariPool-6 - Shutdown initiated...
2026-08-31T10:14:14.265+05:30  INFO 548 --- [FoodServiceApp] [Thread-31] com.zaxxer.hikari.HikariDataSource       : HikariPool-6 - Shutdown completed.
2026-08-31T10:14:14.267+05:30  INFO 548 --- [FoodServiceApp] [Thread-31] com.netflix.discovery.DiscoveryClient    : Shutting down DiscoveryClient ...
2026-08-31T10:14:17.273+05:30  INFO 548 --- [FoodServiceApp] [Thread-31] com.netflix.discovery.DiscoveryClient    : Unregistering ...
2026-08-31T10:14:17.292+05:30  INFO 548 --- [FoodServiceApp] [Thread-31] com.netflix.discovery.DiscoveryClient    : DiscoveryClient_FOODSERVICEAPP/LP-TZD-85010939.IN.COFORGETECH.COM:FoodServiceApp:9091 - deregister  status: 200
2026-08-31T10:14:17.292+05:30  INFO 548 --- [FoodServiceApp] [Thread-31] com.netflix.discovery.DiscoveryClient    : Completed shut down of DiscoveryClient
2026-08-31T10:14:17.443+05:30  INFO 548 --- [FoodServiceApp] [restartedMain] com.foodapp.FoodServiceApplication       : Starting FoodServiceApplication using Java 21.0.2 with PID 548 (C:\Users\khushbu.1.sharma\eclipse-workspace\Project foodService Application\FoodServiceApp\target\classes started by KHUSHBU.1.SHARMA in C:\Users\khushbu.1.sharma\eclipse-workspace\Project foodService Application\FoodServiceApp)
2026-08-31T10:14:17.443+05:30  INFO 548 --- [FoodServiceApp] [restartedMain] com.foodapp.FoodServiceApplication       : No active profile set, falling back to 1 default profile: "default"
2026-08-31T10:14:17.730+05:30  INFO 548 --- [FoodServiceApp] [restartedMain] .s.d.r.c.RepositoryConfigurationDelegate : Bootstrapping Spring Data JPA repositories in DEFAULT mode.
2026-08-31T10:14:17.752+05:30  INFO 548 --- [FoodServiceApp] [restartedMain] .s.d.r.c.RepositoryConfigurationDelegate : Finished Spring Data repository scanning in 20 ms. Found 1 JPA repository interface.
2026-08-31T10:14:17.844+05:30  INFO 548 --- [FoodServiceApp] [restartedMain] o.s.cloud.context.scope.GenericScope     : BeanFactory id=8268633a-932c-38ab-9944-ad5fe5968cc9
2026-08-31T10:14:17.922+05:30  INFO 548 --- [FoodServiceApp] [restartedMain] o.s.boot.tomcat.TomcatWebServer          : Tomcat initialized with port 9091 (http)
2026-08-31T10:14:17.923+05:30  INFO 548 --- [FoodServiceApp] [restartedMain] o.apache.catalina.core.StandardService   : Starting service [Tomcat]
2026-08-31T10:14:17.924+05:30  INFO 548 --- [FoodServiceApp] [restartedMain] o.apache.catalina.core.StandardEngine    : Starting Servlet engine: [Apache Tomcat/11.0.22]
2026-08-31T10:14:18.003+05:30  INFO 548 --- [FoodServiceApp] [restartedMain] b.w.c.s.WebApplicationContextInitializer : Root WebApplicationContext: initialization completed in 555 ms
2026-08-31T10:14:18.041+05:30  INFO 548 --- [FoodServiceApp] [restartedMain] org.hibernate.orm.jpa                    : HHH008540: Processing PersistenceUnitInfo [name: default]
2026-08-31T10:14:18.088+05:30  INFO 548 --- [FoodServiceApp] [restartedMain] o.s.o.j.p.SpringPersistenceUnitInfo      : No LoadTimeWeaver setup: ignoring JPA class transformer
2026-08-31T10:14:18.089+05:30  INFO 548 --- [FoodServiceApp] [restartedMain] com.zaxxer.hikari.HikariDataSource       : HikariPool-7 - Starting...
2026-08-31T10:14:18.105+05:30  INFO 548 --- [FoodServiceApp] [restartedMain] com.zaxxer.hikari.pool.HikariPool        : HikariPool-7 - Added connection com.mysql.cj.jdbc.ConnectionImpl@2362417f
2026-08-31T10:14:18.106+05:30  INFO 548 --- [FoodServiceApp] [restartedMain] com.zaxxer.hikari.HikariDataSource       : HikariPool-7 - Start completed.
2026-08-31T10:14:18.108+05:30  INFO 548 --- [FoodServiceApp] [restartedMain] org.hibernate.orm.connections.pooling    : HHH10001005: Database info:
	Database JDBC URL [jdbc:mysql://localhost:3306/cfg11]
	Database driver: MySQL Connector/J
	Database dialect: MySQLDialect
	Database version: 8.0.46
	Default catalog/schema: cfg11/undefined
	Autocommit mode: undefined/unknown
	Isolation level: REPEATABLE_READ [default REPEATABLE_READ]
	JDBC fetch size: none
	Pool: DataSourceConnectionProvider
	Minimum pool size: undefined/unknown
	Maximum pool size: undefined/unknown
2026-08-31T10:14:18.161+05:30  INFO 548 --- [FoodServiceApp] [restartedMain] org.hibernate.orm.core                   : HHH000489: No JTA platform available (set 'hibernate.transaction.jta.platform' to enable JTA platform integration)
2026-08-31T10:14:18.172+05:30  INFO 548 --- [FoodServiceApp] [restartedMain] j.LocalContainerEntityManagerFactoryBean : Initialized JPA EntityManagerFactory for persistence unit 'default'
2026-08-31T10:14:18.236+05:30  WARN 548 --- [FoodServiceApp] [restartedMain] JpaBaseConfiguration$JpaWebConfiguration : spring.jpa.open-in-view is enabled by default. Therefore, database queries may be performed during view rendering. Explicitly configure spring.jpa.open-in-view to disable this warning
2026-08-31T10:14:18.277+05:30  INFO 548 --- [FoodServiceApp] [restartedMain] o.s.c.openfeign.FeignClientFactoryBean   : For 'ORDER-SERVICE' URL not provided. Will try picking an instance via load-balancing.
2026-08-31T10:14:18.454+05:30  INFO 548 --- [FoodServiceApp] [restartedMain] DiscoveryClientOptionalArgsConfiguration : Eureka HTTP Client uses RestClient.
2026-08-31T10:14:18.464+05:30  WARN 548 --- [FoodServiceApp] [restartedMain] iguration$LoadBalancerCaffeineWarnLogger : Spring Cloud LoadBalancer is currently working with the default cache. While this cache implementation is useful for development and tests, it's recommended to use Caffeine cache in production.You can switch to using Caffeine cache, by adding it and org.springframework.cache.caffeine.CaffeineCacheManager to the classpath.
2026-08-31T10:14:18.476+05:30  INFO 548 --- [FoodServiceApp] [restartedMain] o.s.c.n.eureka.InstanceInfoFactory       : Setting initial instance status as: STARTING
2026-08-31T10:14:18.478+05:30  INFO 548 --- [FoodServiceApp] [restartedMain] com.netflix.discovery.DiscoveryClient    : Initializing Eureka in region us-east-1
2026-08-31T10:14:18.479+05:30  INFO 548 --- [FoodServiceApp] [restartedMain] c.n.d.s.r.aws.ConfigClusterResolver      : Resolving eureka endpoints via configuration
2026-08-31T10:14:18.479+05:30  INFO 548 --- [FoodServiceApp] [restartedMain] com.netflix.discovery.DiscoveryClient    : Disable delta property : false
2026-08-31T10:14:18.479+05:30  INFO 548 --- [FoodServiceApp] [restartedMain] com.netflix.discovery.DiscoveryClient    : Single vip registry refresh property : null
2026-08-31T10:14:18.479+05:30  INFO 548 --- [FoodServiceApp] [restartedMain] com.netflix.discovery.DiscoveryClient    : Force full registry fetch : false
2026-08-31T10:14:18.480+05:30  INFO 548 --- [FoodServiceApp] [restartedMain] com.netflix.discovery.DiscoveryClient    : Application is null : false
2026-08-31T10:14:18.480+05:30  INFO 548 --- [FoodServiceApp] [restartedMain] com.netflix.discovery.DiscoveryClient    : Registered Applications size is zero : true
2026-08-31T10:14:18.480+05:30  INFO 548 --- [FoodServiceApp] [restartedMain] com.netflix.discovery.DiscoveryClient    : Application version is -1: true
2026-08-31T10:14:18.480+05:30  INFO 548 --- [FoodServiceApp] [restartedMain] com.netflix.discovery.DiscoveryClient    : Getting all instance registry info from the eureka server
2026-08-31T10:14:18.502+05:30  INFO 548 --- [FoodServiceApp] [restartedMain] com.netflix.discovery.DiscoveryClient    : The response status is 200
2026-08-31T10:14:18.503+05:30  INFO 548 --- [FoodServiceApp] [restartedMain] com.netflix.discovery.DiscoveryClient    : Starting heartbeat executor: renew interval is: 30
2026-08-31T10:14:18.504+05:30  INFO 548 --- [FoodServiceApp] [restartedMain] c.n.discovery.InstanceInfoReplicator     : InstanceInfoReplicator onDemand update allowed rate per min is 4
2026-08-31T10:14:18.505+05:30  INFO 548 --- [FoodServiceApp] [restartedMain] com.netflix.discovery.DiscoveryClient    : Discovery Client initialized at timestamp 1788151458505 with initial instances count: 1
2026-08-31T10:14:18.506+05:30  INFO 548 --- [FoodServiceApp] [restartedMain] o.s.c.n.e.s.EurekaServiceRegistry        : Registering application FOODSERVICEAPP with eureka with status UP
2026-08-31T10:14:18.507+05:30  INFO 548 --- [FoodServiceApp] [restartedMain] com.netflix.discovery.DiscoveryClient    : Saw local status change event StatusChangeEvent [timestamp=1788151458507, current=UP, previous=STARTING]
2026-08-31T10:14:18.507+05:30  INFO 548 --- [FoodServiceApp] [DiscoveryClient-InstanceInfoReplicator-%d] com.netflix.discovery.DiscoveryClient    : DiscoveryClient_FOODSERVICEAPP/LP-TZD-85010939.IN.COFORGETECH.COM:FoodServiceApp:9091: registering service...
2026-08-31T10:14:18.517+05:30  INFO 548 --- [FoodServiceApp] [restartedMain] o.s.boot.tomcat.TomcatWebServer          : Tomcat started on port 9091 (http) with context path '/'
2026-08-31T10:14:18.518+05:30  INFO 548 --- [FoodServiceApp] [restartedMain] .s.c.n.e.s.EurekaAutoServiceRegistration : Updating port to 9091
2026-08-31T10:14:18.525+05:30  INFO 548 --- [FoodServiceApp] [DiscoveryClient-InstanceInfoReplicator-%d] com.netflix.discovery.DiscoveryClient    : DiscoveryClient_FOODSERVICEAPP/LP-TZD-85010939.IN.COFORGETECH.COM:FoodServiceApp:9091 - registration status: 204
2026-08-31T10:14:18.532+05:30  INFO 548 --- [FoodServiceApp] [restartedMain] com.foodapp.FoodServiceApplication       : Started FoodServiceApplication in 1.136 seconds (process running for 3305.847)
2026-08-31T10:14:18.535+05:30  INFO 548 --- [FoodServiceApp] [restartedMain] .ConditionEvaluationDeltaLoggingListener : Condition evaluation unchanged
2026-08-31T10:15:10.650+05:30  INFO 548 --- [FoodServiceApp] [http-nio-9091-exec-1] o.a.c.c.C.[Tomcat].[localhost].[/]       : Initializing Spring DispatcherServlet 'dispatcherServlet'
2026-08-31T10:15:10.650+05:30  INFO 548 --- [FoodServiceApp] [http-nio-9091-exec-1] o.s.web.servlet.DispatcherServlet        : Initializing Servlet 'dispatcherServlet'
2026-08-31T10:15:10.653+05:30  INFO 548 --- [FoodServiceApp] [http-nio-9091-exec-1] o.s.web.servlet.DispatcherServlet        : Completed initialization in 3 ms
2026-08-31T10:15:11.873+05:30  INFO 548 --- [FoodServiceApp] [http-nio-9091-exec-10] o.springdoc.api.AbstractOpenApiResource  : Init duration for springdoc-openapi is: 584 ms
2026-08-31T10:19:18.487+05:30  INFO 548 --- [FoodServiceApp] [AsyncResolver-bootstrap-executor-%d] c.n.d.s.r.aws.ConfigClusterResolver      : Resolving eureka endpoints via configuration
2026-08-31T10:24:18.502+05:30  INFO 548 --- [FoodServiceApp] [AsyncResolver-bootstrap-executor-%d] c.n.d.s.r.aws.ConfigClusterResolver      : Resolving eureka endpoints via configuration
2026-08-31T10:29:18.510+05:30  INFO 548 --- [FoodServiceApp] [AsyncResolver-bootstrap-executor-%d] c.n.d.s.r.aws.ConfigClusterResolver      : Resolving eureka endpoints via configuration
2026-08-31T10:34:18.515+05:30  INFO 548 --- [FoodServiceApp] [AsyncResolver-bootstrap-executor-%d] c.n.d.s.r.aws.ConfigClusterResolver      : Resolving eureka endpoints via configuration
2026-08-31T10:39:18.517+05:30  INFO 548 --- [FoodServiceApp] [AsyncResolver-bootstrap-executor-%d] c.n.d.s.r.aws.ConfigClusterResolver      : Resolving eureka endpoints via configuration
2026-08-31T10:44:18.522+05:30  INFO 548 --- [FoodServiceApp] [AsyncResolver-bootstrap-executor-%d] c.n.d.s.r.aws.ConfigClusterResolver      : Resolving eureka endpoints via configuration
2026-08-31T10:49:18.538+05:30  INFO 548 --- [FoodServiceApp] [AsyncResolver-bootstrap-executor-%d] c.n.d.s.r.aws.ConfigClusterResolver      : Resolving eureka endpoints via configuration
2026-08-31T12:51:20.897+05:30  INFO 24520 --- [FoodServiceApp] [restartedMain] com.foodapp.FoodServiceApplication       : Starting FoodServiceApplication using Java 21.0.2 with PID 24520 (C:\Users\khushbu.1.sharma\eclipse-workspace\Project foodService Application\FoodServiceApp\target\classes started by KHUSHBU.1.SHARMA in C:\Users\khushbu.1.sharma\eclipse-workspace\Project foodService Application\FoodServiceApp)
2026-08-31T12:51:20.903+05:30  INFO 24520 --- [FoodServiceApp] [restartedMain] com.foodapp.FoodServiceApplication       : No active profile set, falling back to 1 default profile: "default"
2026-08-31T12:51:21.003+05:30  INFO 24520 --- [FoodServiceApp] [restartedMain] .e.DevToolsPropertyDefaultsPostProcessor : Devtools property defaults active! Set 'spring.devtools.add-properties' to 'false' to disable
2026-08-31T12:51:21.005+05:30  INFO 24520 --- [FoodServiceApp] [restartedMain] .e.DevToolsPropertyDefaultsPostProcessor : For additional web related logging consider setting the 'logging.level.web' property to 'DEBUG'
2026-08-31T12:51:22.511+05:30  INFO 24520 --- [FoodServiceApp] [restartedMain] .s.d.r.c.RepositoryConfigurationDelegate : Bootstrapping Spring Data JPA repositories in DEFAULT mode.
2026-08-31T12:51:22.744+05:30  INFO 24520 --- [FoodServiceApp] [restartedMain] .s.d.r.c.RepositoryConfigurationDelegate : Finished Spring Data repository scanning in 214 ms. Found 1 JPA repository interface.
2026-08-31T12:51:23.185+05:30  INFO 24520 --- [FoodServiceApp] [restartedMain] o.s.cloud.context.scope.GenericScope     : BeanFactory id=8268633a-932c-38ab-9944-ad5fe5968cc9
2026-08-31T12:51:24.150+05:30  INFO 24520 --- [FoodServiceApp] [restartedMain] o.s.boot.tomcat.TomcatWebServer          : Tomcat initialized with port 9091 (http)
2026-08-31T12:51:24.177+05:30  INFO 24520 --- [FoodServiceApp] [restartedMain] o.apache.catalina.core.StandardService   : Starting service [Tomcat]
2026-08-31T12:51:24.179+05:30  INFO 24520 --- [FoodServiceApp] [restartedMain] o.apache.catalina.core.StandardEngine    : Starting Servlet engine: [Apache Tomcat/11.0.22]
2026-08-31T12:51:24.293+05:30  INFO 24520 --- [FoodServiceApp] [restartedMain] b.w.c.s.WebApplicationContextInitializer : Root WebApplicationContext: initialization completed in 3287 ms
2026-08-31T12:51:24.608+05:30  INFO 24520 --- [FoodServiceApp] [restartedMain] org.hibernate.orm.jpa                    : HHH008540: Processing PersistenceUnitInfo [name: default]
2026-08-31T12:51:24.729+05:30  INFO 24520 --- [FoodServiceApp] [restartedMain] org.hibernate.orm.core                   : HHH000001: Hibernate ORM core version 7.4.1.Final
2026-08-31T12:51:25.400+05:30  INFO 24520 --- [FoodServiceApp] [restartedMain] o.s.o.j.p.SpringPersistenceUnitInfo      : No LoadTimeWeaver setup: ignoring JPA class transformer
2026-08-31T12:51:25.447+05:30  INFO 24520 --- [FoodServiceApp] [restartedMain] com.zaxxer.hikari.HikariDataSource       : HikariPool-1 - Starting...
2026-08-31T12:51:25.802+05:30  INFO 24520 --- [FoodServiceApp] [restartedMain] com.zaxxer.hikari.pool.HikariPool        : HikariPool-1 - Added connection com.mysql.cj.jdbc.ConnectionImpl@290d6cf7
2026-08-31T12:51:25.805+05:30  INFO 24520 --- [FoodServiceApp] [restartedMain] com.zaxxer.hikari.HikariDataSource       : HikariPool-1 - Start completed.
2026-08-31T12:51:25.946+05:30  INFO 24520 --- [FoodServiceApp] [restartedMain] org.hibernate.orm.connections.pooling    : HHH10001005: Database info:
	Database JDBC URL [jdbc:mysql://localhost:3306/cfg11]
	Database driver: MySQL Connector/J
	Database dialect: MySQLDialect
	Database version: 8.0.46
	Default catalog/schema: cfg11/undefined
	Autocommit mode: undefined/unknown
	Isolation level: REPEATABLE_READ [default REPEATABLE_READ]
	JDBC fetch size: none
	Pool: DataSourceConnectionProvider
	Minimum pool size: undefined/unknown
	Maximum pool size: undefined/unknown
2026-08-31T12:51:27.153+05:30  INFO 24520 --- [FoodServiceApp] [restartedMain] org.hibernate.orm.core                   : HHH000489: No JTA platform available (set 'hibernate.transaction.jta.platform' to enable JTA platform integration)
2026-08-31T12:51:27.224+05:30  INFO 24520 --- [FoodServiceApp] [restartedMain] j.LocalContainerEntityManagerFactoryBean : Initialized JPA EntityManagerFactory for persistence unit 'default'
2026-08-31T12:51:27.491+05:30  WARN 24520 --- [FoodServiceApp] [restartedMain] JpaBaseConfiguration$JpaWebConfiguration : spring.jpa.open-in-view is enabled by default. Therefore, database queries may be performed during view rendering. Explicitly configure spring.jpa.open-in-view to disable this warning
2026-08-31T12:51:27.667+05:30  INFO 24520 --- [FoodServiceApp] [restartedMain] o.s.c.openfeign.FeignClientFactoryBean   : For 'ORDER-SERVICE' URL not provided. Will try picking an instance via load-balancing.
2026-08-31T12:51:27.796+05:30  INFO 24520 --- [FoodServiceApp] [restartedMain] o.s.d.j.r.query.QueryEnhancerFactories   : Hibernate is in classpath; If applicable, HQL parser will be used.
2026-08-31T12:51:28.989+05:30  INFO 24520 --- [FoodServiceApp] [restartedMain] DiscoveryClientOptionalArgsConfiguration : Eureka HTTP Client uses RestClient.
2026-08-31T12:51:29.044+05:30  WARN 24520 --- [FoodServiceApp] [restartedMain] iguration$LoadBalancerCaffeineWarnLogger : Spring Cloud LoadBalancer is currently working with the default cache. While this cache implementation is useful for development and tests, it's recommended to use Caffeine cache in production.You can switch to using Caffeine cache, by adding it and org.springframework.cache.caffeine.CaffeineCacheManager to the classpath.
2026-08-31T12:51:29.099+05:30  INFO 24520 --- [FoodServiceApp] [restartedMain] o.s.c.n.eureka.InstanceInfoFactory       : Setting initial instance status as: STARTING
2026-08-31T12:51:29.148+05:30  INFO 24520 --- [FoodServiceApp] [restartedMain] com.netflix.discovery.DiscoveryClient    : Initializing Eureka in region us-east-1
2026-08-31T12:51:29.155+05:30  INFO 24520 --- [FoodServiceApp] [restartedMain] c.n.d.s.r.aws.ConfigClusterResolver      : Resolving eureka endpoints via configuration
2026-08-31T12:51:29.180+05:30  INFO 24520 --- [FoodServiceApp] [restartedMain] com.netflix.discovery.DiscoveryClient    : Disable delta property : false
2026-08-31T12:51:29.181+05:30  INFO 24520 --- [FoodServiceApp] [restartedMain] com.netflix.discovery.DiscoveryClient    : Single vip registry refresh property : null
2026-08-31T12:51:29.181+05:30  INFO 24520 --- [FoodServiceApp] [restartedMain] com.netflix.discovery.DiscoveryClient    : Force full registry fetch : false
2026-08-31T12:51:29.181+05:30  INFO 24520 --- [FoodServiceApp] [restartedMain] com.netflix.discovery.DiscoveryClient    : Application is null : false
2026-08-31T12:51:29.182+05:30  INFO 24520 --- [FoodServiceApp] [restartedMain] com.netflix.discovery.DiscoveryClient    : Registered Applications size is zero : true
2026-08-31T12:51:29.182+05:30  INFO 24520 --- [FoodServiceApp] [restartedMain] com.netflix.discovery.DiscoveryClient    : Application version is -1: true
2026-08-31T12:51:29.182+05:30  INFO 24520 --- [FoodServiceApp] [restartedMain] com.netflix.discovery.DiscoveryClient    : Getting all instance registry info from the eureka server
2026-08-31T12:51:29.806+05:30  INFO 24520 --- [FoodServiceApp] [restartedMain] com.netflix.discovery.DiscoveryClient    : The response status is 200
2026-08-31T12:51:29.808+05:30  INFO 24520 --- [FoodServiceApp] [restartedMain] com.netflix.discovery.DiscoveryClient    : Starting heartbeat executor: renew interval is: 30
2026-08-31T12:51:29.811+05:30  INFO 24520 --- [FoodServiceApp] [restartedMain] c.n.discovery.InstanceInfoReplicator     : InstanceInfoReplicator onDemand update allowed rate per min is 4
2026-08-31T12:51:29.814+05:30  INFO 24520 --- [FoodServiceApp] [restartedMain] com.netflix.discovery.DiscoveryClient    : Discovery Client initialized at timestamp 1788160889813 with initial instances count: 2
2026-08-31T12:51:29.819+05:30  INFO 24520 --- [FoodServiceApp] [restartedMain] o.s.c.n.e.s.EurekaServiceRegistry        : Registering application FOODSERVICEAPP with eureka with status UP
2026-08-31T12:51:29.819+05:30  INFO 24520 --- [FoodServiceApp] [restartedMain] com.netflix.discovery.DiscoveryClient    : Saw local status change event StatusChangeEvent [timestamp=1788160889819, current=UP, previous=STARTING]
2026-08-31T12:51:29.821+05:30  INFO 24520 --- [FoodServiceApp] [DiscoveryClient-InstanceInfoReplicator-%d] com.netflix.discovery.DiscoveryClient    : DiscoveryClient_FOODSERVICEAPP/LP-TZD-85010939.IN.COFORGETECH.COM:FoodServiceApp:9091: registering service...
2026-08-31T12:51:29.865+05:30  INFO 24520 --- [FoodServiceApp] [restartedMain] o.s.boot.tomcat.TomcatWebServer          : Tomcat started on port 9091 (http) with context path '/'
2026-08-31T12:51:29.867+05:30  INFO 24520 --- [FoodServiceApp] [restartedMain] .s.c.n.e.s.EurekaAutoServiceRegistration : Updating port to 9091
2026-08-31T12:51:29.890+05:30  INFO 24520 --- [FoodServiceApp] [DiscoveryClient-InstanceInfoReplicator-%d] com.netflix.discovery.DiscoveryClient    : DiscoveryClient_FOODSERVICEAPP/LP-TZD-85010939.IN.COFORGETECH.COM:FoodServiceApp:9091 - registration status: 204
2026-08-31T12:51:29.919+05:30  INFO 24520 --- [FoodServiceApp] [restartedMain] com.foodapp.FoodServiceApplication       : Started FoodServiceApplication in 9.826 seconds (process running for 11.277)
2026-08-31T12:52:06.975+05:30  INFO 24520 --- [FoodServiceApp] [http-nio-9091-exec-1] o.a.c.c.C.[Tomcat].[localhost].[/]       : Initializing Spring DispatcherServlet 'dispatcherServlet'
2026-08-31T12:52:06.976+05:30  INFO 24520 --- [FoodServiceApp] [http-nio-9091-exec-1] o.s.web.servlet.DispatcherServlet        : Initializing Servlet 'dispatcherServlet'
2026-08-31T12:52:06.980+05:30  INFO 24520 --- [FoodServiceApp] [http-nio-9091-exec-1] o.s.web.servlet.DispatcherServlet        : Completed initialization in 4 ms
2026-08-31T12:52:08.182+05:30  INFO 24520 --- [FoodServiceApp] [http-nio-9091-exec-9] o.springdoc.api.AbstractOpenApiResource  : Init duration for springdoc-openapi is: 717 ms
2026-08-31T12:52:24.624+05:30  INFO 24520 --- [FoodServiceApp] [http-nio-9091-exec-10] com.foodapp.controller.UserController    : Status API Called for Request Id{}
2026-08-31T12:52:49.651+05:30  INFO 24520 --- [FoodServiceApp] [http-nio-9091-exec-1] com.foodapp.controller.UserController    : Status API Called for All updateUsers
2026-08-31T12:52:49.780+05:30 ERROR 24520 --- [FoodServiceApp] [http-nio-9091-exec-1] o.a.c.c.C.[.[.[/].[dispatcherServlet]    : Servlet.service() for servlet [dispatcherServlet] in context with path [] threw exception [Request processing failed: org.springframework.transaction.TransactionSystemException: Could not commit JPA transaction] with root cause

jakarta.validation.ConstraintViolationException: Validation failed for classes [com.foodapp.entity.User] during update time for groups [jakarta.validation.groups.Default, ]
List of constraint violations:[
	ConstraintViolationImpl{interpolatedMessage='Invalid email format', propertyPath=email, rootBeanClass=class com.foodapp.entity.User, messageTemplate='Invalid email format'}
]
	at org.hibernate.boot.beanvalidation.BeanValidationEventListener.validate(BeanValidationEventListener.java:137) ~[hibernate-core-7.4.1.Final.jar:7.4.1.Final]
	at org.hibernate.boot.beanvalidation.BeanValidationEventListener.onPreUpdate(BeanValidationEventListener.java:85) ~[hibernate-core-7.4.1.Final.jar:7.4.1.Final]
	at org.hibernate.action.internal.EntityUpdateAction.preUpdate(EntityUpdateAction.java:365) ~[hibernate-core-7.4.1.Final.jar:7.4.1.Final]
	at org.hibernate.action.internal.EntityUpdateAction.execute(EntityUpdateAction.java:145) ~[hibernate-core-7.4.1.Final.jar:7.4.1.Final]
	at org.hibernate.engine.spi.ActionQueue.executeActions(ActionQueue.java:634) ~[hibernate-core-7.4.1.Final.jar:7.4.1.Final]
	at org.hibernate.engine.spi.ActionQueue.executeActions(ActionQueue.java:505) ~[hibernate-core-7.4.1.Final.jar:7.4.1.Final]
	at org.hibernate.event.internal.AbstractFlushingEventListener.performExecutions(AbstractFlushingEventListener.java:381) ~[hibernate-core-7.4.1.Final.jar:7.4.1.Final]
	at org.hibernate.event.internal.DefaultFlushEventListener.onFlush(DefaultFlushEventListener.java:40) ~[hibernate-core-7.4.1.Final.jar:7.4.1.Final]
	at org.hibernate.event.service.internal.EventListenerGroupImpl.fireEventOnEachListener(EventListenerGroupImpl.java:138) ~[hibernate-core-7.4.1.Final.jar:7.4.1.Final]
	at org.hibernate.internal.SessionImpl.fireFlush(SessionImpl.java:1458) ~[hibernate-core-7.4.1.Final.jar:7.4.1.Final]
	at org.hibernate.internal.SessionImpl.managedFlush(SessionImpl.java:484) ~[hibernate-core-7.4.1.Final.jar:7.4.1.Final]
	at org.hibernate.internal.SessionImpl.flushBeforeTransactionCompletion(SessionImpl.java:2086) ~[hibernate-core-7.4.1.Final.jar:7.4.1.Final]
	at org.hibernate.internal.SessionImpl.beforeTransactionCompletion(SessionImpl.java:2007) ~[hibernate-core-7.4.1.Final.jar:7.4.1.Final]
	at org.hibernate.engine.jdbc.internal.JdbcCoordinatorImpl.beforeTransactionCompletion(JdbcCoordinatorImpl.java:426) ~[hibernate-core-7.4.1.Final.jar:7.4.1.Final]
	at org.hibernate.resource.transaction.backend.jdbc.internal.JdbcResourceLocalTransactionCoordinatorImpl.beforeCompletionCallback(JdbcResourceLocalTransactionCoordinatorImpl.java:167) ~[hibernate-core-7.4.1.Final.jar:7.4.1.Final]
	at org.hibernate.resource.transaction.backend.jdbc.internal.JdbcResourceLocalTransactionCoordinatorImpl$TransactionDriverControlImpl.commitNoRollbackOnly(JdbcResourceLocalTransactionCoordinatorImpl.java:252) ~[hibernate-core-7.4.1.Final.jar:7.4.1.Final]
	at org.hibernate.resource.transaction.backend.jdbc.internal.JdbcResourceLocalTransactionCoordinatorImpl$TransactionDriverControlImpl.commit(JdbcResourceLocalTransactionCoordinatorImpl.java:242) ~[hibernate-core-7.4.1.Final.jar:7.4.1.Final]
	at org.hibernate.engine.transaction.internal.TransactionImpl.commit(TransactionImpl.java:89) ~[hibernate-core-7.4.1.Final.jar:7.4.1.Final]
	at org.springframework.orm.jpa.JpaTransactionManager.doCommit(JpaTransactionManager.java:552) ~[spring-orm-7.0.8.jar:7.0.8]
	at org.springframework.transaction.support.AbstractPlatformTransactionManager.processCommit(AbstractPlatformTransactionManager.java:794) ~[spring-tx-7.0.8.jar:7.0.8]
	at org.springframework.transaction.support.AbstractPlatformTransactionManager.commit(AbstractPlatformTransactionManager.java:757) ~[spring-tx-7.0.8.jar:7.0.8]
	at org.springframework.transaction.interceptor.TransactionAspectSupport.commitTransactionAfterReturning(TransactionAspectSupport.java:687) ~[spring-tx-7.0.8.jar:7.0.8]
	at org.springframework.transaction.interceptor.TransactionAspectSupport.invokeWithinTransaction(TransactionAspectSupport.java:408) ~[spring-tx-7.0.8.jar:7.0.8]
	at org.springframework.transaction.interceptor.TransactionInterceptor.invoke(TransactionInterceptor.java:130) ~[spring-tx-7.0.8.jar:7.0.8]
	at org.springframework.aop.framework.ReflectiveMethodInvocation.proceed(ReflectiveMethodInvocation.java:179) ~[spring-aop-7.0.8.jar:7.0.8]
	at org.springframework.dao.support.PersistenceExceptionTranslationInterceptor.invoke(PersistenceExceptionTranslationInterceptor.java:135) ~[spring-tx-7.0.8.jar:7.0.8]
	at org.springframework.aop.framework.ReflectiveMethodInvocation.proceed(ReflectiveMethodInvocation.java:179) ~[spring-aop-7.0.8.jar:7.0.8]
	at org.springframework.data.jpa.repository.support.CrudMethodMetadataPostProcessor$CrudMethodMetadataPopulatingMethodInterceptor.invoke(CrudMethodMetadataPostProcessor.java:166) ~[spring-data-jpa-4.1.0.jar:4.1.0]
	at org.springframework.aop.framework.ReflectiveMethodInvocation.proceed(ReflectiveMethodInvocation.java:179) ~[spring-aop-7.0.8.jar:7.0.8]
	at org.springframework.aop.framework.JdkDynamicAopProxy.invoke(JdkDynamicAopProxy.java:222) ~[spring-aop-7.0.8.jar:7.0.8]
	at jdk.proxy4/jdk.proxy4.$Proxy166.save(Unknown Source) ~[na:na]
	at com.foodapp.service.UserServiceImpl.updateUser(UserServiceImpl.java:52) ~[classes/:na]
	at com.foodapp.controller.UserController.updateUser(UserController.java:65) ~[classes/:na]
	at java.base/jdk.internal.reflect.DirectMethodHandleAccessor.invoke(DirectMethodHandleAccessor.java:103) ~[na:na]
	at java.base/java.lang.reflect.Method.invoke(Method.java:580) ~[na:na]
	at org.springframework.aop.support.AopUtils.invokeJoinpointUsingReflection(AopUtils.java:359) ~[spring-aop-7.0.8.jar:7.0.8]
	at org.springframework.aop.framework.CglibAopProxy$DynamicAdvisedInterceptor.intercept(CglibAopProxy.java:715) ~[spring-aop-7.0.8.jar:7.0.8]
	at com.foodapp.controller.UserController$$SpringCGLIB$$0.updateUser(<generated>) ~[classes/:na]
	at java.base/jdk.internal.reflect.DirectMethodHandleAccessor.invoke(DirectMethodHandleAccessor.java:103) ~[na:na]
	at java.base/java.lang.reflect.Method.invoke(Method.java:580) ~[na:na]
	at org.springframework.web.method.support.InvocableHandlerMethod.doInvoke(InvocableHandlerMethod.java:252) ~[spring-web-7.0.8.jar:7.0.8]
	at org.springframework.web.method.support.InvocableHandlerMethod.invokeForRequest(InvocableHandlerMethod.java:184) ~[spring-web-7.0.8.jar:7.0.8]
	at org.springframework.web.servlet.mvc.method.annotation.ServletInvocableHandlerMethod.invokeAndHandle(ServletInvocableHandlerMethod.java:117) ~[spring-webmvc-7.0.8.jar:7.0.8]
	at org.springframework.web.servlet.mvc.method.annotation.RequestMappingHandlerAdapter.invokeHandlerMethod(RequestMappingHandlerAdapter.java:934) ~[spring-webmvc-7.0.8.jar:7.0.8]
	at org.springframework.web.servlet.mvc.method.annotation.RequestMappingHandlerAdapter.handleInternal(RequestMappingHandlerAdapter.java:853) ~[spring-webmvc-7.0.8.jar:7.0.8]
	at org.springframework.web.servlet.mvc.method.AbstractHandlerMethodAdapter.handle(AbstractHandlerMethodAdapter.java:86) ~[spring-webmvc-7.0.8.jar:7.0.8]
	at org.springframework.web.servlet.DispatcherServlet.doDispatch(DispatcherServlet.java:963) ~[spring-webmvc-7.0.8.jar:7.0.8]
	at org.springframework.web.servlet.DispatcherServlet.doService(DispatcherServlet.java:866) ~[spring-webmvc-7.0.8.jar:7.0.8]
	at org.springframework.web.servlet.FrameworkServlet.processRequest(FrameworkServlet.java:1000) ~[spring-webmvc-7.0.8.jar:7.0.8]
	at org.springframework.web.servlet.FrameworkServlet.doPut(FrameworkServlet.java:914) ~[spring-webmvc-7.0.8.jar:7.0.8]
	at jakarta.servlet.http.HttpServlet.service(HttpServlet.java:650) ~[tomcat-embed-core-11.0.22.jar:6.1]
	at org.springframework.web.servlet.FrameworkServlet.service(FrameworkServlet.java:874) ~[spring-webmvc-7.0.8.jar:7.0.8]
	at jakarta.servlet.http.HttpServlet.service(HttpServlet.java:710) ~[tomcat-embed-core-11.0.22.jar:6.1]
	at org.apache.catalina.core.ApplicationFilterChain.doFilter(ApplicationFilterChain.java:128) ~[tomcat-embed-core-11.0.22.jar:11.0.22]
	at org.apache.tomcat.websocket.server.WsFilter.doFilter(WsFilter.java:53) ~[tomcat-embed-websocket-11.0.22.jar:11.0.22]
	at org.apache.catalina.core.ApplicationFilterChain.doFilter(ApplicationFilterChain.java:107) ~[tomcat-embed-core-11.0.22.jar:11.0.22]
	at org.springframework.web.filter.RequestContextFilter.doFilterInternal(RequestContextFilter.java:100) ~[spring-web-7.0.8.jar:7.0.8]
	at org.springframework.web.filter.OncePerRequestFilter.doFilter(OncePerRequestFilter.java:116) ~[spring-web-7.0.8.jar:7.0.8]
	at org.apache.catalina.core.ApplicationFilterChain.doFilter(ApplicationFilterChain.java:107) ~[tomcat-embed-core-11.0.22.jar:11.0.22]
	at org.springframework.web.filter.FormContentFilter.doFilterInternal(FormContentFilter.java:93) ~[spring-web-7.0.8.jar:7.0.8]
	at org.springframework.web.filter.OncePerRequestFilter.doFilter(OncePerRequestFilter.java:116) ~[spring-web-7.0.8.jar:7.0.8]
	at org.apache.catalina.core.ApplicationFilterChain.doFilter(ApplicationFilterChain.java:107) ~[tomcat-embed-core-11.0.22.jar:11.0.22]
	at org.springframework.web.filter.CharacterEncodingFilter.doFilterInternal(CharacterEncodingFilter.java:199) ~[spring-web-7.0.8.jar:7.0.8]
	at org.springframework.web.filter.OncePerRequestFilter.doFilter(OncePerRequestFilter.java:116) ~[spring-web-7.0.8.jar:7.0.8]
	at org.apache.catalina.core.ApplicationFilterChain.doFilter(ApplicationFilterChain.java:107) ~[tomcat-embed-core-11.0.22.jar:11.0.22]
	at org.apache.catalina.core.StandardWrapperValve.invoke(StandardWrapperValve.java:165) ~[tomcat-embed-core-11.0.22.jar:11.0.22]
	at org.apache.catalina.core.StandardContextValve.invoke(StandardContextValve.java:77) ~[tomcat-embed-core-11.0.22.jar:11.0.22]
	at org.apache.catalina.authenticator.AuthenticatorBase.invoke(AuthenticatorBase.java:492) ~[tomcat-embed-core-11.0.22.jar:11.0.22]
	at org.apache.catalina.core.StandardHostValve.invoke(StandardHostValve.java:113) ~[tomcat-embed-core-11.0.22.jar:11.0.22]
	at org.apache.catalina.valves.ErrorReportValve.invoke(ErrorReportValve.java:83) ~[tomcat-embed-core-11.0.22.jar:11.0.22]
	at org.apache.catalina.core.StandardEngineValve.invoke(StandardEngineValve.java:72) ~[tomcat-embed-core-11.0.22.jar:11.0.22]
	at org.apache.catalina.connector.CoyoteAdapter.service(CoyoteAdapter.java:341) ~[tomcat-embed-core-11.0.22.jar:11.0.22]
	at org.apache.coyote.http11.Http11Processor.service(Http11Processor.java:397) ~[tomcat-embed-core-11.0.22.jar:11.0.22]
	at org.apache.coyote.AbstractProcessorLight.process(AbstractProcessorLight.java:63) ~[tomcat-embed-core-11.0.22.jar:11.0.22]
	at org.apache.coyote.AbstractProtocol$ConnectionHandler.process(AbstractProtocol.java:1272) ~[tomcat-embed-core-11.0.22.jar:11.0.22]
	at org.apache.tomcat.util.net.NioEndpoint$SocketProcessor.doRun(NioEndpoint.java:1801) ~[tomcat-embed-core-11.0.22.jar:11.0.22]
	at org.apache.tomcat.util.net.SocketProcessorBase.run(SocketProcessorBase.java:52) ~[tomcat-embed-core-11.0.22.jar:11.0.22]
	at org.apache.tomcat.util.threads.ThreadPoolExecutor.runWorker(ThreadPoolExecutor.java:946) ~[tomcat-embed-core-11.0.22.jar:11.0.22]
	at org.apache.tomcat.util.threads.ThreadPoolExecutor$Worker.run(ThreadPoolExecutor.java:480) ~[tomcat-embed-core-11.0.22.jar:11.0.22]
	at org.apache.tomcat.util.threads.TaskThread$WrappingRunnable.run(TaskThread.java:57) ~[tomcat-embed-core-11.0.22.jar:11.0.22]
	at java.base/java.lang.Thread.run(Thread.java:1583) ~[na:na]

2026-08-31T12:53:17.587+05:30  INFO 24520 --- [FoodServiceApp] [http-nio-9091-exec-4] com.foodapp.controller.UserController    : Delete user with id
2026-08-31T12:55:27.609+05:30  WARN 24520 --- [FoodServiceApp] [http-nio-9091-exec-7] .w.s.m.s.DefaultHandlerExceptionResolver : Resolved [org.springframework.web.bind.MissingPathVariableException: Required URI template variable 'phonenumber' for method parameter type String is not present]
2026-08-31T12:55:45.721+05:30  WARN 24520 --- [FoodServiceApp] [http-nio-9091-exec-9] .w.s.m.s.DefaultHandlerExceptionResolver : Resolved [org.springframework.web.bind.MissingPathVariableException: Required URI template variable 'phonenumber' for method parameter type String is not present]
2026-08-31T12:55:46.702+05:30  WARN 24520 --- [FoodServiceApp] [http-nio-9091-exec-10] .w.s.m.s.DefaultHandlerExceptionResolver : Resolved [org.springframework.web.bind.MissingPathVariableException: Required URI template variable 'phonenumber' for method parameter type String is not present]
2026-08-31T12:56:06.917+05:30  INFO 24520 --- [FoodServiceApp] [http-nio-9091-exec-1] com.foodapp.controller.UserController    : Status API Called for UserbyName
2026-08-31T12:56:29.194+05:30  INFO 24520 --- [FoodServiceApp] [AsyncResolver-bootstrap-executor-%d] c.n.d.s.r.aws.ConfigClusterResolver      : Resolving eureka endpoints via configuration
2026-08-31T12:56:29.798+05:30  INFO 24520 --- [FoodServiceApp] [http-nio-9091-exec-6] com.foodapp.controller.UserController    : Status API Called for UserbyEmail
2026-08-31T12:56:56.900+05:30  INFO 24520 --- [FoodServiceApp] [http-nio-9091-exec-2] com.foodapp.controller.UserController    : Status API Called for getAllOrders Of Users
2026-08-31T12:56:57.164+05:30  WARN 24520 --- [FoodServiceApp] [http-nio-9091-exec-2] o.s.c.l.core.RoundRobinLoadBalancer      : No servers available for service: ORDER-SERVICE
2026-08-31T12:56:57.181+05:30  WARN 24520 --- [FoodServiceApp] [http-nio-9091-exec-2] .s.c.o.l.FeignBlockingLoadBalancerClient : Load balancer does not contain an instance for the service ORDER-SERVICE
2026-08-31T12:56:57.196+05:30 ERROR 24520 --- [FoodServiceApp] [http-nio-9091-exec-2] o.a.c.c.C.[.[.[/].[dispatcherServlet]    : Servlet.service() for servlet [dispatcherServlet] in context with path [] threw exception [Request processing failed: feign.FeignException$ServiceUnavailable: [503] during [GET] to [http://ORDER-SERVICE/foodapp/user/allOrders] [OrderClient#getAllOrders()]: [Load balancer does not contain an instance for the service ORDER-SERVICE]] with root cause

feign.FeignException$ServiceUnavailable: [503] during [GET] to [http://ORDER-SERVICE/foodapp/user/allOrders] [OrderClient#getAllOrders()]: [Load balancer does not contain an instance for the service ORDER-SERVICE]
	at feign.FeignException.serverErrorStatus(FeignException.java:287) ~[feign-core-13.6.1.jar:na]
	at feign.FeignException.errorStatus(FeignException.java:226) ~[feign-core-13.6.1.jar:na]
	at feign.FeignException.errorStatus(FeignException.java:213) ~[feign-core-13.6.1.jar:na]
	at feign.codec.ErrorDecoder$Default.decode(ErrorDecoder.java:103) ~[feign-core-13.6.1.jar:na]
	at feign.InvocationContext.decodeError(InvocationContext.java:133) ~[feign-core-13.6.1.jar:na]
	at feign.InvocationContext.proceed(InvocationContext.java:80) ~[feign-core-13.6.1.jar:na]
	at feign.ResponseHandler.handleResponse(ResponseHandler.java:69) ~[feign-core-13.6.1.jar:na]
	at feign.SynchronousMethodHandler.executeAndDecode(SynchronousMethodHandler.java:109) ~[feign-core-13.6.1.jar:na]
	at feign.SynchronousMethodHandler.invoke(SynchronousMethodHandler.java:53) ~[feign-core-13.6.1.jar:na]
	at feign.ReflectiveFeign$FeignInvocationHandler.invoke(ReflectiveFeign.java:104) ~[feign-core-13.6.1.jar:na]
	at jdk.proxy4/jdk.proxy4.$Proxy161.getAllOrders(Unknown Source) ~[na:na]
	at com.foodapp.service.UserServiceImpl.getAllOrders(UserServiceImpl.java:89) ~[classes/:na]
	at com.foodapp.controller.UserController.getAllOrders(UserController.java:101) ~[classes/:na]
	at java.base/jdk.internal.reflect.DirectMethodHandleAccessor.invoke(DirectMethodHandleAccessor.java:103) ~[na:na]
	at java.base/java.lang.reflect.Method.invoke(Method.java:580) ~[na:na]
	at org.springframework.aop.support.AopUtils.invokeJoinpointUsingReflection(AopUtils.java:359) ~[spring-aop-7.0.8.jar:7.0.8]
	at org.springframework.aop.framework.CglibAopProxy$DynamicAdvisedInterceptor.intercept(CglibAopProxy.java:715) ~[spring-aop-7.0.8.jar:7.0.8]
	at com.foodapp.controller.UserController$$SpringCGLIB$$0.getAllOrders(<generated>) ~[classes/:na]
	at java.base/jdk.internal.reflect.DirectMethodHandleAccessor.invoke(DirectMethodHandleAccessor.java:103) ~[na:na]
	at java.base/java.lang.reflect.Method.invoke(Method.java:580) ~[na:na]
	at org.springframework.web.method.support.InvocableHandlerMethod.doInvoke(InvocableHandlerMethod.java:252) ~[spring-web-7.0.8.jar:7.0.8]
	at org.springframework.web.method.support.InvocableHandlerMethod.invokeForRequest(InvocableHandlerMethod.java:184) ~[spring-web-7.0.8.jar:7.0.8]
	at org.springframework.web.servlet.mvc.method.annotation.ServletInvocableHandlerMethod.invokeAndHandle(ServletInvocableHandlerMethod.java:117) ~[spring-webmvc-7.0.8.jar:7.0.8]
	at org.springframework.web.servlet.mvc.method.annotation.RequestMappingHandlerAdapter.invokeHandlerMethod(RequestMappingHandlerAdapter.java:934) ~[spring-webmvc-7.0.8.jar:7.0.8]
	at org.springframework.web.servlet.mvc.method.annotation.RequestMappingHandlerAdapter.handleInternal(RequestMappingHandlerAdapter.java:853) ~[spring-webmvc-7.0.8.jar:7.0.8]
	at org.springframework.web.servlet.mvc.method.AbstractHandlerMethodAdapter.handle(AbstractHandlerMethodAdapter.java:86) ~[spring-webmvc-7.0.8.jar:7.0.8]
	at org.springframework.web.servlet.DispatcherServlet.doDispatch(DispatcherServlet.java:963) ~[spring-webmvc-7.0.8.jar:7.0.8]
	at org.springframework.web.servlet.DispatcherServlet.doService(DispatcherServlet.java:866) ~[spring-webmvc-7.0.8.jar:7.0.8]
	at org.springframework.web.servlet.FrameworkServlet.processRequest(FrameworkServlet.java:1000) ~[spring-webmvc-7.0.8.jar:7.0.8]
	at org.springframework.web.servlet.FrameworkServlet.doGet(FrameworkServlet.java:892) ~[spring-webmvc-7.0.8.jar:7.0.8]
	at jakarta.servlet.http.HttpServlet.service(HttpServlet.java:622) ~[tomcat-embed-core-11.0.22.jar:6.1]
	at org.springframework.web.servlet.FrameworkServlet.service(FrameworkServlet.java:874) ~[spring-webmvc-7.0.8.jar:7.0.8]
	at jakarta.servlet.http.HttpServlet.service(HttpServlet.java:710) ~[tomcat-embed-core-11.0.22.jar:6.1]
	at org.apache.catalina.core.ApplicationFilterChain.doFilter(ApplicationFilterChain.java:128) ~[tomcat-embed-core-11.0.22.jar:11.0.22]
	at org.apache.tomcat.websocket.server.WsFilter.doFilter(WsFilter.java:53) ~[tomcat-embed-websocket-11.0.22.jar:11.0.22]
	at org.apache.catalina.core.ApplicationFilterChain.doFilter(ApplicationFilterChain.java:107) ~[tomcat-embed-core-11.0.22.jar:11.0.22]
	at org.springframework.web.filter.RequestContextFilter.doFilterInternal(RequestContextFilter.java:100) ~[spring-web-7.0.8.jar:7.0.8]
	at org.springframework.web.filter.OncePerRequestFilter.doFilter(OncePerRequestFilter.java:116) ~[spring-web-7.0.8.jar:7.0.8]
	at org.apache.catalina.core.ApplicationFilterChain.doFilter(ApplicationFilterChain.java:107) ~[tomcat-embed-core-11.0.22.jar:11.0.22]
	at org.springframework.web.filter.FormContentFilter.doFilterInternal(FormContentFilter.java:93) ~[spring-web-7.0.8.jar:7.0.8]
	at org.springframework.web.filter.OncePerRequestFilter.doFilter(OncePerRequestFilter.java:116) ~[spring-web-7.0.8.jar:7.0.8]
	at org.apache.catalina.core.ApplicationFilterChain.doFilter(ApplicationFilterChain.java:107) ~[tomcat-embed-core-11.0.22.jar:11.0.22]
	at org.springframework.web.filter.CharacterEncodingFilter.doFilterInternal(CharacterEncodingFilter.java:199) ~[spring-web-7.0.8.jar:7.0.8]
	at org.springframework.web.filter.OncePerRequestFilter.doFilter(OncePerRequestFilter.java:116) ~[spring-web-7.0.8.jar:7.0.8]
	at org.apache.catalina.core.ApplicationFilterChain.doFilter(ApplicationFilterChain.java:107) ~[tomcat-embed-core-11.0.22.jar:11.0.22]
	at org.apache.catalina.core.StandardWrapperValve.invoke(StandardWrapperValve.java:165) ~[tomcat-embed-core-11.0.22.jar:11.0.22]
	at org.apache.catalina.core.StandardContextValve.invoke(StandardContextValve.java:77) ~[tomcat-embed-core-11.0.22.jar:11.0.22]
	at org.apache.catalina.authenticator.AuthenticatorBase.invoke(AuthenticatorBase.java:492) ~[tomcat-embed-core-11.0.22.jar:11.0.22]
	at org.apache.catalina.core.StandardHostValve.invoke(StandardHostValve.java:113) ~[tomcat-embed-core-11.0.22.jar:11.0.22]
	at org.apache.catalina.valves.ErrorReportValve.invoke(ErrorReportValve.java:83) ~[tomcat-embed-core-11.0.22.jar:11.0.22]
	at org.apache.catalina.core.StandardEngineValve.invoke(StandardEngineValve.java:72) ~[tomcat-embed-core-11.0.22.jar:11.0.22]
	at org.apache.catalina.connector.CoyoteAdapter.service(CoyoteAdapter.java:341) ~[tomcat-embed-core-11.0.22.jar:11.0.22]
	at org.apache.coyote.http11.Http11Processor.service(Http11Processor.java:397) ~[tomcat-embed-core-11.0.22.jar:11.0.22]
	at org.apache.coyote.AbstractProcessorLight.process(AbstractProcessorLight.java:63) ~[tomcat-embed-core-11.0.22.jar:11.0.22]
	at org.apache.coyote.AbstractProtocol$ConnectionHandler.process(AbstractProtocol.java:1272) ~[tomcat-embed-core-11.0.22.jar:11.0.22]
	at org.apache.tomcat.util.net.NioEndpoint$SocketProcessor.doRun(NioEndpoint.java:1801) ~[tomcat-embed-core-11.0.22.jar:11.0.22]
	at org.apache.tomcat.util.net.SocketProcessorBase.run(SocketProcessorBase.java:52) ~[tomcat-embed-core-11.0.22.jar:11.0.22]
	at org.apache.tomcat.util.threads.ThreadPoolExecutor.runWorker(ThreadPoolExecutor.java:946) ~[tomcat-embed-core-11.0.22.jar:11.0.22]
	at org.apache.tomcat.util.threads.ThreadPoolExecutor$Worker.run(ThreadPoolExecutor.java:480) ~[tomcat-embed-core-11.0.22.jar:11.0.22]
	at org.apache.tomcat.util.threads.TaskThread$WrappingRunnable.run(TaskThread.java:57) ~[tomcat-embed-core-11.0.22.jar:11.0.22]
	at java.base/java.lang.Thread.run(Thread.java:1583) ~[na:na]

2026-08-31T12:58:52.487+05:30  INFO 24520 --- [FoodServiceApp] [http-nio-9091-exec-5] com.foodapp.controller.UserController    : Status API Called for All updateUsers
2026-08-31T12:58:52.504+05:30 ERROR 24520 --- [FoodServiceApp] [http-nio-9091-exec-5] o.a.c.c.C.[.[.[/].[dispatcherServlet]    : Servlet.service() for servlet [dispatcherServlet] in context with path [] threw exception [Request processing failed: org.springframework.transaction.TransactionSystemException: Could not commit JPA transaction] with root cause

jakarta.validation.ConstraintViolationException: Validation failed for classes [com.foodapp.entity.User] during update time for groups [jakarta.validation.groups.Default, ]
List of constraint violations:[
	ConstraintViolationImpl{interpolatedMessage='Invalid email format', propertyPath=email, rootBeanClass=class com.foodapp.entity.User, messageTemplate='Invalid email format'}
]
	at org.hibernate.boot.beanvalidation.BeanValidationEventListener.validate(BeanValidationEventListener.java:137) ~[hibernate-core-7.4.1.Final.jar:7.4.1.Final]
	at org.hibernate.boot.beanvalidation.BeanValidationEventListener.onPreUpdate(BeanValidationEventListener.java:85) ~[hibernate-core-7.4.1.Final.jar:7.4.1.Final]
	at org.hibernate.action.internal.EntityUpdateAction.preUpdate(EntityUpdateAction.java:365) ~[hibernate-core-7.4.1.Final.jar:7.4.1.Final]
	at org.hibernate.action.internal.EntityUpdateAction.execute(EntityUpdateAction.java:145) ~[hibernate-core-7.4.1.Final.jar:7.4.1.Final]
	at org.hibernate.engine.spi.ActionQueue.executeActions(ActionQueue.java:634) ~[hibernate-core-7.4.1.Final.jar:7.4.1.Final]
	at org.hibernate.engine.spi.ActionQueue.executeActions(ActionQueue.java:505) ~[hibernate-core-7.4.1.Final.jar:7.4.1.Final]
	at org.hibernate.event.internal.AbstractFlushingEventListener.performExecutions(AbstractFlushingEventListener.java:381) ~[hibernate-core-7.4.1.Final.jar:7.4.1.Final]
	at org.hibernate.event.internal.DefaultFlushEventListener.onFlush(DefaultFlushEventListener.java:40) ~[hibernate-core-7.4.1.Final.jar:7.4.1.Final]
	at org.hibernate.event.service.internal.EventListenerGroupImpl.fireEventOnEachListener(EventListenerGroupImpl.java:138) ~[hibernate-core-7.4.1.Final.jar:7.4.1.Final]
	at org.hibernate.internal.SessionImpl.fireFlush(SessionImpl.java:1458) ~[hibernate-core-7.4.1.Final.jar:7.4.1.Final]
	at org.hibernate.internal.SessionImpl.managedFlush(SessionImpl.java:484) ~[hibernate-core-7.4.1.Final.jar:7.4.1.Final]
	at org.hibernate.internal.SessionImpl.flushBeforeTransactionCompletion(SessionImpl.java:2086) ~[hibernate-core-7.4.1.Final.jar:7.4.1.Final]
	at org.hibernate.internal.SessionImpl.beforeTransactionCompletion(SessionImpl.java:2007) ~[hibernate-core-7.4.1.Final.jar:7.4.1.Final]
	at org.hibernate.engine.jdbc.internal.JdbcCoordinatorImpl.beforeTransactionCompletion(JdbcCoordinatorImpl.java:426) ~[hibernate-core-7.4.1.Final.jar:7.4.1.Final]
	at org.hibernate.resource.transaction.backend.jdbc.internal.JdbcResourceLocalTransactionCoordinatorImpl.beforeCompletionCallback(JdbcResourceLocalTransactionCoordinatorImpl.java:167) ~[hibernate-core-7.4.1.Final.jar:7.4.1.Final]
	at org.hibernate.resource.transaction.backend.jdbc.internal.JdbcResourceLocalTransactionCoordinatorImpl$TransactionDriverControlImpl.commitNoRollbackOnly(JdbcResourceLocalTransactionCoordinatorImpl.java:252) ~[hibernate-core-7.4.1.Final.jar:7.4.1.Final]
	at org.hibernate.resource.transaction.backend.jdbc.internal.JdbcResourceLocalTransactionCoordinatorImpl$TransactionDriverControlImpl.commit(JdbcResourceLocalTransactionCoordinatorImpl.java:242) ~[hibernate-core-7.4.1.Final.jar:7.4.1.Final]
	at org.hibernate.engine.transaction.internal.TransactionImpl.commit(TransactionImpl.java:89) ~[hibernate-core-7.4.1.Final.jar:7.4.1.Final]
	at org.springframework.orm.jpa.JpaTransactionManager.doCommit(JpaTransactionManager.java:552) ~[spring-orm-7.0.8.jar:7.0.8]
	at org.springframework.transaction.support.AbstractPlatformTransactionManager.processCommit(AbstractPlatformTransactionManager.java:794) ~[spring-tx-7.0.8.jar:7.0.8]
	at org.springframework.transaction.support.AbstractPlatformTransactionManager.commit(AbstractPlatformTransactionManager.java:757) ~[spring-tx-7.0.8.jar:7.0.8]
	at org.springframework.transaction.interceptor.TransactionAspectSupport.commitTransactionAfterReturning(TransactionAspectSupport.java:687) ~[spring-tx-7.0.8.jar:7.0.8]
	at org.springframework.transaction.interceptor.TransactionAspectSupport.invokeWithinTransaction(TransactionAspectSupport.java:408) ~[spring-tx-7.0.8.jar:7.0.8]
	at org.springframework.transaction.interceptor.TransactionInterceptor.invoke(TransactionInterceptor.java:130) ~[spring-tx-7.0.8.jar:7.0.8]
	at org.springframework.aop.framework.ReflectiveMethodInvocation.proceed(ReflectiveMethodInvocation.java:179) ~[spring-aop-7.0.8.jar:7.0.8]
	at org.springframework.dao.support.PersistenceExceptionTranslationInterceptor.invoke(PersistenceExceptionTranslationInterceptor.java:135) ~[spring-tx-7.0.8.jar:7.0.8]
	at org.springframework.aop.framework.ReflectiveMethodInvocation.proceed(ReflectiveMethodInvocation.java:179) ~[spring-aop-7.0.8.jar:7.0.8]
	at org.springframework.data.jpa.repository.support.CrudMethodMetadataPostProcessor$CrudMethodMetadataPopulatingMethodInterceptor.invoke(CrudMethodMetadataPostProcessor.java:166) ~[spring-data-jpa-4.1.0.jar:4.1.0]
	at org.springframework.aop.framework.ReflectiveMethodInvocation.proceed(ReflectiveMethodInvocation.java:179) ~[spring-aop-7.0.8.jar:7.0.8]
	at org.springframework.aop.framework.JdkDynamicAopProxy.invoke(JdkDynamicAopProxy.java:222) ~[spring-aop-7.0.8.jar:7.0.8]
	at jdk.proxy4/jdk.proxy4.$Proxy166.save(Unknown Source) ~[na:na]
	at com.foodapp.service.UserServiceImpl.updateUser(UserServiceImpl.java:52) ~[classes/:na]
	at com.foodapp.controller.UserController.updateUser(UserController.java:65) ~[classes/:na]
	at java.base/jdk.internal.reflect.DirectMethodHandleAccessor.invoke(DirectMethodHandleAccessor.java:103) ~[na:na]
	at java.base/java.lang.reflect.Method.invoke(Method.java:580) ~[na:na]
	at org.springframework.aop.support.AopUtils.invokeJoinpointUsingReflection(AopUtils.java:359) ~[spring-aop-7.0.8.jar:7.0.8]
	at org.springframework.aop.framework.CglibAopProxy$DynamicAdvisedInterceptor.intercept(CglibAopProxy.java:715) ~[spring-aop-7.0.8.jar:7.0.8]
	at com.foodapp.controller.UserController$$SpringCGLIB$$0.updateUser(<generated>) ~[classes/:na]
	at java.base/jdk.internal.reflect.DirectMethodHandleAccessor.invoke(DirectMethodHandleAccessor.java:103) ~[na:na]
	at java.base/java.lang.reflect.Method.invoke(Method.java:580) ~[na:na]
	at org.springframework.web.method.support.InvocableHandlerMethod.doInvoke(InvocableHandlerMethod.java:252) ~[spring-web-7.0.8.jar:7.0.8]
	at org.springframework.web.method.support.InvocableHandlerMethod.invokeForRequest(InvocableHandlerMethod.java:184) ~[spring-web-7.0.8.jar:7.0.8]
	at org.springframework.web.servlet.mvc.method.annotation.ServletInvocableHandlerMethod.invokeAndHandle(ServletInvocableHandlerMethod.java:117) ~[spring-webmvc-7.0.8.jar:7.0.8]
	at org.springframework.web.servlet.mvc.method.annotation.RequestMappingHandlerAdapter.invokeHandlerMethod(RequestMappingHandlerAdapter.java:934) ~[spring-webmvc-7.0.8.jar:7.0.8]
	at org.springframework.web.servlet.mvc.method.annotation.RequestMappingHandlerAdapter.handleInternal(RequestMappingHandlerAdapter.java:853) ~[spring-webmvc-7.0.8.jar:7.0.8]
	at org.springframework.web.servlet.mvc.method.AbstractHandlerMethodAdapter.handle(AbstractHandlerMethodAdapter.java:86) ~[spring-webmvc-7.0.8.jar:7.0.8]
	at org.springframework.web.servlet.DispatcherServlet.doDispatch(DispatcherServlet.java:963) ~[spring-webmvc-7.0.8.jar:7.0.8]
	at org.springframework.web.servlet.DispatcherServlet.doService(DispatcherServlet.java:866) ~[spring-webmvc-7.0.8.jar:7.0.8]
	at org.springframework.web.servlet.FrameworkServlet.processRequest(FrameworkServlet.java:1000) ~[spring-webmvc-7.0.8.jar:7.0.8]
	at org.springframework.web.servlet.FrameworkServlet.doPut(FrameworkServlet.java:914) ~[spring-webmvc-7.0.8.jar:7.0.8]
	at jakarta.servlet.http.HttpServlet.service(HttpServlet.java:650) ~[tomcat-embed-core-11.0.22.jar:6.1]
	at org.springframework.web.servlet.FrameworkServlet.service(FrameworkServlet.java:874) ~[spring-webmvc-7.0.8.jar:7.0.8]
	at jakarta.servlet.http.HttpServlet.service(HttpServlet.java:710) ~[tomcat-embed-core-11.0.22.jar:6.1]
	at org.apache.catalina.core.ApplicationFilterChain.doFilter(ApplicationFilterChain.java:128) ~[tomcat-embed-core-11.0.22.jar:11.0.22]
	at org.apache.tomcat.websocket.server.WsFilter.doFilter(WsFilter.java:53) ~[tomcat-embed-websocket-11.0.22.jar:11.0.22]
	at org.apache.catalina.core.ApplicationFilterChain.doFilter(ApplicationFilterChain.java:107) ~[tomcat-embed-core-11.0.22.jar:11.0.22]
	at org.springframework.web.filter.RequestContextFilter.doFilterInternal(RequestContextFilter.java:100) ~[spring-web-7.0.8.jar:7.0.8]
	at org.springframework.web.filter.OncePerRequestFilter.doFilter(OncePerRequestFilter.java:116) ~[spring-web-7.0.8.jar:7.0.8]
	at org.apache.catalina.core.ApplicationFilterChain.doFilter(ApplicationFilterChain.java:107) ~[tomcat-embed-core-11.0.22.jar:11.0.22]
	at org.springframework.web.filter.FormContentFilter.doFilterInternal(FormContentFilter.java:93) ~[spring-web-7.0.8.jar:7.0.8]
	at org.springframework.web.filter.OncePerRequestFilter.doFilter(OncePerRequestFilter.java:116) ~[spring-web-7.0.8.jar:7.0.8]
	at org.apache.catalina.core.ApplicationFilterChain.doFilter(ApplicationFilterChain.java:107) ~[tomcat-embed-core-11.0.22.jar:11.0.22]
	at org.springframework.web.filter.CharacterEncodingFilter.doFilterInternal(CharacterEncodingFilter.java:199) ~[spring-web-7.0.8.jar:7.0.8]
	at org.springframework.web.filter.OncePerRequestFilter.doFilter(OncePerRequestFilter.java:116) ~[spring-web-7.0.8.jar:7.0.8]
	at org.apache.catalina.core.ApplicationFilterChain.doFilter(ApplicationFilterChain.java:107) ~[tomcat-embed-core-11.0.22.jar:11.0.22]
	at org.apache.catalina.core.StandardWrapperValve.invoke(StandardWrapperValve.java:165) ~[tomcat-embed-core-11.0.22.jar:11.0.22]
	at org.apache.catalina.core.StandardContextValve.invoke(StandardContextValve.java:77) ~[tomcat-embed-core-11.0.22.jar:11.0.22]
	at org.apache.catalina.authenticator.AuthenticatorBase.invoke(AuthenticatorBase.java:492) ~[tomcat-embed-core-11.0.22.jar:11.0.22]
	at org.apache.catalina.core.StandardHostValve.invoke(StandardHostValve.java:113) ~[tomcat-embed-core-11.0.22.jar:11.0.22]
	at org.apache.catalina.valves.ErrorReportValve.invoke(ErrorReportValve.java:83) ~[tomcat-embed-core-11.0.22.jar:11.0.22]
	at org.apache.catalina.core.StandardEngineValve.invoke(StandardEngineValve.java:72) ~[tomcat-embed-core-11.0.22.jar:11.0.22]
	at org.apache.catalina.connector.CoyoteAdapter.service(CoyoteAdapter.java:341) ~[tomcat-embed-core-11.0.22.jar:11.0.22]
	at org.apache.coyote.http11.Http11Processor.service(Http11Processor.java:397) ~[tomcat-embed-core-11.0.22.jar:11.0.22]
	at org.apache.coyote.AbstractProcessorLight.process(AbstractProcessorLight.java:63) ~[tomcat-embed-core-11.0.22.jar:11.0.22]
	at org.apache.coyote.AbstractProtocol$ConnectionHandler.process(AbstractProtocol.java:1272) ~[tomcat-embed-core-11.0.22.jar:11.0.22]
	at org.apache.tomcat.util.net.NioEndpoint$SocketProcessor.doRun(NioEndpoint.java:1801) ~[tomcat-embed-core-11.0.22.jar:11.0.22]
	at org.apache.tomcat.util.net.SocketProcessorBase.run(SocketProcessorBase.java:52) ~[tomcat-embed-core-11.0.22.jar:11.0.22]
	at org.apache.tomcat.util.threads.ThreadPoolExecutor.runWorker(ThreadPoolExecutor.java:946) ~[tomcat-embed-core-11.0.22.jar:11.0.22]
	at org.apache.tomcat.util.threads.ThreadPoolExecutor$Worker.run(ThreadPoolExecutor.java:480) ~[tomcat-embed-core-11.0.22.jar:11.0.22]
	at org.apache.tomcat.util.threads.TaskThread$WrappingRunnable.run(TaskThread.java:57) ~[tomcat-embed-core-11.0.22.jar:11.0.22]
	at java.base/java.lang.Thread.run(Thread.java:1583) ~[na:na]

2026-08-31T13:01:29.201+05:30  INFO 24520 --- [FoodServiceApp] [AsyncResolver-bootstrap-executor-%d] c.n.d.s.r.aws.ConfigClusterResolver      : Resolving eureka endpoints via configuration
2026-08-31T13:06:29.212+05:30  INFO 24520 --- [FoodServiceApp] [AsyncResolver-bootstrap-executor-%d] c.n.d.s.r.aws.ConfigClusterResolver      : Resolving eureka endpoints via configuration
2026-08-31T13:33:13.570+05:30  WARN 24520 --- [FoodServiceApp] [HikariPool-1:housekeeper] com.zaxxer.hikari.pool.HikariPool        : HikariPool-1 - Thread starvation or clock leap detected (housekeeper delta=24m17s329ms323µs800ns).
2026-08-31T13:35:38.647+05:30  INFO 24520 --- [FoodServiceApp] [AsyncResolver-bootstrap-executor-%d] c.n.d.s.r.aws.ConfigClusterResolver      : Resolving eureka endpoints via configuration
2026-08-31T13:40:38.659+05:30  INFO 24520 --- [FoodServiceApp] [AsyncResolver-bootstrap-executor-%d] c.n.d.s.r.aws.ConfigClusterResolver      : Resolving eureka endpoints via configuration
2026-08-31T13:42:45.352+05:30  INFO 29520 --- [FoodServiceApp] [restartedMain] com.foodapp.FoodServiceApplication       : Starting FoodServiceApplication using Java 21.0.2 with PID 29520 (C:\Users\khushbu.1.sharma\eclipse-workspace\Project foodService Application\FoodServiceApp\target\classes started by KHUSHBU.1.SHARMA in C:\Users\khushbu.1.sharma\eclipse-workspace\Project foodService Application\FoodServiceApp)
2026-08-31T13:42:45.358+05:30  INFO 29520 --- [FoodServiceApp] [restartedMain] com.foodapp.FoodServiceApplication       : No active profile set, falling back to 1 default profile: "default"
2026-08-31T13:42:45.448+05:30  INFO 29520 --- [FoodServiceApp] [restartedMain] .e.DevToolsPropertyDefaultsPostProcessor : Devtools property defaults active! Set 'spring.devtools.add-properties' to 'false' to disable
2026-08-31T13:42:45.449+05:30  INFO 29520 --- [FoodServiceApp] [restartedMain] .e.DevToolsPropertyDefaultsPostProcessor : For additional web related logging consider setting the 'logging.level.web' property to 'DEBUG'
2026-08-31T13:42:47.082+05:30  INFO 29520 --- [FoodServiceApp] [restartedMain] .s.d.r.c.RepositoryConfigurationDelegate : Bootstrapping Spring Data JPA repositories in DEFAULT mode.
2026-08-31T13:42:47.255+05:30  INFO 29520 --- [FoodServiceApp] [restartedMain] .s.d.r.c.RepositoryConfigurationDelegate : Finished Spring Data repository scanning in 160 ms. Found 1 JPA repository interface.
2026-08-31T13:42:47.569+05:30  INFO 29520 --- [FoodServiceApp] [restartedMain] o.s.cloud.context.scope.GenericScope     : BeanFactory id=8268633a-932c-38ab-9944-ad5fe5968cc9
2026-08-31T13:42:48.317+05:30  INFO 29520 --- [FoodServiceApp] [restartedMain] o.s.boot.tomcat.TomcatWebServer          : Tomcat initialized with port 9091 (http)
2026-08-31T13:42:48.334+05:30  INFO 29520 --- [FoodServiceApp] [restartedMain] o.apache.catalina.core.StandardService   : Starting service [Tomcat]
2026-08-31T13:42:48.335+05:30  INFO 29520 --- [FoodServiceApp] [restartedMain] o.apache.catalina.core.StandardEngine    : Starting Servlet engine: [Apache Tomcat/11.0.22]
2026-08-31T13:42:48.445+05:30  INFO 29520 --- [FoodServiceApp] [restartedMain] b.w.c.s.WebApplicationContextInitializer : Root WebApplicationContext: initialization completed in 2995 ms
2026-08-31T13:42:48.748+05:30  INFO 29520 --- [FoodServiceApp] [restartedMain] org.hibernate.orm.jpa                    : HHH008540: Processing PersistenceUnitInfo [name: default]
2026-08-31T13:42:48.860+05:30  INFO 29520 --- [FoodServiceApp] [restartedMain] org.hibernate.orm.core                   : HHH000001: Hibernate ORM core version 7.4.1.Final
2026-08-31T13:42:49.561+05:30  INFO 29520 --- [FoodServiceApp] [restartedMain] o.s.o.j.p.SpringPersistenceUnitInfo      : No LoadTimeWeaver setup: ignoring JPA class transformer
2026-08-31T13:42:49.596+05:30  INFO 29520 --- [FoodServiceApp] [restartedMain] com.zaxxer.hikari.HikariDataSource       : HikariPool-1 - Starting...
2026-08-31T13:42:49.992+05:30  INFO 29520 --- [FoodServiceApp] [restartedMain] com.zaxxer.hikari.pool.HikariPool        : HikariPool-1 - Added connection com.mysql.cj.jdbc.ConnectionImpl@245f168f
2026-08-31T13:42:49.994+05:30  INFO 29520 --- [FoodServiceApp] [restartedMain] com.zaxxer.hikari.HikariDataSource       : HikariPool-1 - Start completed.
2026-08-31T13:42:50.143+05:30  INFO 29520 --- [FoodServiceApp] [restartedMain] org.hibernate.orm.connections.pooling    : HHH10001005: Database info:
	Database JDBC URL [jdbc:mysql://localhost:3306/cfg11]
	Database driver: MySQL Connector/J
	Database dialect: MySQLDialect
	Database version: 8.0.46
	Default catalog/schema: cfg11/undefined
	Autocommit mode: undefined/unknown
	Isolation level: REPEATABLE_READ [default REPEATABLE_READ]
	JDBC fetch size: none
	Pool: DataSourceConnectionProvider
	Minimum pool size: undefined/unknown
	Maximum pool size: undefined/unknown
2026-08-31T13:42:51.232+05:30  INFO 29520 --- [FoodServiceApp] [restartedMain] org.hibernate.orm.core                   : HHH000489: No JTA platform available (set 'hibernate.transaction.jta.platform' to enable JTA platform integration)
2026-08-31T13:42:51.302+05:30  INFO 29520 --- [FoodServiceApp] [restartedMain] j.LocalContainerEntityManagerFactoryBean : Initialized JPA EntityManagerFactory for persistence unit 'default'
2026-08-31T13:42:51.576+05:30  WARN 29520 --- [FoodServiceApp] [restartedMain] JpaBaseConfiguration$JpaWebConfiguration : spring.jpa.open-in-view is enabled by default. Therefore, database queries may be performed during view rendering. Explicitly configure spring.jpa.open-in-view to disable this warning
2026-08-31T13:42:51.782+05:30  INFO 29520 --- [FoodServiceApp] [restartedMain] o.s.c.openfeign.FeignClientFactoryBean   : For 'ORDER-SERVICE' URL not provided. Will try picking an instance via load-balancing.
2026-08-31T13:42:51.908+05:30  INFO 29520 --- [FoodServiceApp] [restartedMain] o.s.d.j.r.query.QueryEnhancerFactories   : Hibernate is in classpath; If applicable, HQL parser will be used.
2026-08-31T13:42:52.885+05:30  INFO 29520 --- [FoodServiceApp] [restartedMain] DiscoveryClientOptionalArgsConfiguration : Eureka HTTP Client uses RestClient.
2026-08-31T13:42:52.933+05:30  WARN 29520 --- [FoodServiceApp] [restartedMain] iguration$LoadBalancerCaffeineWarnLogger : Spring Cloud LoadBalancer is currently working with the default cache. While this cache implementation is useful for development and tests, it's recommended to use Caffeine cache in production.You can switch to using Caffeine cache, by adding it and org.springframework.cache.caffeine.CaffeineCacheManager to the classpath.
2026-08-31T13:42:52.983+05:30  INFO 29520 --- [FoodServiceApp] [restartedMain] o.s.c.n.eureka.InstanceInfoFactory       : Setting initial instance status as: STARTING
2026-08-31T13:42:53.028+05:30  INFO 29520 --- [FoodServiceApp] [restartedMain] com.netflix.discovery.DiscoveryClient    : Initializing Eureka in region us-east-1
2026-08-31T13:42:53.035+05:30  INFO 29520 --- [FoodServiceApp] [restartedMain] c.n.d.s.r.aws.ConfigClusterResolver      : Resolving eureka endpoints via configuration
2026-08-31T13:42:53.057+05:30  INFO 29520 --- [FoodServiceApp] [restartedMain] com.netflix.discovery.DiscoveryClient    : Disable delta property : false
2026-08-31T13:42:53.058+05:30  INFO 29520 --- [FoodServiceApp] [restartedMain] com.netflix.discovery.DiscoveryClient    : Single vip registry refresh property : null
2026-08-31T13:42:53.058+05:30  INFO 29520 --- [FoodServiceApp] [restartedMain] com.netflix.discovery.DiscoveryClient    : Force full registry fetch : false
2026-08-31T13:42:53.058+05:30  INFO 29520 --- [FoodServiceApp] [restartedMain] com.netflix.discovery.DiscoveryClient    : Application is null : false
2026-08-31T13:42:53.058+05:30  INFO 29520 --- [FoodServiceApp] [restartedMain] com.netflix.discovery.DiscoveryClient    : Registered Applications size is zero : true
2026-08-31T13:42:53.059+05:30  INFO 29520 --- [FoodServiceApp] [restartedMain] com.netflix.discovery.DiscoveryClient    : Application version is -1: true
2026-08-31T13:42:53.059+05:30  INFO 29520 --- [FoodServiceApp] [restartedMain] com.netflix.discovery.DiscoveryClient    : Getting all instance registry info from the eureka server
2026-08-31T13:42:53.532+05:30  INFO 29520 --- [FoodServiceApp] [restartedMain] com.netflix.discovery.DiscoveryClient    : The response status is 200
2026-08-31T13:42:53.536+05:30  INFO 29520 --- [FoodServiceApp] [restartedMain] com.netflix.discovery.DiscoveryClient    : Starting heartbeat executor: renew interval is: 30
2026-08-31T13:42:53.539+05:30  INFO 29520 --- [FoodServiceApp] [restartedMain] c.n.discovery.InstanceInfoReplicator     : InstanceInfoReplicator onDemand update allowed rate per min is 4
2026-08-31T13:42:53.543+05:30  INFO 29520 --- [FoodServiceApp] [restartedMain] com.netflix.discovery.DiscoveryClient    : Discovery Client initialized at timestamp 1788163973541 with initial instances count: 2
2026-08-31T13:42:53.550+05:30  INFO 29520 --- [FoodServiceApp] [restartedMain] o.s.c.n.e.s.EurekaServiceRegistry        : Registering application FOODSERVICEAPP with eureka with status UP
2026-08-31T13:42:53.551+05:30  INFO 29520 --- [FoodServiceApp] [restartedMain] com.netflix.discovery.DiscoveryClient    : Saw local status change event StatusChangeEvent [timestamp=1788163973551, current=UP, previous=STARTING]
2026-08-31T13:42:53.555+05:30  INFO 29520 --- [FoodServiceApp] [DiscoveryClient-InstanceInfoReplicator-%d] com.netflix.discovery.DiscoveryClient    : DiscoveryClient_FOODSERVICEAPP/LP-TZD-85010939.IN.COFORGETECH.COM:FoodServiceApp:9091: registering service...
2026-08-31T13:42:53.604+05:30  INFO 29520 --- [FoodServiceApp] [restartedMain] o.s.boot.tomcat.TomcatWebServer          : Tomcat started on port 9091 (http) with context path '/'
2026-08-31T13:42:53.607+05:30  INFO 29520 --- [FoodServiceApp] [restartedMain] .s.c.n.e.s.EurekaAutoServiceRegistration : Updating port to 9091
2026-08-31T13:42:53.629+05:30  INFO 29520 --- [FoodServiceApp] [restartedMain] com.foodapp.FoodServiceApplication       : Started FoodServiceApplication in 9.047 seconds (process running for 10.393)
2026-08-31T13:42:53.650+05:30  INFO 29520 --- [FoodServiceApp] [DiscoveryClient-InstanceInfoReplicator-%d] com.netflix.discovery.DiscoveryClient    : DiscoveryClient_FOODSERVICEAPP/LP-TZD-85010939.IN.COFORGETECH.COM:FoodServiceApp:9091 - registration status: 204
2026-08-31T13:47:53.078+05:30  INFO 29520 --- [FoodServiceApp] [AsyncResolver-bootstrap-executor-%d] c.n.d.s.r.aws.ConfigClusterResolver      : Resolving eureka endpoints via configuration
2026-08-31T13:52:53.088+05:30  INFO 29520 --- [FoodServiceApp] [AsyncResolver-bootstrap-executor-%d] c.n.d.s.r.aws.ConfigClusterResolver      : Resolving eureka endpoints via configuration
2026-08-31T13:57:08.343+05:30  INFO 29520 --- [FoodServiceApp] [File Watcher] rtingClassPathChangeChangedEventListener : Restarting due to 1 class path change (0 additions, 0 deletions, 1 modification)
2026-08-31T13:57:08.349+05:30  INFO 29520 --- [FoodServiceApp] [Thread-1] o.s.c.n.e.s.EurekaServiceRegistry        : Unregistering application FOODSERVICEAPP with eureka with status DOWN
2026-08-31T13:57:08.350+05:30  INFO 29520 --- [FoodServiceApp] [Thread-1] com.netflix.discovery.DiscoveryClient    : Saw local status change event StatusChangeEvent [timestamp=1788164828350, current=DOWN, previous=UP]
2026-08-31T13:57:08.350+05:30  INFO 29520 --- [FoodServiceApp] [DiscoveryClient-InstanceInfoReplicator-%d] com.netflix.discovery.DiscoveryClient    : DiscoveryClient_FOODSERVICEAPP/LP-TZD-85010939.IN.COFORGETECH.COM:FoodServiceApp:9091: registering service...
2026-08-31T13:57:08.355+05:30  INFO 29520 --- [FoodServiceApp] [Thread-1] o.s.boot.tomcat.GracefulShutdown         : Commencing graceful shutdown. Waiting for active requests to complete
2026-08-31T13:57:08.368+05:30  INFO 29520 --- [FoodServiceApp] [DiscoveryClient-InstanceInfoReplicator-%d] com.netflix.discovery.DiscoveryClient    : DiscoveryClient_FOODSERVICEAPP/LP-TZD-85010939.IN.COFORGETECH.COM:FoodServiceApp:9091 - registration status: 204
2026-08-31T13:57:08.368+05:30  INFO 29520 --- [FoodServiceApp] [tomcat-shutdown] o.s.boot.tomcat.GracefulShutdown         : Graceful shutdown complete
2026-08-31T13:57:08.378+05:30  INFO 29520 --- [FoodServiceApp] [Thread-1] j.LocalContainerEntityManagerFactoryBean : Closing JPA EntityManagerFactory for persistence unit 'default'
2026-08-31T13:57:08.385+05:30  INFO 29520 --- [FoodServiceApp] [Thread-1] com.zaxxer.hikari.HikariDataSource       : HikariPool-1 - Shutdown initiated...
2026-08-31T13:57:08.398+05:30  INFO 29520 --- [FoodServiceApp] [Thread-1] com.zaxxer.hikari.HikariDataSource       : HikariPool-1 - Shutdown completed.
2026-08-31T13:57:08.399+05:30  INFO 29520 --- [FoodServiceApp] [Thread-1] com.netflix.discovery.DiscoveryClient    : Shutting down DiscoveryClient ...
2026-08-31T13:57:11.400+05:30  INFO 29520 --- [FoodServiceApp] [Thread-1] com.netflix.discovery.DiscoveryClient    : Unregistering ...
2026-08-31T13:57:11.420+05:30  INFO 29520 --- [FoodServiceApp] [Thread-1] com.netflix.discovery.DiscoveryClient    : DiscoveryClient_FOODSERVICEAPP/LP-TZD-85010939.IN.COFORGETECH.COM:FoodServiceApp:9091 - deregister  status: 200
2026-08-31T13:57:11.421+05:30  INFO 29520 --- [FoodServiceApp] [Thread-1] com.netflix.discovery.DiscoveryClient    : Completed shut down of DiscoveryClient
2026-08-31T13:57:11.590+05:30  INFO 29520 --- [FoodServiceApp] [restartedMain] com.foodapp.FoodServiceApplication       : Starting FoodServiceApplication using Java 21.0.2 with PID 29520 (C:\Users\khushbu.1.sharma\eclipse-workspace\Project foodService Application\FoodServiceApp\target\classes started by KHUSHBU.1.SHARMA in C:\Users\khushbu.1.sharma\eclipse-workspace\Project foodService Application\FoodServiceApp)
2026-08-31T13:57:11.591+05:30  INFO 29520 --- [FoodServiceApp] [restartedMain] com.foodapp.FoodServiceApplication       : No active profile set, falling back to 1 default profile: "default"
2026-08-31T13:57:12.027+05:30  INFO 29520 --- [FoodServiceApp] [restartedMain] .s.d.r.c.RepositoryConfigurationDelegate : Bootstrapping Spring Data JPA repositories in DEFAULT mode.
2026-08-31T13:57:12.053+05:30  INFO 29520 --- [FoodServiceApp] [restartedMain] .s.d.r.c.RepositoryConfigurationDelegate : Finished Spring Data repository scanning in 22 ms. Found 1 JPA repository interface.
2026-08-31T13:57:12.205+05:30  INFO 29520 --- [FoodServiceApp] [restartedMain] o.s.cloud.context.scope.GenericScope     : BeanFactory id=8268633a-932c-38ab-9944-ad5fe5968cc9
2026-08-31T13:57:12.318+05:30  INFO 29520 --- [FoodServiceApp] [restartedMain] o.s.boot.tomcat.TomcatWebServer          : Tomcat initialized with port 9091 (http)
2026-08-31T13:57:12.321+05:30  INFO 29520 --- [FoodServiceApp] [restartedMain] o.apache.catalina.core.StandardService   : Starting service [Tomcat]
2026-08-31T13:57:12.321+05:30  INFO 29520 --- [FoodServiceApp] [restartedMain] o.apache.catalina.core.StandardEngine    : Starting Servlet engine: [Apache Tomcat/11.0.22]
2026-08-31T13:57:12.410+05:30  INFO 29520 --- [FoodServiceApp] [restartedMain] b.w.c.s.WebApplicationContextInitializer : Root WebApplicationContext: initialization completed in 814 ms
2026-08-31T13:57:12.474+05:30  INFO 29520 --- [FoodServiceApp] [restartedMain] org.hibernate.orm.jpa                    : HHH008540: Processing PersistenceUnitInfo [name: default]
2026-08-31T13:57:12.531+05:30  INFO 29520 --- [FoodServiceApp] [restartedMain] o.s.o.j.p.SpringPersistenceUnitInfo      : No LoadTimeWeaver setup: ignoring JPA class transformer
2026-08-31T13:57:12.533+05:30  INFO 29520 --- [FoodServiceApp] [restartedMain] com.zaxxer.hikari.HikariDataSource       : HikariPool-2 - Starting...
2026-08-31T13:57:12.560+05:30  INFO 29520 --- [FoodServiceApp] [restartedMain] com.zaxxer.hikari.pool.HikariPool        : HikariPool-2 - Added connection com.mysql.cj.jdbc.ConnectionImpl@4da566fe
2026-08-31T13:57:12.561+05:30  INFO 29520 --- [FoodServiceApp] [restartedMain] com.zaxxer.hikari.HikariDataSource       : HikariPool-2 - Start completed.
2026-08-31T13:57:12.565+05:30  INFO 29520 --- [FoodServiceApp] [restartedMain] org.hibernate.orm.connections.pooling    : HHH10001005: Database info:
	Database JDBC URL [jdbc:mysql://localhost:3306/cfg11]
	Database driver: MySQL Connector/J
	Database dialect: MySQLDialect
	Database version: 8.0.46
	Default catalog/schema: cfg11/undefined
	Autocommit mode: undefined/unknown
	Isolation level: REPEATABLE_READ [default REPEATABLE_READ]
	JDBC fetch size: none
	Pool: DataSourceConnectionProvider
	Minimum pool size: undefined/unknown
	Maximum pool size: undefined/unknown
2026-08-31T13:57:12.655+05:30  INFO 29520 --- [FoodServiceApp] [restartedMain] org.hibernate.orm.core                   : HHH000489: No JTA platform available (set 'hibernate.transaction.jta.platform' to enable JTA platform integration)
2026-08-31T13:57:12.678+05:30  INFO 29520 --- [FoodServiceApp] [restartedMain] j.LocalContainerEntityManagerFactoryBean : Initialized JPA EntityManagerFactory for persistence unit 'default'
2026-08-31T13:57:12.831+05:30  WARN 29520 --- [FoodServiceApp] [restartedMain] JpaBaseConfiguration$JpaWebConfiguration : spring.jpa.open-in-view is enabled by default. Therefore, database queries may be performed during view rendering. Explicitly configure spring.jpa.open-in-view to disable this warning
2026-08-31T13:57:12.897+05:30  INFO 29520 --- [FoodServiceApp] [restartedMain] o.s.c.openfeign.FeignClientFactoryBean   : For 'ORDER-SERVICE' URL not provided. Will try picking an instance via load-balancing.
2026-08-31T13:57:13.294+05:30  INFO 29520 --- [FoodServiceApp] [restartedMain] DiscoveryClientOptionalArgsConfiguration : Eureka HTTP Client uses RestClient.
2026-08-31T13:57:13.315+05:30  WARN 29520 --- [FoodServiceApp] [restartedMain] iguration$LoadBalancerCaffeineWarnLogger : Spring Cloud LoadBalancer is currently working with the default cache. While this cache implementation is useful for development and tests, it's recommended to use Caffeine cache in production.You can switch to using Caffeine cache, by adding it and org.springframework.cache.caffeine.CaffeineCacheManager to the classpath.
2026-08-31T13:57:13.339+05:30  INFO 29520 --- [FoodServiceApp] [restartedMain] o.s.c.n.eureka.InstanceInfoFactory       : Setting initial instance status as: STARTING
2026-08-31T13:57:13.346+05:30  INFO 29520 --- [FoodServiceApp] [restartedMain] com.netflix.discovery.DiscoveryClient    : Initializing Eureka in region us-east-1
2026-08-31T13:57:13.347+05:30  INFO 29520 --- [FoodServiceApp] [restartedMain] c.n.d.s.r.aws.ConfigClusterResolver      : Resolving eureka endpoints via configuration
2026-08-31T13:57:13.347+05:30  INFO 29520 --- [FoodServiceApp] [restartedMain] com.netflix.discovery.DiscoveryClient    : Disable delta property : false
2026-08-31T13:57:13.348+05:30  INFO 29520 --- [FoodServiceApp] [restartedMain] com.netflix.discovery.DiscoveryClient    : Single vip registry refresh property : null
2026-08-31T13:57:13.348+05:30  INFO 29520 --- [FoodServiceApp] [restartedMain] com.netflix.discovery.DiscoveryClient    : Force full registry fetch : false
2026-08-31T13:57:13.348+05:30  INFO 29520 --- [FoodServiceApp] [restartedMain] com.netflix.discovery.DiscoveryClient    : Application is null : false
2026-08-31T13:57:13.348+05:30  INFO 29520 --- [FoodServiceApp] [restartedMain] com.netflix.discovery.DiscoveryClient    : Registered Applications size is zero : true
2026-08-31T13:57:13.348+05:30  INFO 29520 --- [FoodServiceApp] [restartedMain] com.netflix.discovery.DiscoveryClient    : Application version is -1: true
2026-08-31T13:57:13.348+05:30  INFO 29520 --- [FoodServiceApp] [restartedMain] com.netflix.discovery.DiscoveryClient    : Getting all instance registry info from the eureka server
2026-08-31T13:57:13.378+05:30  INFO 29520 --- [FoodServiceApp] [restartedMain] com.netflix.discovery.DiscoveryClient    : The response status is 200
2026-08-31T13:57:13.379+05:30  INFO 29520 --- [FoodServiceApp] [restartedMain] com.netflix.discovery.DiscoveryClient    : Starting heartbeat executor: renew interval is: 30
2026-08-31T13:57:13.381+05:30  INFO 29520 --- [FoodServiceApp] [restartedMain] c.n.discovery.InstanceInfoReplicator     : InstanceInfoReplicator onDemand update allowed rate per min is 4
2026-08-31T13:57:13.382+05:30  INFO 29520 --- [FoodServiceApp] [restartedMain] com.netflix.discovery.DiscoveryClient    : Discovery Client initialized at timestamp 1788164833382 with initial instances count: 2
2026-08-31T13:57:13.385+05:30  INFO 29520 --- [FoodServiceApp] [restartedMain] o.s.c.n.e.s.EurekaServiceRegistry        : Registering application FOODSERVICEAPP with eureka with status UP
2026-08-31T13:57:13.385+05:30  INFO 29520 --- [FoodServiceApp] [restartedMain] com.netflix.discovery.DiscoveryClient    : Saw local status change event StatusChangeEvent [timestamp=1788164833385, current=UP, previous=STARTING]
2026-08-31T13:57:13.386+05:30  INFO 29520 --- [FoodServiceApp] [DiscoveryClient-InstanceInfoReplicator-%d] com.netflix.discovery.DiscoveryClient    : DiscoveryClient_FOODSERVICEAPP/LP-TZD-85010939.IN.COFORGETECH.COM:FoodServiceApp:9091: registering service...
2026-08-31T13:57:13.400+05:30  INFO 29520 --- [FoodServiceApp] [restartedMain] o.s.boot.tomcat.TomcatWebServer          : Tomcat started on port 9091 (http) with context path '/'
2026-08-31T13:57:13.401+05:30  INFO 29520 --- [FoodServiceApp] [restartedMain] .s.c.n.e.s.EurekaAutoServiceRegistration : Updating port to 9091
2026-08-31T13:57:13.411+05:30  INFO 29520 --- [FoodServiceApp] [DiscoveryClient-InstanceInfoReplicator-%d] com.netflix.discovery.DiscoveryClient    : DiscoveryClient_FOODSERVICEAPP/LP-TZD-85010939.IN.COFORGETECH.COM:FoodServiceApp:9091 - registration status: 204
2026-08-31T13:57:13.423+05:30  INFO 29520 --- [FoodServiceApp] [restartedMain] com.foodapp.FoodServiceApplication       : Started FoodServiceApplication in 1.902 seconds (process running for 870.234)
2026-08-31T13:57:13.427+05:30  INFO 29520 --- [FoodServiceApp] [restartedMain] .ConditionEvaluationDeltaLoggingListener : Condition evaluation unchanged
2026-08-31T15:29:52.279+05:30  INFO 19708 --- [FoodServiceApp] [restartedMain] com.foodapp.FoodServiceApplication       : Starting FoodServiceApplication using Java 21.0.2 with PID 19708 (C:\Users\khushbu.1.sharma\eclipse-workspace\Project foodService Application\FoodServiceApp\target\classes started by KHUSHBU.1.SHARMA in C:\Users\khushbu.1.sharma\eclipse-workspace\Project foodService Application\FoodServiceApp)
2026-08-31T15:29:52.283+05:30  INFO 19708 --- [FoodServiceApp] [restartedMain] com.foodapp.FoodServiceApplication       : No active profile set, falling back to 1 default profile: "default"
2026-08-31T15:29:52.342+05:30  INFO 19708 --- [FoodServiceApp] [restartedMain] .e.DevToolsPropertyDefaultsPostProcessor : Devtools property defaults active! Set 'spring.devtools.add-properties' to 'false' to disable
2026-08-31T15:29:52.342+05:30  INFO 19708 --- [FoodServiceApp] [restartedMain] .e.DevToolsPropertyDefaultsPostProcessor : For additional web related logging consider setting the 'logging.level.web' property to 'DEBUG'
2026-08-31T15:29:53.953+05:30  INFO 19708 --- [FoodServiceApp] [restartedMain] .s.d.r.c.RepositoryConfigurationDelegate : Bootstrapping Spring Data JPA repositories in DEFAULT mode.
2026-08-31T15:29:54.112+05:30  INFO 19708 --- [FoodServiceApp] [restartedMain] .s.d.r.c.RepositoryConfigurationDelegate : Finished Spring Data repository scanning in 146 ms. Found 1 JPA repository interface.
2026-08-31T15:29:54.481+05:30  INFO 19708 --- [FoodServiceApp] [restartedMain] o.s.cloud.context.scope.GenericScope     : BeanFactory id=8268633a-932c-38ab-9944-ad5fe5968cc9
2026-08-31T15:29:55.188+05:30  INFO 19708 --- [FoodServiceApp] [restartedMain] o.s.boot.tomcat.TomcatWebServer          : Tomcat initialized with port 9091 (http)
2026-08-31T15:29:55.205+05:30  INFO 19708 --- [FoodServiceApp] [restartedMain] o.apache.catalina.core.StandardService   : Starting service [Tomcat]
2026-08-31T15:29:55.206+05:30  INFO 19708 --- [FoodServiceApp] [restartedMain] o.apache.catalina.core.StandardEngine    : Starting Servlet engine: [Apache Tomcat/11.0.22]
2026-08-31T15:29:55.311+05:30  INFO 19708 --- [FoodServiceApp] [restartedMain] b.w.c.s.WebApplicationContextInitializer : Root WebApplicationContext: initialization completed in 2966 ms
2026-08-31T15:29:55.538+05:30  INFO 19708 --- [FoodServiceApp] [restartedMain] org.hibernate.orm.jpa                    : HHH008540: Processing PersistenceUnitInfo [name: default]
2026-08-31T15:29:55.611+05:30  INFO 19708 --- [FoodServiceApp] [restartedMain] org.hibernate.orm.core                   : HHH000001: Hibernate ORM core version 7.4.1.Final
2026-08-31T15:29:56.118+05:30  INFO 19708 --- [FoodServiceApp] [restartedMain] o.s.o.j.p.SpringPersistenceUnitInfo      : No LoadTimeWeaver setup: ignoring JPA class transformer
2026-08-31T15:29:56.149+05:30  INFO 19708 --- [FoodServiceApp] [restartedMain] com.zaxxer.hikari.HikariDataSource       : HikariPool-1 - Starting...
2026-08-31T15:29:56.484+05:30  INFO 19708 --- [FoodServiceApp] [restartedMain] com.zaxxer.hikari.pool.HikariPool        : HikariPool-1 - Added connection com.mysql.cj.jdbc.ConnectionImpl@6d767f6a
2026-08-31T15:29:56.487+05:30  INFO 19708 --- [FoodServiceApp] [restartedMain] com.zaxxer.hikari.HikariDataSource       : HikariPool-1 - Start completed.
2026-08-31T15:29:56.584+05:30  INFO 19708 --- [FoodServiceApp] [restartedMain] org.hibernate.orm.connections.pooling    : HHH10001005: Database info:
	Database JDBC URL [jdbc:mysql://localhost:3306/cfg11]
	Database driver: MySQL Connector/J
	Database dialect: MySQLDialect
	Database version: 8.0.46
	Default catalog/schema: cfg11/undefined
	Autocommit mode: undefined/unknown
	Isolation level: REPEATABLE_READ [default REPEATABLE_READ]
	JDBC fetch size: none
	Pool: DataSourceConnectionProvider
	Minimum pool size: undefined/unknown
	Maximum pool size: undefined/unknown
2026-08-31T15:29:57.511+05:30  INFO 19708 --- [FoodServiceApp] [restartedMain] org.hibernate.orm.core                   : HHH000489: No JTA platform available (set 'hibernate.transaction.jta.platform' to enable JTA platform integration)
2026-08-31T15:29:57.578+05:30  INFO 19708 --- [FoodServiceApp] [restartedMain] j.LocalContainerEntityManagerFactoryBean : Initialized JPA EntityManagerFactory for persistence unit 'default'
2026-08-31T15:29:57.835+05:30  WARN 19708 --- [FoodServiceApp] [restartedMain] JpaBaseConfiguration$JpaWebConfiguration : spring.jpa.open-in-view is enabled by default. Therefore, database queries may be performed during view rendering. Explicitly configure spring.jpa.open-in-view to disable this warning
2026-08-31T15:29:58.006+05:30  INFO 19708 --- [FoodServiceApp] [restartedMain] o.s.c.openfeign.FeignClientFactoryBean   : For 'ORDER-SERVICE' URL not provided. Will try picking an instance via load-balancing.
2026-08-31T15:29:58.125+05:30  INFO 19708 --- [FoodServiceApp] [restartedMain] o.s.d.j.r.query.QueryEnhancerFactories   : Hibernate is in classpath; If applicable, HQL parser will be used.
2026-08-31T15:29:58.970+05:30  INFO 19708 --- [FoodServiceApp] [restartedMain] DiscoveryClientOptionalArgsConfiguration : Eureka HTTP Client uses RestClient.
2026-08-31T15:29:59.020+05:30  WARN 19708 --- [FoodServiceApp] [restartedMain] iguration$LoadBalancerCaffeineWarnLogger : Spring Cloud LoadBalancer is currently working with the default cache. While this cache implementation is useful for development and tests, it's recommended to use Caffeine cache in production.You can switch to using Caffeine cache, by adding it and org.springframework.cache.caffeine.CaffeineCacheManager to the classpath.
2026-08-31T15:29:59.065+05:30  INFO 19708 --- [FoodServiceApp] [restartedMain] o.s.c.n.eureka.InstanceInfoFactory       : Setting initial instance status as: STARTING
2026-08-31T15:29:59.110+05:30  INFO 19708 --- [FoodServiceApp] [restartedMain] com.netflix.discovery.DiscoveryClient    : Initializing Eureka in region us-east-1
2026-08-31T15:29:59.117+05:30  INFO 19708 --- [FoodServiceApp] [restartedMain] c.n.d.s.r.aws.ConfigClusterResolver      : Resolving eureka endpoints via configuration
2026-08-31T15:29:59.130+05:30  INFO 19708 --- [FoodServiceApp] [restartedMain] com.netflix.discovery.DiscoveryClient    : Disable delta property : false
2026-08-31T15:29:59.130+05:30  INFO 19708 --- [FoodServiceApp] [restartedMain] com.netflix.discovery.DiscoveryClient    : Single vip registry refresh property : null
2026-08-31T15:29:59.130+05:30  INFO 19708 --- [FoodServiceApp] [restartedMain] com.netflix.discovery.DiscoveryClient    : Force full registry fetch : false
2026-08-31T15:29:59.130+05:30  INFO 19708 --- [FoodServiceApp] [restartedMain] com.netflix.discovery.DiscoveryClient    : Application is null : false
2026-08-31T15:29:59.130+05:30  INFO 19708 --- [FoodServiceApp] [restartedMain] com.netflix.discovery.DiscoveryClient    : Registered Applications size is zero : true
2026-08-31T15:29:59.131+05:30  INFO 19708 --- [FoodServiceApp] [restartedMain] com.netflix.discovery.DiscoveryClient    : Application version is -1: true
2026-08-31T15:29:59.131+05:30  INFO 19708 --- [FoodServiceApp] [restartedMain] com.netflix.discovery.DiscoveryClient    : Getting all instance registry info from the eureka server
2026-08-31T15:29:59.580+05:30  INFO 19708 --- [FoodServiceApp] [restartedMain] com.netflix.discovery.DiscoveryClient    : The response status is 200
2026-08-31T15:29:59.582+05:30  INFO 19708 --- [FoodServiceApp] [restartedMain] com.netflix.discovery.DiscoveryClient    : Starting heartbeat executor: renew interval is: 30
2026-08-31T15:29:59.584+05:30  INFO 19708 --- [FoodServiceApp] [restartedMain] c.n.discovery.InstanceInfoReplicator     : InstanceInfoReplicator onDemand update allowed rate per min is 4
2026-08-31T15:29:59.601+05:30  INFO 19708 --- [FoodServiceApp] [restartedMain] com.netflix.discovery.DiscoveryClient    : Discovery Client initialized at timestamp 1788170399600 with initial instances count: 0
2026-08-31T15:29:59.607+05:30  INFO 19708 --- [FoodServiceApp] [restartedMain] o.s.c.n.e.s.EurekaServiceRegistry        : Registering application FOODSERVICEAPP with eureka with status UP
2026-08-31T15:29:59.609+05:30  INFO 19708 --- [FoodServiceApp] [restartedMain] com.netflix.discovery.DiscoveryClient    : Saw local status change event StatusChangeEvent [timestamp=1788170399609, current=UP, previous=STARTING]
2026-08-31T15:29:59.616+05:30  INFO 19708 --- [FoodServiceApp] [DiscoveryClient-InstanceInfoReplicator-%d] com.netflix.discovery.DiscoveryClient    : DiscoveryClient_FOODSERVICEAPP/LP-TZD-85010939.IN.COFORGETECH.COM:FoodServiceApp:9091: registering service...
2026-08-31T15:29:59.650+05:30  INFO 19708 --- [FoodServiceApp] [restartedMain] o.s.boot.tomcat.TomcatWebServer          : Tomcat started on port 9091 (http) with context path '/'
2026-08-31T15:29:59.651+05:30  INFO 19708 --- [FoodServiceApp] [restartedMain] .s.c.n.e.s.EurekaAutoServiceRegistration : Updating port to 9091
2026-08-31T15:29:59.674+05:30  INFO 19708 --- [FoodServiceApp] [restartedMain] com.foodapp.FoodServiceApplication       : Started FoodServiceApplication in 8.064 seconds (process running for 9.03)
2026-08-31T15:29:59.783+05:30  INFO 19708 --- [FoodServiceApp] [DiscoveryClient-InstanceInfoReplicator-%d] com.netflix.discovery.DiscoveryClient    : DiscoveryClient_FOODSERVICEAPP/LP-TZD-85010939.IN.COFORGETECH.COM:FoodServiceApp:9091 - registration status: 204
2026-08-31T15:30:29.590+05:30  INFO 19708 --- [FoodServiceApp] [DiscoveryClient-CacheRefreshExecutor-%d] com.netflix.discovery.DiscoveryClient    : Disable delta property : false
2026-08-31T15:30:29.591+05:30  INFO 19708 --- [FoodServiceApp] [DiscoveryClient-CacheRefreshExecutor-%d] com.netflix.discovery.DiscoveryClient    : Single vip registry refresh property : null
2026-08-31T15:30:29.592+05:30  INFO 19708 --- [FoodServiceApp] [DiscoveryClient-CacheRefreshExecutor-%d] com.netflix.discovery.DiscoveryClient    : Force full registry fetch : false
2026-08-31T15:30:29.593+05:30  INFO 19708 --- [FoodServiceApp] [DiscoveryClient-CacheRefreshExecutor-%d] com.netflix.discovery.DiscoveryClient    : Application is null : false
2026-08-31T15:30:29.594+05:30  INFO 19708 --- [FoodServiceApp] [DiscoveryClient-CacheRefreshExecutor-%d] com.netflix.discovery.DiscoveryClient    : Registered Applications size is zero : true
2026-08-31T15:30:29.595+05:30  INFO 19708 --- [FoodServiceApp] [DiscoveryClient-CacheRefreshExecutor-%d] com.netflix.discovery.DiscoveryClient    : Application version is -1: false
2026-08-31T15:30:29.595+05:30  INFO 19708 --- [FoodServiceApp] [DiscoveryClient-CacheRefreshExecutor-%d] com.netflix.discovery.DiscoveryClient    : Getting all instance registry info from the eureka server
2026-08-31T15:30:29.627+05:30  INFO 19708 --- [FoodServiceApp] [DiscoveryClient-CacheRefreshExecutor-%d] com.netflix.discovery.DiscoveryClient    : The response status is 200
2026-08-31T15:34:59.148+05:30  INFO 19708 --- [FoodServiceApp] [AsyncResolver-bootstrap-executor-%d] c.n.d.s.r.aws.ConfigClusterResolver      : Resolving eureka endpoints via configuration
2026-08-31T15:39:59.169+05:30  INFO 19708 --- [FoodServiceApp] [AsyncResolver-bootstrap-executor-%d] c.n.d.s.r.aws.ConfigClusterResolver      : Resolving eureka endpoints via configuration
2026-08-31T15:44:59.185+05:30  INFO 19708 --- [FoodServiceApp] [AsyncResolver-bootstrap-executor-%d] c.n.d.s.r.aws.ConfigClusterResolver      : Resolving eureka endpoints via configuration
2026-08-31T15:47:12.355+05:30  INFO 19708 --- [FoodServiceApp] [File Watcher] rtingClassPathChangeChangedEventListener : Restarting due to 1 class path change (0 additions, 0 deletions, 1 modification)
2026-08-31T15:47:12.358+05:30  INFO 19708 --- [FoodServiceApp] [Thread-1] o.s.c.n.e.s.EurekaServiceRegistry        : Unregistering application FOODSERVICEAPP with eureka with status DOWN
2026-08-31T15:47:12.359+05:30  INFO 19708 --- [FoodServiceApp] [Thread-1] com.netflix.discovery.DiscoveryClient    : Saw local status change event StatusChangeEvent [timestamp=1788171432359, current=DOWN, previous=UP]
2026-08-31T15:47:12.359+05:30  INFO 19708 --- [FoodServiceApp] [DiscoveryClient-InstanceInfoReplicator-%d] com.netflix.discovery.DiscoveryClient    : DiscoveryClient_FOODSERVICEAPP/LP-TZD-85010939.IN.COFORGETECH.COM:FoodServiceApp:9091: registering service...
2026-08-31T15:47:12.362+05:30  INFO 19708 --- [FoodServiceApp] [Thread-1] o.s.boot.tomcat.GracefulShutdown         : Commencing graceful shutdown. Waiting for active requests to complete
2026-08-31T15:47:12.370+05:30  INFO 19708 --- [FoodServiceApp] [DiscoveryClient-InstanceInfoReplicator-%d] com.netflix.discovery.DiscoveryClient    : DiscoveryClient_FOODSERVICEAPP/LP-TZD-85010939.IN.COFORGETECH.COM:FoodServiceApp:9091 - registration status: 204
2026-08-31T15:47:12.372+05:30  INFO 19708 --- [FoodServiceApp] [tomcat-shutdown] o.s.boot.tomcat.GracefulShutdown         : Graceful shutdown complete
2026-08-31T15:47:12.379+05:30  INFO 19708 --- [FoodServiceApp] [Thread-1] j.LocalContainerEntityManagerFactoryBean : Closing JPA EntityManagerFactory for persistence unit 'default'
2026-08-31T15:47:12.383+05:30  INFO 19708 --- [FoodServiceApp] [Thread-1] com.zaxxer.hikari.HikariDataSource       : HikariPool-1 - Shutdown initiated...
2026-08-31T15:47:12.390+05:30  INFO 19708 --- [FoodServiceApp] [Thread-1] com.zaxxer.hikari.HikariDataSource       : HikariPool-1 - Shutdown completed.
2026-08-31T15:47:12.391+05:30  INFO 19708 --- [FoodServiceApp] [Thread-1] com.netflix.discovery.DiscoveryClient    : Shutting down DiscoveryClient ...
2026-08-31T15:47:15.399+05:30  INFO 19708 --- [FoodServiceApp] [Thread-1] com.netflix.discovery.DiscoveryClient    : Unregistering ...
2026-08-31T15:47:15.419+05:30  INFO 19708 --- [FoodServiceApp] [Thread-1] com.netflix.discovery.DiscoveryClient    : DiscoveryClient_FOODSERVICEAPP/LP-TZD-85010939.IN.COFORGETECH.COM:FoodServiceApp:9091 - deregister  status: 200
2026-08-31T15:47:15.419+05:30  INFO 19708 --- [FoodServiceApp] [Thread-1] com.netflix.discovery.DiscoveryClient    : Completed shut down of DiscoveryClient
2026-08-31T15:47:15.587+05:30  INFO 19708 --- [FoodServiceApp] [restartedMain] com.foodapp.FoodServiceApplication       : Starting FoodServiceApplication using Java 21.0.2 with PID 19708 (C:\Users\khushbu.1.sharma\eclipse-workspace\Project foodService Application\FoodServiceApp\target\classes started by KHUSHBU.1.SHARMA in C:\Users\khushbu.1.sharma\eclipse-workspace\Project foodService Application\FoodServiceApp)
2026-08-31T15:47:15.589+05:30  INFO 19708 --- [FoodServiceApp] [restartedMain] com.foodapp.FoodServiceApplication       : No active profile set, falling back to 1 default profile: "default"
2026-08-31T15:47:16.115+05:30  INFO 19708 --- [FoodServiceApp] [restartedMain] .s.d.r.c.RepositoryConfigurationDelegate : Bootstrapping Spring Data JPA repositories in DEFAULT mode.
2026-08-31T15:47:16.137+05:30  INFO 19708 --- [FoodServiceApp] [restartedMain] .s.d.r.c.RepositoryConfigurationDelegate : Finished Spring Data repository scanning in 19 ms. Found 1 JPA repository interface.
2026-08-31T15:47:16.265+05:30  INFO 19708 --- [FoodServiceApp] [restartedMain] o.s.cloud.context.scope.GenericScope     : BeanFactory id=8268633a-932c-38ab-9944-ad5fe5968cc9
2026-08-31T15:47:16.384+05:30  INFO 19708 --- [FoodServiceApp] [restartedMain] o.s.boot.tomcat.TomcatWebServer          : Tomcat initialized with port 9091 (http)
2026-08-31T15:47:16.385+05:30  INFO 19708 --- [FoodServiceApp] [restartedMain] o.apache.catalina.core.StandardService   : Starting service [Tomcat]
2026-08-31T15:47:16.386+05:30  INFO 19708 --- [FoodServiceApp] [restartedMain] o.apache.catalina.core.StandardEngine    : Starting Servlet engine: [Apache Tomcat/11.0.22]
2026-08-31T15:47:16.453+05:30  INFO 19708 --- [FoodServiceApp] [restartedMain] b.w.c.s.WebApplicationContextInitializer : Root WebApplicationContext: initialization completed in 861 ms
2026-08-31T15:47:16.508+05:30  INFO 19708 --- [FoodServiceApp] [restartedMain] org.hibernate.orm.jpa                    : HHH008540: Processing PersistenceUnitInfo [name: default]
2026-08-31T15:47:16.552+05:30  INFO 19708 --- [FoodServiceApp] [restartedMain] o.s.o.j.p.SpringPersistenceUnitInfo      : No LoadTimeWeaver setup: ignoring JPA class transformer
2026-08-31T15:47:16.555+05:30  INFO 19708 --- [FoodServiceApp] [restartedMain] com.zaxxer.hikari.HikariDataSource       : HikariPool-2 - Starting...
2026-08-31T15:47:16.575+05:30  INFO 19708 --- [FoodServiceApp] [restartedMain] com.zaxxer.hikari.pool.HikariPool        : HikariPool-2 - Added connection com.mysql.cj.jdbc.ConnectionImpl@6b99fa1c
2026-08-31T15:47:16.575+05:30  INFO 19708 --- [FoodServiceApp] [restartedMain] com.zaxxer.hikari.HikariDataSource       : HikariPool-2 - Start completed.
2026-08-31T15:47:16.581+05:30  INFO 19708 --- [FoodServiceApp] [restartedMain] org.hibernate.orm.connections.pooling    : HHH10001005: Database info:
	Database JDBC URL [jdbc:mysql://localhost:3306/cfg11]
	Database driver: MySQL Connector/J
	Database dialect: MySQLDialect
	Database version: 8.0.46
	Default catalog/schema: cfg11/undefined
	Autocommit mode: undefined/unknown
	Isolation level: REPEATABLE_READ [default REPEATABLE_READ]
	JDBC fetch size: none
	Pool: DataSourceConnectionProvider
	Minimum pool size: undefined/unknown
	Maximum pool size: undefined/unknown
2026-08-31T15:47:16.719+05:30  INFO 19708 --- [FoodServiceApp] [restartedMain] org.hibernate.orm.core                   : HHH000489: No JTA platform available (set 'hibernate.transaction.jta.platform' to enable JTA platform integration)
2026-08-31T15:47:16.734+05:30  INFO 19708 --- [FoodServiceApp] [restartedMain] j.LocalContainerEntityManagerFactoryBean : Initialized JPA EntityManagerFactory for persistence unit 'default'
2026-08-31T15:47:16.818+05:30  WARN 19708 --- [FoodServiceApp] [restartedMain] JpaBaseConfiguration$JpaWebConfiguration : spring.jpa.open-in-view is enabled by default. Therefore, database queries may be performed during view rendering. Explicitly configure spring.jpa.open-in-view to disable this warning
2026-08-31T15:47:16.865+05:30  INFO 19708 --- [FoodServiceApp] [restartedMain] o.s.c.openfeign.FeignClientFactoryBean   : For 'ORDER-SERVICE' URL not provided. Will try picking an instance via load-balancing.
2026-08-31T15:47:17.192+05:30  INFO 19708 --- [FoodServiceApp] [restartedMain] DiscoveryClientOptionalArgsConfiguration : Eureka HTTP Client uses RestClient.
2026-08-31T15:47:17.209+05:30  WARN 19708 --- [FoodServiceApp] [restartedMain] iguration$LoadBalancerCaffeineWarnLogger : Spring Cloud LoadBalancer is currently working with the default cache. While this cache implementation is useful for development and tests, it's recommended to use Caffeine cache in production.You can switch to using Caffeine cache, by adding it and org.springframework.cache.caffeine.CaffeineCacheManager to the classpath.
2026-08-31T15:47:17.229+05:30  INFO 19708 --- [FoodServiceApp] [restartedMain] o.s.c.n.eureka.InstanceInfoFactory       : Setting initial instance status as: STARTING
2026-08-31T15:47:17.233+05:30  INFO 19708 --- [FoodServiceApp] [restartedMain] com.netflix.discovery.DiscoveryClient    : Initializing Eureka in region us-east-1
2026-08-31T15:47:17.233+05:30  INFO 19708 --- [FoodServiceApp] [restartedMain] c.n.d.s.r.aws.ConfigClusterResolver      : Resolving eureka endpoints via configuration
2026-08-31T15:47:17.234+05:30  INFO 19708 --- [FoodServiceApp] [restartedMain] com.netflix.discovery.DiscoveryClient    : Disable delta property : false
2026-08-31T15:47:17.234+05:30  INFO 19708 --- [FoodServiceApp] [restartedMain] com.netflix.discovery.DiscoveryClient    : Single vip registry refresh property : null
2026-08-31T15:47:17.234+05:30  INFO 19708 --- [FoodServiceApp] [restartedMain] com.netflix.discovery.DiscoveryClient    : Force full registry fetch : false
2026-08-31T15:47:17.234+05:30  INFO 19708 --- [FoodServiceApp] [restartedMain] com.netflix.discovery.DiscoveryClient    : Application is null : false
2026-08-31T15:47:17.234+05:30  INFO 19708 --- [FoodServiceApp] [restartedMain] com.netflix.discovery.DiscoveryClient    : Registered Applications size is zero : true
2026-08-31T15:47:17.234+05:30  INFO 19708 --- [FoodServiceApp] [restartedMain] com.netflix.discovery.DiscoveryClient    : Application version is -1: true
2026-08-31T15:47:17.235+05:30  INFO 19708 --- [FoodServiceApp] [restartedMain] com.netflix.discovery.DiscoveryClient    : Getting all instance registry info from the eureka server
2026-08-31T15:47:17.258+05:30  INFO 19708 --- [FoodServiceApp] [restartedMain] com.netflix.discovery.DiscoveryClient    : The response status is 200
2026-08-31T15:47:17.259+05:30  INFO 19708 --- [FoodServiceApp] [restartedMain] com.netflix.discovery.DiscoveryClient    : Starting heartbeat executor: renew interval is: 30
2026-08-31T15:47:17.260+05:30  INFO 19708 --- [FoodServiceApp] [restartedMain] c.n.discovery.InstanceInfoReplicator     : InstanceInfoReplicator onDemand update allowed rate per min is 4
2026-08-31T15:47:17.260+05:30  INFO 19708 --- [FoodServiceApp] [restartedMain] com.netflix.discovery.DiscoveryClient    : Discovery Client initialized at timestamp 1788171437260 with initial instances count: 3
2026-08-31T15:47:17.262+05:30  INFO 19708 --- [FoodServiceApp] [restartedMain] o.s.c.n.e.s.EurekaServiceRegistry        : Registering application FOODSERVICEAPP with eureka with status UP
2026-08-31T15:47:17.263+05:30  INFO 19708 --- [FoodServiceApp] [restartedMain] com.netflix.discovery.DiscoveryClient    : Saw local status change event StatusChangeEvent [timestamp=1788171437263, current=UP, previous=STARTING]
2026-08-31T15:47:17.263+05:30  INFO 19708 --- [FoodServiceApp] [DiscoveryClient-InstanceInfoReplicator-%d] com.netflix.discovery.DiscoveryClient    : DiscoveryClient_FOODSERVICEAPP/LP-TZD-85010939.IN.COFORGETECH.COM:FoodServiceApp:9091: registering service...
2026-08-31T15:47:17.275+05:30  INFO 19708 --- [FoodServiceApp] [restartedMain] o.s.boot.tomcat.TomcatWebServer          : Tomcat started on port 9091 (http) with context path '/'
2026-08-31T15:47:17.276+05:30  INFO 19708 --- [FoodServiceApp] [restartedMain] .s.c.n.e.s.EurekaAutoServiceRegistration : Updating port to 9091
2026-08-31T15:47:17.285+05:30  INFO 19708 --- [FoodServiceApp] [DiscoveryClient-InstanceInfoReplicator-%d] com.netflix.discovery.DiscoveryClient    : DiscoveryClient_FOODSERVICEAPP/LP-TZD-85010939.IN.COFORGETECH.COM:FoodServiceApp:9091 - registration status: 204
2026-08-31T15:47:17.290+05:30  INFO 19708 --- [FoodServiceApp] [restartedMain] com.foodapp.FoodServiceApplication       : Started FoodServiceApplication in 1.777 seconds (process running for 1046.636)
2026-08-31T15:47:17.294+05:30  INFO 19708 --- [FoodServiceApp] [restartedMain] .ConditionEvaluationDeltaLoggingListener : Condition evaluation unchanged
2026-08-31T15:47:26.941+05:30  INFO 19708 --- [FoodServiceApp] [http-nio-9091-exec-1] o.a.c.c.C.[Tomcat].[localhost].[/]       : Initializing Spring DispatcherServlet 'dispatcherServlet'
2026-08-31T15:47:26.942+05:30  INFO 19708 --- [FoodServiceApp] [http-nio-9091-exec-1] o.s.web.servlet.DispatcherServlet        : Initializing Servlet 'dispatcherServlet'
2026-08-31T15:47:26.944+05:30  INFO 19708 --- [FoodServiceApp] [http-nio-9091-exec-1] o.s.web.servlet.DispatcherServlet        : Completed initialization in 2 ms
2026-08-31T15:47:27.715+05:30  INFO 19708 --- [FoodServiceApp] [http-nio-9091-exec-2] o.springdoc.api.AbstractOpenApiResource  : Init duration for springdoc-openapi is: 411 ms
2026-08-31T15:50:32.509+05:30  INFO 19708 --- [FoodServiceApp] [File Watcher] rtingClassPathChangeChangedEventListener : Restarting due to 1 class path change (0 additions, 0 deletions, 1 modification)
2026-08-31T15:50:32.511+05:30  INFO 19708 --- [FoodServiceApp] [Thread-7] o.s.c.n.e.s.EurekaServiceRegistry        : Unregistering application FOODSERVICEAPP with eureka with status DOWN
2026-08-31T15:50:32.511+05:30  INFO 19708 --- [FoodServiceApp] [Thread-7] com.netflix.discovery.DiscoveryClient    : Saw local status change event StatusChangeEvent [timestamp=1788171632511, current=DOWN, previous=UP]
2026-08-31T15:50:32.511+05:30  INFO 19708 --- [FoodServiceApp] [DiscoveryClient-InstanceInfoReplicator-%d] com.netflix.discovery.DiscoveryClient    : DiscoveryClient_FOODSERVICEAPP/LP-TZD-85010939.IN.COFORGETECH.COM:FoodServiceApp:9091: registering service...
2026-08-31T15:50:32.512+05:30  INFO 19708 --- [FoodServiceApp] [Thread-7] o.s.boot.tomcat.GracefulShutdown         : Commencing graceful shutdown. Waiting for active requests to complete
2026-08-31T15:50:32.519+05:30  INFO 19708 --- [FoodServiceApp] [tomcat-shutdown] o.s.boot.tomcat.GracefulShutdown         : Graceful shutdown complete
2026-08-31T15:50:32.523+05:30  INFO 19708 --- [FoodServiceApp] [Thread-7] j.LocalContainerEntityManagerFactoryBean : Closing JPA EntityManagerFactory for persistence unit 'default'
2026-08-31T15:50:32.524+05:30  INFO 19708 --- [FoodServiceApp] [Thread-7] com.zaxxer.hikari.HikariDataSource       : HikariPool-2 - Shutdown initiated...
2026-08-31T15:50:32.529+05:30  INFO 19708 --- [FoodServiceApp] [DiscoveryClient-InstanceInfoReplicator-%d] com.netflix.discovery.DiscoveryClient    : DiscoveryClient_FOODSERVICEAPP/LP-TZD-85010939.IN.COFORGETECH.COM:FoodServiceApp:9091 - registration status: 204
2026-08-31T15:50:32.534+05:30  INFO 19708 --- [FoodServiceApp] [Thread-7] com.zaxxer.hikari.HikariDataSource       : HikariPool-2 - Shutdown completed.
2026-08-31T15:50:32.535+05:30  INFO 19708 --- [FoodServiceApp] [Thread-7] com.netflix.discovery.DiscoveryClient    : Shutting down DiscoveryClient ...
2026-08-31T15:50:35.546+05:30  INFO 19708 --- [FoodServiceApp] [Thread-7] com.netflix.discovery.DiscoveryClient    : Unregistering ...
2026-08-31T15:50:35.564+05:30  INFO 19708 --- [FoodServiceApp] [Thread-7] com.netflix.discovery.DiscoveryClient    : DiscoveryClient_FOODSERVICEAPP/LP-TZD-85010939.IN.COFORGETECH.COM:FoodServiceApp:9091 - deregister  status: 200
2026-08-31T15:50:35.564+05:30  INFO 19708 --- [FoodServiceApp] [Thread-7] com.netflix.discovery.DiscoveryClient    : Completed shut down of DiscoveryClient
2026-08-31T15:50:35.732+05:30  INFO 19708 --- [FoodServiceApp] [restartedMain] com.foodapp.FoodServiceApplication       : Starting FoodServiceApplication using Java 21.0.2 with PID 19708 (C:\Users\khushbu.1.sharma\eclipse-workspace\Project foodService Application\FoodServiceApp\target\classes started by KHUSHBU.1.SHARMA in C:\Users\khushbu.1.sharma\eclipse-workspace\Project foodService Application\FoodServiceApp)
2026-08-31T15:50:35.733+05:30  INFO 19708 --- [FoodServiceApp] [restartedMain] com.foodapp.FoodServiceApplication       : No active profile set, falling back to 1 default profile: "default"
2026-08-31T15:50:36.129+05:30  INFO 19708 --- [FoodServiceApp] [restartedMain] .s.d.r.c.RepositoryConfigurationDelegate : Bootstrapping Spring Data JPA repositories in DEFAULT mode.
2026-08-31T15:50:36.154+05:30  INFO 19708 --- [FoodServiceApp] [restartedMain] .s.d.r.c.RepositoryConfigurationDelegate : Finished Spring Data repository scanning in 22 ms. Found 1 JPA repository interface.
2026-08-31T15:50:36.276+05:30  INFO 19708 --- [FoodServiceApp] [restartedMain] o.s.cloud.context.scope.GenericScope     : BeanFactory id=8268633a-932c-38ab-9944-ad5fe5968cc9
2026-08-31T15:50:36.390+05:30  INFO 19708 --- [FoodServiceApp] [restartedMain] o.s.boot.tomcat.TomcatWebServer          : Tomcat initialized with port 9091 (http)
2026-08-31T15:50:36.391+05:30  INFO 19708 --- [FoodServiceApp] [restartedMain] o.apache.catalina.core.StandardService   : Starting service [Tomcat]
2026-08-31T15:50:36.392+05:30  INFO 19708 --- [FoodServiceApp] [restartedMain] o.apache.catalina.core.StandardEngine    : Starting Servlet engine: [Apache Tomcat/11.0.22]
2026-08-31T15:50:36.485+05:30  INFO 19708 --- [FoodServiceApp] [restartedMain] b.w.c.s.WebApplicationContextInitializer : Root WebApplicationContext: initialization completed in 747 ms
2026-08-31T15:50:36.538+05:30  INFO 19708 --- [FoodServiceApp] [restartedMain] org.hibernate.orm.jpa                    : HHH008540: Processing PersistenceUnitInfo [name: default]
2026-08-31T15:50:36.593+05:30  INFO 19708 --- [FoodServiceApp] [restartedMain] o.s.o.j.p.SpringPersistenceUnitInfo      : No LoadTimeWeaver setup: ignoring JPA class transformer
2026-08-31T15:50:36.595+05:30  INFO 19708 --- [FoodServiceApp] [restartedMain] com.zaxxer.hikari.HikariDataSource       : HikariPool-3 - Starting...
2026-08-31T15:50:36.616+05:30  INFO 19708 --- [FoodServiceApp] [restartedMain] com.zaxxer.hikari.pool.HikariPool        : HikariPool-3 - Added connection com.mysql.cj.jdbc.ConnectionImpl@3357efa8
2026-08-31T15:50:36.616+05:30  INFO 19708 --- [FoodServiceApp] [restartedMain] com.zaxxer.hikari.HikariDataSource       : HikariPool-3 - Start completed.
2026-08-31T15:50:36.621+05:30  INFO 19708 --- [FoodServiceApp] [restartedMain] org.hibernate.orm.connections.pooling    : HHH10001005: Database info:
	Database JDBC URL [jdbc:mysql://localhost:3306/cfg11]
	Database driver: MySQL Connector/J
	Database dialect: MySQLDialect
	Database version: 8.0.46
	Default catalog/schema: cfg11/undefined
	Autocommit mode: undefined/unknown
	Isolation level: REPEATABLE_READ [default REPEATABLE_READ]
	JDBC fetch size: none
	Pool: DataSourceConnectionProvider
	Minimum pool size: undefined/unknown
	Maximum pool size: undefined/unknown
2026-08-31T15:50:36.724+05:30  INFO 19708 --- [FoodServiceApp] [restartedMain] org.hibernate.orm.core                   : HHH000489: No JTA platform available (set 'hibernate.transaction.jta.platform' to enable JTA platform integration)
2026-08-31T15:50:36.740+05:30  INFO 19708 --- [FoodServiceApp] [restartedMain] j.LocalContainerEntityManagerFactoryBean : Initialized JPA EntityManagerFactory for persistence unit 'default'
2026-08-31T15:50:36.842+05:30  WARN 19708 --- [FoodServiceApp] [restartedMain] JpaBaseConfiguration$JpaWebConfiguration : spring.jpa.open-in-view is enabled by default. Therefore, database queries may be performed during view rendering. Explicitly configure spring.jpa.open-in-view to disable this warning
2026-08-31T15:50:36.894+05:30  INFO 19708 --- [FoodServiceApp] [restartedMain] o.s.c.openfeign.FeignClientFactoryBean   : For 'ORDER-SERVICE' URL not provided. Will try picking an instance via load-balancing.
2026-08-31T15:50:37.204+05:30  INFO 19708 --- [FoodServiceApp] [restartedMain] DiscoveryClientOptionalArgsConfiguration : Eureka HTTP Client uses RestClient.
2026-08-31T15:50:37.238+05:30  WARN 19708 --- [FoodServiceApp] [restartedMain] iguration$LoadBalancerCaffeineWarnLogger : Spring Cloud LoadBalancer is currently working with the default cache. While this cache implementation is useful for development and tests, it's recommended to use Caffeine cache in production.You can switch to using Caffeine cache, by adding it and org.springframework.cache.caffeine.CaffeineCacheManager to the classpath.
2026-08-31T15:50:37.259+05:30  INFO 19708 --- [FoodServiceApp] [restartedMain] o.s.c.n.eureka.InstanceInfoFactory       : Setting initial instance status as: STARTING
2026-08-31T15:50:37.261+05:30  INFO 19708 --- [FoodServiceApp] [restartedMain] com.netflix.discovery.DiscoveryClient    : Initializing Eureka in region us-east-1
2026-08-31T15:50:37.262+05:30  INFO 19708 --- [FoodServiceApp] [restartedMain] c.n.d.s.r.aws.ConfigClusterResolver      : Resolving eureka endpoints via configuration
2026-08-31T15:50:37.262+05:30  INFO 19708 --- [FoodServiceApp] [restartedMain] com.netflix.discovery.DiscoveryClient    : Disable delta property : false
2026-08-31T15:50:37.263+05:30  INFO 19708 --- [FoodServiceApp] [restartedMain] com.netflix.discovery.DiscoveryClient    : Single vip registry refresh property : null
2026-08-31T15:50:37.263+05:30  INFO 19708 --- [FoodServiceApp] [restartedMain] com.netflix.discovery.DiscoveryClient    : Force full registry fetch : false
2026-08-31T15:50:37.263+05:30  INFO 19708 --- [FoodServiceApp] [restartedMain] com.netflix.discovery.DiscoveryClient    : Application is null : false
2026-08-31T15:50:37.263+05:30  INFO 19708 --- [FoodServiceApp] [restartedMain] com.netflix.discovery.DiscoveryClient    : Registered Applications size is zero : true
2026-08-31T15:50:37.263+05:30  INFO 19708 --- [FoodServiceApp] [restartedMain] com.netflix.discovery.DiscoveryClient    : Application version is -1: true
2026-08-31T15:50:37.263+05:30  INFO 19708 --- [FoodServiceApp] [restartedMain] com.netflix.discovery.DiscoveryClient    : Getting all instance registry info from the eureka server
2026-08-31T15:50:37.290+05:30  INFO 19708 --- [FoodServiceApp] [restartedMain] com.netflix.discovery.DiscoveryClient    : The response status is 200
2026-08-31T15:50:37.291+05:30  INFO 19708 --- [FoodServiceApp] [restartedMain] com.netflix.discovery.DiscoveryClient    : Starting heartbeat executor: renew interval is: 30
2026-08-31T15:50:37.293+05:30  INFO 19708 --- [FoodServiceApp] [restartedMain] c.n.discovery.InstanceInfoReplicator     : InstanceInfoReplicator onDemand update allowed rate per min is 4
2026-08-31T15:50:37.294+05:30  INFO 19708 --- [FoodServiceApp] [restartedMain] com.netflix.discovery.DiscoveryClient    : Discovery Client initialized at timestamp 1788171637294 with initial instances count: 3
2026-08-31T15:50:37.296+05:30  INFO 19708 --- [FoodServiceApp] [restartedMain] o.s.c.n.e.s.EurekaServiceRegistry        : Registering application FOODSERVICEAPP with eureka with status UP
2026-08-31T15:50:37.296+05:30  INFO 19708 --- [FoodServiceApp] [restartedMain] com.netflix.discovery.DiscoveryClient    : Saw local status change event StatusChangeEvent [timestamp=1788171637296, current=UP, previous=STARTING]
2026-08-31T15:50:37.296+05:30  INFO 19708 --- [FoodServiceApp] [DiscoveryClient-InstanceInfoReplicator-%d] com.netflix.discovery.DiscoveryClient    : DiscoveryClient_FOODSERVICEAPP/LP-TZD-85010939.IN.COFORGETECH.COM:FoodServiceApp:9091: registering service...
2026-08-31T15:50:37.310+05:30  INFO 19708 --- [FoodServiceApp] [restartedMain] o.s.boot.tomcat.TomcatWebServer          : Tomcat started on port 9091 (http) with context path '/'
2026-08-31T15:50:37.313+05:30  INFO 19708 --- [FoodServiceApp] [restartedMain] .s.c.n.e.s.EurekaAutoServiceRegistration : Updating port to 9091
2026-08-31T15:50:37.316+05:30  INFO 19708 --- [FoodServiceApp] [DiscoveryClient-InstanceInfoReplicator-%d] com.netflix.discovery.DiscoveryClient    : DiscoveryClient_FOODSERVICEAPP/LP-TZD-85010939.IN.COFORGETECH.COM:FoodServiceApp:9091 - registration status: 204
2026-08-31T15:50:37.327+05:30  INFO 19708 --- [FoodServiceApp] [restartedMain] com.foodapp.FoodServiceApplication       : Started FoodServiceApplication in 1.658 seconds (process running for 1246.671)
2026-08-31T15:50:37.330+05:30  INFO 19708 --- [FoodServiceApp] [restartedMain] .ConditionEvaluationDeltaLoggingListener : Condition evaluation unchanged
2026-08-31T15:50:37.457+05:30  INFO 19708 --- [FoodServiceApp] [http-nio-9091-exec-1] o.a.c.c.C.[Tomcat].[localhost].[/]       : Initializing Spring DispatcherServlet 'dispatcherServlet'
2026-08-31T15:50:37.458+05:30  INFO 19708 --- [FoodServiceApp] [http-nio-9091-exec-1] o.s.web.servlet.DispatcherServlet        : Initializing Servlet 'dispatcherServlet'
2026-08-31T15:50:37.459+05:30  INFO 19708 --- [FoodServiceApp] [http-nio-9091-exec-1] o.s.web.servlet.DispatcherServlet        : Completed initialization in 1 ms
2026-08-31T15:50:37.814+05:30  INFO 19708 --- [FoodServiceApp] [http-nio-9091-exec-4] o.springdoc.api.AbstractOpenApiResource  : Init duration for springdoc-openapi is: 228 ms
2026-08-31T15:51:48.301+05:30  INFO 19708 --- [FoodServiceApp] [File Watcher] rtingClassPathChangeChangedEventListener : Restarting due to 1 class path change (0 additions, 0 deletions, 1 modification)
2026-08-31T15:51:48.302+05:30  INFO 19708 --- [FoodServiceApp] [Thread-13] o.s.c.n.e.s.EurekaServiceRegistry        : Unregistering application FOODSERVICEAPP with eureka with status DOWN
2026-08-31T15:51:48.302+05:30  INFO 19708 --- [FoodServiceApp] [Thread-13] com.netflix.discovery.DiscoveryClient    : Saw local status change event StatusChangeEvent [timestamp=1788171708302, current=DOWN, previous=UP]
2026-08-31T15:51:48.303+05:30  INFO 19708 --- [FoodServiceApp] [DiscoveryClient-InstanceInfoReplicator-%d] com.netflix.discovery.DiscoveryClient    : DiscoveryClient_FOODSERVICEAPP/LP-TZD-85010939.IN.COFORGETECH.COM:FoodServiceApp:9091: registering service...
2026-08-31T15:51:48.303+05:30  INFO 19708 --- [FoodServiceApp] [Thread-13] o.s.boot.tomcat.GracefulShutdown         : Commencing graceful shutdown. Waiting for active requests to complete
2026-08-31T15:51:48.309+05:30  INFO 19708 --- [FoodServiceApp] [tomcat-shutdown] o.s.boot.tomcat.GracefulShutdown         : Graceful shutdown complete
2026-08-31T15:51:48.312+05:30  INFO 19708 --- [FoodServiceApp] [Thread-13] j.LocalContainerEntityManagerFactoryBean : Closing JPA EntityManagerFactory for persistence unit 'default'
2026-08-31T15:51:48.312+05:30  INFO 19708 --- [FoodServiceApp] [Thread-13] com.zaxxer.hikari.HikariDataSource       : HikariPool-3 - Shutdown initiated...
2026-08-31T15:51:48.319+05:30  INFO 19708 --- [FoodServiceApp] [DiscoveryClient-InstanceInfoReplicator-%d] com.netflix.discovery.DiscoveryClient    : DiscoveryClient_FOODSERVICEAPP/LP-TZD-85010939.IN.COFORGETECH.COM:FoodServiceApp:9091 - registration status: 204
2026-08-31T15:51:48.320+05:30  INFO 19708 --- [FoodServiceApp] [Thread-13] com.zaxxer.hikari.HikariDataSource       : HikariPool-3 - Shutdown completed.
2026-08-31T15:51:48.321+05:30  INFO 19708 --- [FoodServiceApp] [Thread-13] com.netflix.discovery.DiscoveryClient    : Shutting down DiscoveryClient ...
2026-08-31T15:51:51.325+05:30  INFO 19708 --- [FoodServiceApp] [Thread-13] com.netflix.discovery.DiscoveryClient    : Unregistering ...
2026-08-31T15:51:51.343+05:30  INFO 19708 --- [FoodServiceApp] [Thread-13] com.netflix.discovery.DiscoveryClient    : DiscoveryClient_FOODSERVICEAPP/LP-TZD-85010939.IN.COFORGETECH.COM:FoodServiceApp:9091 - deregister  status: 200
2026-08-31T15:51:51.344+05:30  INFO 19708 --- [FoodServiceApp] [Thread-13] com.netflix.discovery.DiscoveryClient    : Completed shut down of DiscoveryClient
2026-08-31T15:51:51.446+05:30  INFO 19708 --- [FoodServiceApp] [restartedMain] com.foodapp.FoodServiceApplication       : Starting FoodServiceApplication using Java 21.0.2 with PID 19708 (C:\Users\khushbu.1.sharma\eclipse-workspace\Project foodService Application\FoodServiceApp\target\classes started by KHUSHBU.1.SHARMA in C:\Users\khushbu.1.sharma\eclipse-workspace\Project foodService Application\FoodServiceApp)
2026-08-31T15:51:51.448+05:30  INFO 19708 --- [FoodServiceApp] [restartedMain] com.foodapp.FoodServiceApplication       : No active profile set, falling back to 1 default profile: "default"
2026-08-31T15:51:51.690+05:30  INFO 19708 --- [FoodServiceApp] [restartedMain] .s.d.r.c.RepositoryConfigurationDelegate : Bootstrapping Spring Data JPA repositories in DEFAULT mode.
2026-08-31T15:51:51.707+05:30  INFO 19708 --- [FoodServiceApp] [restartedMain] .s.d.r.c.RepositoryConfigurationDelegate : Finished Spring Data repository scanning in 13 ms. Found 1 JPA repository interface.
2026-08-31T15:51:51.801+05:30  INFO 19708 --- [FoodServiceApp] [restartedMain] o.s.cloud.context.scope.GenericScope     : BeanFactory id=8268633a-932c-38ab-9944-ad5fe5968cc9
2026-08-31T15:51:51.856+05:30  INFO 19708 --- [FoodServiceApp] [restartedMain] o.s.boot.tomcat.TomcatWebServer          : Tomcat initialized with port 9091 (http)
2026-08-31T15:51:51.857+05:30  INFO 19708 --- [FoodServiceApp] [restartedMain] o.apache.catalina.core.StandardService   : Starting service [Tomcat]
2026-08-31T15:51:51.858+05:30  INFO 19708 --- [FoodServiceApp] [restartedMain] o.apache.catalina.core.StandardEngine    : Starting Servlet engine: [Apache Tomcat/11.0.22]
2026-08-31T15:51:51.911+05:30  INFO 19708 --- [FoodServiceApp] [restartedMain] b.w.c.s.WebApplicationContextInitializer : Root WebApplicationContext: initialization completed in 461 ms
2026-08-31T15:51:51.936+05:30  INFO 19708 --- [FoodServiceApp] [restartedMain] org.hibernate.orm.jpa                    : HHH008540: Processing PersistenceUnitInfo [name: default]
2026-08-31T15:51:51.965+05:30  INFO 19708 --- [FoodServiceApp] [restartedMain] o.s.o.j.p.SpringPersistenceUnitInfo      : No LoadTimeWeaver setup: ignoring JPA class transformer
2026-08-31T15:51:51.966+05:30  INFO 19708 --- [FoodServiceApp] [restartedMain] com.zaxxer.hikari.HikariDataSource       : HikariPool-4 - Starting...
2026-08-31T15:51:51.979+05:30  INFO 19708 --- [FoodServiceApp] [restartedMain] com.zaxxer.hikari.pool.HikariPool        : HikariPool-4 - Added connection com.mysql.cj.jdbc.ConnectionImpl@78ccd1bb
2026-08-31T15:51:51.979+05:30  INFO 19708 --- [FoodServiceApp] [restartedMain] com.zaxxer.hikari.HikariDataSource       : HikariPool-4 - Start completed.
2026-08-31T15:51:51.981+05:30  INFO 19708 --- [FoodServiceApp] [restartedMain] org.hibernate.orm.connections.pooling    : HHH10001005: Database info:
	Database JDBC URL [jdbc:mysql://localhost:3306/cfg11]
	Database driver: MySQL Connector/J
	Database dialect: MySQLDialect
	Database version: 8.0.46
	Default catalog/schema: cfg11/undefined
	Autocommit mode: undefined/unknown
	Isolation level: REPEATABLE_READ [default REPEATABLE_READ]
	JDBC fetch size: none
	Pool: DataSourceConnectionProvider
	Minimum pool size: undefined/unknown
	Maximum pool size: undefined/unknown
2026-08-31T15:51:52.050+05:30  INFO 19708 --- [FoodServiceApp] [restartedMain] org.hibernate.orm.core                   : HHH000489: No JTA platform available (set 'hibernate.transaction.jta.platform' to enable JTA platform integration)
2026-08-31T15:51:52.071+05:30  INFO 19708 --- [FoodServiceApp] [restartedMain] j.LocalContainerEntityManagerFactoryBean : Initialized JPA EntityManagerFactory for persistence unit 'default'
2026-08-31T15:51:52.151+05:30  WARN 19708 --- [FoodServiceApp] [restartedMain] JpaBaseConfiguration$JpaWebConfiguration : spring.jpa.open-in-view is enabled by default. Therefore, database queries may be performed during view rendering. Explicitly configure spring.jpa.open-in-view to disable this warning
2026-08-31T15:51:52.204+05:30  INFO 19708 --- [FoodServiceApp] [restartedMain] o.s.c.openfeign.FeignClientFactoryBean   : For 'ORDER-SERVICE' URL not provided. Will try picking an instance via load-balancing.
2026-08-31T15:51:52.435+05:30  INFO 19708 --- [FoodServiceApp] [restartedMain] DiscoveryClientOptionalArgsConfiguration : Eureka HTTP Client uses RestClient.
2026-08-31T15:51:52.444+05:30  WARN 19708 --- [FoodServiceApp] [restartedMain] iguration$LoadBalancerCaffeineWarnLogger : Spring Cloud LoadBalancer is currently working with the default cache. While this cache implementation is useful for development and tests, it's recommended to use Caffeine cache in production.You can switch to using Caffeine cache, by adding it and org.springframework.cache.caffeine.CaffeineCacheManager to the classpath.
2026-08-31T15:51:52.453+05:30  INFO 19708 --- [FoodServiceApp] [restartedMain] o.s.c.n.eureka.InstanceInfoFactory       : Setting initial instance status as: STARTING
2026-08-31T15:51:52.457+05:30  INFO 19708 --- [FoodServiceApp] [restartedMain] com.netflix.discovery.DiscoveryClient    : Initializing Eureka in region us-east-1
2026-08-31T15:51:52.458+05:30  INFO 19708 --- [FoodServiceApp] [restartedMain] c.n.d.s.r.aws.ConfigClusterResolver      : Resolving eureka endpoints via configuration
2026-08-31T15:51:52.458+05:30  INFO 19708 --- [FoodServiceApp] [restartedMain] com.netflix.discovery.DiscoveryClient    : Disable delta property : false
2026-08-31T15:51:52.458+05:30  INFO 19708 --- [FoodServiceApp] [restartedMain] com.netflix.discovery.DiscoveryClient    : Single vip registry refresh property : null
2026-08-31T15:51:52.458+05:30  INFO 19708 --- [FoodServiceApp] [restartedMain] com.netflix.discovery.DiscoveryClient    : Force full registry fetch : false
2026-08-31T15:51:52.458+05:30  INFO 19708 --- [FoodServiceApp] [restartedMain] com.netflix.discovery.DiscoveryClient    : Application is null : false
2026-08-31T15:51:52.459+05:30  INFO 19708 --- [FoodServiceApp] [restartedMain] com.netflix.discovery.DiscoveryClient    : Registered Applications size is zero : true
2026-08-31T15:51:52.459+05:30  INFO 19708 --- [FoodServiceApp] [restartedMain] com.netflix.discovery.DiscoveryClient    : Application version is -1: true
2026-08-31T15:51:52.459+05:30  INFO 19708 --- [FoodServiceApp] [restartedMain] com.netflix.discovery.DiscoveryClient    : Getting all instance registry info from the eureka server
2026-08-31T15:51:52.480+05:30  INFO 19708 --- [FoodServiceApp] [restartedMain] com.netflix.discovery.DiscoveryClient    : The response status is 200
2026-08-31T15:51:52.481+05:30  INFO 19708 --- [FoodServiceApp] [restartedMain] com.netflix.discovery.DiscoveryClient    : Starting heartbeat executor: renew interval is: 30
2026-08-31T15:51:52.483+05:30  INFO 19708 --- [FoodServiceApp] [restartedMain] c.n.discovery.InstanceInfoReplicator     : InstanceInfoReplicator onDemand update allowed rate per min is 4
2026-08-31T15:51:52.484+05:30  INFO 19708 --- [FoodServiceApp] [restartedMain] com.netflix.discovery.DiscoveryClient    : Discovery Client initialized at timestamp 1788171712484 with initial instances count: 3
2026-08-31T15:51:52.486+05:30  INFO 19708 --- [FoodServiceApp] [restartedMain] o.s.c.n.e.s.EurekaServiceRegistry        : Registering application FOODSERVICEAPP with eureka with status UP
2026-08-31T15:51:52.486+05:30  INFO 19708 --- [FoodServiceApp] [restartedMain] com.netflix.discovery.DiscoveryClient    : Saw local status change event StatusChangeEvent [timestamp=1788171712486, current=UP, previous=STARTING]
2026-08-31T15:51:52.487+05:30  INFO 19708 --- [FoodServiceApp] [DiscoveryClient-InstanceInfoReplicator-%d] com.netflix.discovery.DiscoveryClient    : DiscoveryClient_FOODSERVICEAPP/LP-TZD-85010939.IN.COFORGETECH.COM:FoodServiceApp:9091: registering service...
2026-08-31T15:51:52.496+05:30  INFO 19708 --- [FoodServiceApp] [restartedMain] o.s.boot.tomcat.TomcatWebServer          : Tomcat started on port 9091 (http) with context path '/'
2026-08-31T15:51:52.498+05:30  INFO 19708 --- [FoodServiceApp] [restartedMain] .s.c.n.e.s.EurekaAutoServiceRegistration : Updating port to 9091
2026-08-31T15:51:52.504+05:30  INFO 19708 --- [FoodServiceApp] [DiscoveryClient-InstanceInfoReplicator-%d] com.netflix.discovery.DiscoveryClient    : DiscoveryClient_FOODSERVICEAPP/LP-TZD-85010939.IN.COFORGETECH.COM:FoodServiceApp:9091 - registration status: 204
2026-08-31T15:51:52.511+05:30  INFO 19708 --- [FoodServiceApp] [restartedMain] com.foodapp.FoodServiceApplication       : Started FoodServiceApplication in 1.101 seconds (process running for 1321.853)
2026-08-31T15:51:52.512+05:30  INFO 19708 --- [FoodServiceApp] [restartedMain] .ConditionEvaluationDeltaLoggingListener : Condition evaluation unchanged
2026-08-31T15:51:56.366+05:30  INFO 19708 --- [FoodServiceApp] [http-nio-9091-exec-2] o.a.c.c.C.[Tomcat].[localhost].[/]       : Initializing Spring DispatcherServlet 'dispatcherServlet'
2026-08-31T15:51:56.366+05:30  INFO 19708 --- [FoodServiceApp] [http-nio-9091-exec-2] o.s.web.servlet.DispatcherServlet        : Initializing Servlet 'dispatcherServlet'
2026-08-31T15:51:56.368+05:30  INFO 19708 --- [FoodServiceApp] [http-nio-9091-exec-2] o.s.web.servlet.DispatcherServlet        : Completed initialization in 2 ms
2026-08-31T15:51:56.703+05:30  INFO 19708 --- [FoodServiceApp] [http-nio-9091-exec-4] o.springdoc.api.AbstractOpenApiResource  : Init duration for springdoc-openapi is: 210 ms
2026-08-31T15:56:52.477+05:30  INFO 19708 --- [FoodServiceApp] [AsyncResolver-bootstrap-executor-%d] c.n.d.s.r.aws.ConfigClusterResolver      : Resolving eureka endpoints via configuration
2026-08-31T16:01:52.495+05:30  INFO 19708 --- [FoodServiceApp] [AsyncResolver-bootstrap-executor-%d] c.n.d.s.r.aws.ConfigClusterResolver      : Resolving eureka endpoints via configuration
2026-08-31T16:06:52.500+05:30  INFO 19708 --- [FoodServiceApp] [AsyncResolver-bootstrap-executor-%d] c.n.d.s.r.aws.ConfigClusterResolver      : Resolving eureka endpoints via configuration
2026-08-31T16:11:52.517+05:30  INFO 19708 --- [FoodServiceApp] [AsyncResolver-bootstrap-executor-%d] c.n.d.s.r.aws.ConfigClusterResolver      : Resolving eureka endpoints via configuration
2026-08-31T16:16:52.532+05:30  INFO 19708 --- [FoodServiceApp] [AsyncResolver-bootstrap-executor-%d] c.n.d.s.r.aws.ConfigClusterResolver      : Resolving eureka endpoints via configuration
2026-08-31T16:17:58.460+05:30  INFO 19708 --- [FoodServiceApp] [http-nio-9091-exec-7] com.foodapp.controller.UserController    : Status API Called for getAllOrders Of Users
2026-08-31T16:17:58.819+05:30  WARN 19708 --- [FoodServiceApp] [http-nio-9091-exec-7] o.s.c.l.core.RoundRobinLoadBalancer      : No servers available for service: ORDER-SERVICE
2026-08-31T16:17:58.837+05:30  WARN 19708 --- [FoodServiceApp] [http-nio-9091-exec-7] .s.c.o.l.FeignBlockingLoadBalancerClient : Load balancer does not contain an instance for the service ORDER-SERVICE
2026-08-31T16:17:58.854+05:30 ERROR 19708 --- [FoodServiceApp] [http-nio-9091-exec-7] o.a.c.c.C.[.[.[/].[dispatcherServlet]    : Servlet.service() for servlet [dispatcherServlet] in context with path [] threw exception [Request processing failed: feign.FeignException$ServiceUnavailable: [503] during [GET] to [http://ORDER-SERVICE/foodapp/user/allOrders] [OrderClient#getAllOrders()]: [Load balancer does not contain an instance for the service ORDER-SERVICE]] with root cause

feign.FeignException$ServiceUnavailable: [503] during [GET] to [http://ORDER-SERVICE/foodapp/user/allOrders] [OrderClient#getAllOrders()]: [Load balancer does not contain an instance for the service ORDER-SERVICE]
	at feign.FeignException.serverErrorStatus(FeignException.java:287) ~[feign-core-13.6.1.jar:na]
	at feign.FeignException.errorStatus(FeignException.java:226) ~[feign-core-13.6.1.jar:na]
	at feign.FeignException.errorStatus(FeignException.java:213) ~[feign-core-13.6.1.jar:na]
	at feign.codec.ErrorDecoder$Default.decode(ErrorDecoder.java:103) ~[feign-core-13.6.1.jar:na]
	at feign.InvocationContext.decodeError(InvocationContext.java:133) ~[feign-core-13.6.1.jar:na]
	at feign.InvocationContext.proceed(InvocationContext.java:80) ~[feign-core-13.6.1.jar:na]
	at feign.ResponseHandler.handleResponse(ResponseHandler.java:69) ~[feign-core-13.6.1.jar:na]
	at feign.SynchronousMethodHandler.executeAndDecode(SynchronousMethodHandler.java:109) ~[feign-core-13.6.1.jar:na]
	at feign.SynchronousMethodHandler.invoke(SynchronousMethodHandler.java:53) ~[feign-core-13.6.1.jar:na]
	at feign.ReflectiveFeign$FeignInvocationHandler.invoke(ReflectiveFeign.java:104) ~[feign-core-13.6.1.jar:na]
	at jdk.proxy7/jdk.proxy7.$Proxy206.getAllOrders(Unknown Source) ~[na:na]
	at com.foodapp.service.UserServiceImpl.getAllOrders(UserServiceImpl.java:89) ~[classes/:na]
	at com.foodapp.controller.UserController.getAllOrders(UserController.java:101) ~[classes/:na]
	at java.base/jdk.internal.reflect.DirectMethodHandleAccessor.invoke(DirectMethodHandleAccessor.java:103) ~[na:na]
	at java.base/java.lang.reflect.Method.invoke(Method.java:580) ~[na:na]
	at org.springframework.aop.support.AopUtils.invokeJoinpointUsingReflection(AopUtils.java:359) ~[spring-aop-7.0.8.jar:7.0.8]
	at org.springframework.aop.framework.CglibAopProxy$DynamicAdvisedInterceptor.intercept(CglibAopProxy.java:715) ~[spring-aop-7.0.8.jar:7.0.8]
	at com.foodapp.controller.UserController$$SpringCGLIB$$0.getAllOrders(<generated>) ~[classes/:na]
	at java.base/jdk.internal.reflect.DirectMethodHandleAccessor.invoke(DirectMethodHandleAccessor.java:103) ~[na:na]
	at java.base/java.lang.reflect.Method.invoke(Method.java:580) ~[na:na]
	at org.springframework.web.method.support.InvocableHandlerMethod.doInvoke(InvocableHandlerMethod.java:252) ~[spring-web-7.0.8.jar:7.0.8]
	at org.springframework.web.method.support.InvocableHandlerMethod.invokeForRequest(InvocableHandlerMethod.java:184) ~[spring-web-7.0.8.jar:7.0.8]
	at org.springframework.web.servlet.mvc.method.annotation.ServletInvocableHandlerMethod.invokeAndHandle(ServletInvocableHandlerMethod.java:117) ~[spring-webmvc-7.0.8.jar:7.0.8]
	at org.springframework.web.servlet.mvc.method.annotation.RequestMappingHandlerAdapter.invokeHandlerMethod(RequestMappingHandlerAdapter.java:934) ~[spring-webmvc-7.0.8.jar:7.0.8]
	at org.springframework.web.servlet.mvc.method.annotation.RequestMappingHandlerAdapter.handleInternal(RequestMappingHandlerAdapter.java:853) ~[spring-webmvc-7.0.8.jar:7.0.8]
	at org.springframework.web.servlet.mvc.method.AbstractHandlerMethodAdapter.handle(AbstractHandlerMethodAdapter.java:86) ~[spring-webmvc-7.0.8.jar:7.0.8]
	at org.springframework.web.servlet.DispatcherServlet.doDispatch(DispatcherServlet.java:963) ~[spring-webmvc-7.0.8.jar:7.0.8]
	at org.springframework.web.servlet.DispatcherServlet.doService(DispatcherServlet.java:866) ~[spring-webmvc-7.0.8.jar:7.0.8]
	at org.springframework.web.servlet.FrameworkServlet.processRequest(FrameworkServlet.java:1000) ~[spring-webmvc-7.0.8.jar:7.0.8]
	at org.springframework.web.servlet.FrameworkServlet.doGet(FrameworkServlet.java:892) ~[spring-webmvc-7.0.8.jar:7.0.8]
	at jakarta.servlet.http.HttpServlet.service(HttpServlet.java:622) ~[tomcat-embed-core-11.0.22.jar:6.1]
	at org.springframework.web.servlet.FrameworkServlet.service(FrameworkServlet.java:874) ~[spring-webmvc-7.0.8.jar:7.0.8]
	at jakarta.servlet.http.HttpServlet.service(HttpServlet.java:710) ~[tomcat-embed-core-11.0.22.jar:6.1]
	at org.apache.catalina.core.ApplicationFilterChain.doFilter(ApplicationFilterChain.java:128) ~[tomcat-embed-core-11.0.22.jar:11.0.22]
	at org.apache.tomcat.websocket.server.WsFilter.doFilter(WsFilter.java:53) ~[tomcat-embed-websocket-11.0.22.jar:11.0.22]
	at org.apache.catalina.core.ApplicationFilterChain.doFilter(ApplicationFilterChain.java:107) ~[tomcat-embed-core-11.0.22.jar:11.0.22]
	at org.springframework.web.filter.RequestContextFilter.doFilterInternal(RequestContextFilter.java:100) ~[spring-web-7.0.8.jar:7.0.8]
	at org.springframework.web.filter.OncePerRequestFilter.doFilter(OncePerRequestFilter.java:116) ~[spring-web-7.0.8.jar:7.0.8]
	at org.apache.catalina.core.ApplicationFilterChain.doFilter(ApplicationFilterChain.java:107) ~[tomcat-embed-core-11.0.22.jar:11.0.22]
	at org.springframework.web.filter.FormContentFilter.doFilterInternal(FormContentFilter.java:93) ~[spring-web-7.0.8.jar:7.0.8]
	at org.springframework.web.filter.OncePerRequestFilter.doFilter(OncePerRequestFilter.java:116) ~[spring-web-7.0.8.jar:7.0.8]
	at org.apache.catalina.core.ApplicationFilterChain.doFilter(ApplicationFilterChain.java:107) ~[tomcat-embed-core-11.0.22.jar:11.0.22]
	at org.springframework.web.filter.CharacterEncodingFilter.doFilterInternal(CharacterEncodingFilter.java:199) ~[spring-web-7.0.8.jar:7.0.8]
	at org.springframework.web.filter.OncePerRequestFilter.doFilter(OncePerRequestFilter.java:116) ~[spring-web-7.0.8.jar:7.0.8]
	at org.apache.catalina.core.ApplicationFilterChain.doFilter(ApplicationFilterChain.java:107) ~[tomcat-embed-core-11.0.22.jar:11.0.22]
	at org.apache.catalina.core.StandardWrapperValve.invoke(StandardWrapperValve.java:165) ~[tomcat-embed-core-11.0.22.jar:11.0.22]
	at org.apache.catalina.core.StandardContextValve.invoke(StandardContextValve.java:77) ~[tomcat-embed-core-11.0.22.jar:11.0.22]
	at org.apache.catalina.authenticator.AuthenticatorBase.invoke(AuthenticatorBase.java:492) ~[tomcat-embed-core-11.0.22.jar:11.0.22]
	at org.apache.catalina.core.StandardHostValve.invoke(StandardHostValve.java:113) ~[tomcat-embed-core-11.0.22.jar:11.0.22]
	at org.apache.catalina.valves.ErrorReportValve.invoke(ErrorReportValve.java:83) ~[tomcat-embed-core-11.0.22.jar:11.0.22]
	at org.apache.catalina.core.StandardEngineValve.invoke(StandardEngineValve.java:72) ~[tomcat-embed-core-11.0.22.jar:11.0.22]
	at org.apache.catalina.connector.CoyoteAdapter.service(CoyoteAdapter.java:341) ~[tomcat-embed-core-11.0.22.jar:11.0.22]
	at org.apache.coyote.http11.Http11Processor.service(Http11Processor.java:397) ~[tomcat-embed-core-11.0.22.jar:11.0.22]
	at org.apache.coyote.AbstractProcessorLight.process(AbstractProcessorLight.java:63) ~[tomcat-embed-core-11.0.22.jar:11.0.22]
	at org.apache.coyote.AbstractProtocol$ConnectionHandler.process(AbstractProtocol.java:1272) ~[tomcat-embed-core-11.0.22.jar:11.0.22]
	at org.apache.tomcat.util.net.NioEndpoint$SocketProcessor.doRun(NioEndpoint.java:1801) ~[tomcat-embed-core-11.0.22.jar:11.0.22]
	at org.apache.tomcat.util.net.SocketProcessorBase.run(SocketProcessorBase.java:52) ~[tomcat-embed-core-11.0.22.jar:11.0.22]
	at org.apache.tomcat.util.threads.ThreadPoolExecutor.runWorker(ThreadPoolExecutor.java:946) ~[tomcat-embed-core-11.0.22.jar:11.0.22]
	at org.apache.tomcat.util.threads.ThreadPoolExecutor$Worker.run(ThreadPoolExecutor.java:480) ~[tomcat-embed-core-11.0.22.jar:11.0.22]
	at org.apache.tomcat.util.threads.TaskThread$WrappingRunnable.run(TaskThread.java:57) ~[tomcat-embed-core-11.0.22.jar:11.0.22]
	at java.base/java.lang.Thread.run(Thread.java:1583) ~[na:na]

2026-08-31T16:21:30.828+05:30  INFO 19708 --- [FoodServiceApp] [File Watcher] rtingClassPathChangeChangedEventListener : Restarting due to 1 class path change (0 additions, 0 deletions, 1 modification)
2026-08-31T16:21:30.831+05:30  INFO 19708 --- [FoodServiceApp] [Thread-19] o.s.c.n.e.s.EurekaServiceRegistry        : Unregistering application FOODSERVICEAPP with eureka with status DOWN
2026-08-31T16:21:30.832+05:30  INFO 19708 --- [FoodServiceApp] [Thread-19] com.netflix.discovery.DiscoveryClient    : Saw local status change event StatusChangeEvent [timestamp=1788173490832, current=DOWN, previous=UP]
2026-08-31T16:21:30.832+05:30  INFO 19708 --- [FoodServiceApp] [DiscoveryClient-InstanceInfoReplicator-%d] com.netflix.discovery.DiscoveryClient    : DiscoveryClient_FOODSERVICEAPP/LP-TZD-85010939.IN.COFORGETECH.COM:FoodServiceApp:9091: registering service...
2026-08-31T16:21:30.833+05:30  INFO 19708 --- [FoodServiceApp] [Thread-19] o.s.boot.tomcat.GracefulShutdown         : Commencing graceful shutdown. Waiting for active requests to complete
2026-08-31T16:21:30.846+05:30  INFO 19708 --- [FoodServiceApp] [tomcat-shutdown] o.s.boot.tomcat.GracefulShutdown         : Graceful shutdown complete
2026-08-31T16:21:30.851+05:30  INFO 19708 --- [FoodServiceApp] [Thread-19] j.LocalContainerEntityManagerFactoryBean : Closing JPA EntityManagerFactory for persistence unit 'default'
2026-08-31T16:21:30.852+05:30  INFO 19708 --- [FoodServiceApp] [Thread-19] com.zaxxer.hikari.HikariDataSource       : HikariPool-4 - Shutdown initiated...
2026-08-31T16:21:30.859+05:30  INFO 19708 --- [FoodServiceApp] [DiscoveryClient-InstanceInfoReplicator-%d] com.netflix.discovery.DiscoveryClient    : DiscoveryClient_FOODSERVICEAPP/LP-TZD-85010939.IN.COFORGETECH.COM:FoodServiceApp:9091 - registration status: 204
2026-08-31T16:21:30.861+05:30  INFO 19708 --- [FoodServiceApp] [Thread-19] com.zaxxer.hikari.HikariDataSource       : HikariPool-4 - Shutdown completed.
2026-08-31T16:21:30.861+05:30  INFO 19708 --- [FoodServiceApp] [Thread-19] com.netflix.discovery.DiscoveryClient    : Shutting down DiscoveryClient ...
2026-08-31T16:21:33.864+05:30  INFO 19708 --- [FoodServiceApp] [Thread-19] com.netflix.discovery.DiscoveryClient    : Unregistering ...
2026-08-31T16:21:33.883+05:30  INFO 19708 --- [FoodServiceApp] [Thread-19] com.netflix.discovery.DiscoveryClient    : DiscoveryClient_FOODSERVICEAPP/LP-TZD-85010939.IN.COFORGETECH.COM:FoodServiceApp:9091 - deregister  status: 200
2026-08-31T16:21:33.883+05:30  INFO 19708 --- [FoodServiceApp] [Thread-19] com.netflix.discovery.DiscoveryClient    : Completed shut down of DiscoveryClient
2026-08-31T16:21:34.040+05:30  INFO 19708 --- [FoodServiceApp] [restartedMain] com.foodapp.FoodServiceApplication       : Starting FoodServiceApplication using Java 21.0.2 with PID 19708 (C:\Users\khushbu.1.sharma\eclipse-workspace\Project foodService Application\FoodServiceApp\target\classes started by KHUSHBU.1.SHARMA in C:\Users\khushbu.1.sharma\eclipse-workspace\Project foodService Application\FoodServiceApp)
2026-08-31T16:21:34.041+05:30  INFO 19708 --- [FoodServiceApp] [restartedMain] com.foodapp.FoodServiceApplication       : No active profile set, falling back to 1 default profile: "default"
2026-08-31T16:21:34.409+05:30  INFO 19708 --- [FoodServiceApp] [restartedMain] .s.d.r.c.RepositoryConfigurationDelegate : Bootstrapping Spring Data JPA repositories in DEFAULT mode.
2026-08-31T16:21:34.429+05:30  INFO 19708 --- [FoodServiceApp] [restartedMain] .s.d.r.c.RepositoryConfigurationDelegate : Finished Spring Data repository scanning in 16 ms. Found 1 JPA repository interface.
2026-08-31T16:21:34.529+05:30  INFO 19708 --- [FoodServiceApp] [restartedMain] o.s.cloud.context.scope.GenericScope     : BeanFactory id=9931cc8f-4ea7-3474-8a12-35008d9774ef
2026-08-31T16:21:34.603+05:30  INFO 19708 --- [FoodServiceApp] [restartedMain] o.s.boot.tomcat.TomcatWebServer          : Tomcat initialized with port 9091 (http)
2026-08-31T16:21:34.604+05:30  INFO 19708 --- [FoodServiceApp] [restartedMain] o.apache.catalina.core.StandardService   : Starting service [Tomcat]
2026-08-31T16:21:34.605+05:30  INFO 19708 --- [FoodServiceApp] [restartedMain] o.apache.catalina.core.StandardEngine    : Starting Servlet engine: [Apache Tomcat/11.0.22]
2026-08-31T16:21:34.672+05:30  INFO 19708 --- [FoodServiceApp] [restartedMain] b.w.c.s.WebApplicationContextInitializer : Root WebApplicationContext: initialization completed in 628 ms
2026-08-31T16:21:34.714+05:30  INFO 19708 --- [FoodServiceApp] [restartedMain] org.hibernate.orm.jpa                    : HHH008540: Processing PersistenceUnitInfo [name: default]
2026-08-31T16:21:34.751+05:30  INFO 19708 --- [FoodServiceApp] [restartedMain] o.s.o.j.p.SpringPersistenceUnitInfo      : No LoadTimeWeaver setup: ignoring JPA class transformer
2026-08-31T16:21:34.753+05:30  INFO 19708 --- [FoodServiceApp] [restartedMain] com.zaxxer.hikari.HikariDataSource       : HikariPool-5 - Starting...
2026-08-31T16:21:34.769+05:30  INFO 19708 --- [FoodServiceApp] [restartedMain] com.zaxxer.hikari.pool.HikariPool        : HikariPool-5 - Added connection com.mysql.cj.jdbc.ConnectionImpl@19635966
2026-08-31T16:21:34.770+05:30  INFO 19708 --- [FoodServiceApp] [restartedMain] com.zaxxer.hikari.HikariDataSource       : HikariPool-5 - Start completed.
2026-08-31T16:21:34.773+05:30  INFO 19708 --- [FoodServiceApp] [restartedMain] org.hibernate.orm.connections.pooling    : HHH10001005: Database info:
	Database JDBC URL [jdbc:mysql://localhost:3306/cfg11]
	Database driver: MySQL Connector/J
	Database dialect: MySQLDialect
	Database version: 8.0.46
	Default catalog/schema: cfg11/undefined
	Autocommit mode: undefined/unknown
	Isolation level: REPEATABLE_READ [default REPEATABLE_READ]
	JDBC fetch size: none
	Pool: DataSourceConnectionProvider
	Minimum pool size: undefined/unknown
	Maximum pool size: undefined/unknown
2026-08-31T16:21:34.845+05:30  INFO 19708 --- [FoodServiceApp] [restartedMain] org.hibernate.orm.core                   : HHH000489: No JTA platform available (set 'hibernate.transaction.jta.platform' to enable JTA platform integration)
2026-08-31T16:21:34.869+05:30  INFO 19708 --- [FoodServiceApp] [restartedMain] j.LocalContainerEntityManagerFactoryBean : Initialized JPA EntityManagerFactory for persistence unit 'default'
2026-08-31T16:21:34.971+05:30  WARN 19708 --- [FoodServiceApp] [restartedMain] JpaBaseConfiguration$JpaWebConfiguration : spring.jpa.open-in-view is enabled by default. Therefore, database queries may be performed during view rendering. Explicitly configure spring.jpa.open-in-view to disable this warning
2026-08-31T16:21:35.013+05:30  INFO 19708 --- [FoodServiceApp] [restartedMain] o.s.c.openfeign.FeignClientFactoryBean   : For 'APPUSER' URL not provided. Will try picking an instance via load-balancing.
2026-08-31T16:21:35.254+05:30  INFO 19708 --- [FoodServiceApp] [restartedMain] DiscoveryClientOptionalArgsConfiguration : Eureka HTTP Client uses RestClient.
2026-08-31T16:21:35.274+05:30  WARN 19708 --- [FoodServiceApp] [restartedMain] iguration$LoadBalancerCaffeineWarnLogger : Spring Cloud LoadBalancer is currently working with the default cache. While this cache implementation is useful for development and tests, it's recommended to use Caffeine cache in production.You can switch to using Caffeine cache, by adding it and org.springframework.cache.caffeine.CaffeineCacheManager to the classpath.
2026-08-31T16:21:35.286+05:30  INFO 19708 --- [FoodServiceApp] [restartedMain] o.s.c.n.eureka.InstanceInfoFactory       : Setting initial instance status as: STARTING
2026-08-31T16:21:35.289+05:30  INFO 19708 --- [FoodServiceApp] [restartedMain] com.netflix.discovery.DiscoveryClient    : Initializing Eureka in region us-east-1
2026-08-31T16:21:35.290+05:30  INFO 19708 --- [FoodServiceApp] [restartedMain] c.n.d.s.r.aws.ConfigClusterResolver      : Resolving eureka endpoints via configuration
2026-08-31T16:21:35.290+05:30  INFO 19708 --- [FoodServiceApp] [restartedMain] com.netflix.discovery.DiscoveryClient    : Disable delta property : false
2026-08-31T16:21:35.290+05:30  INFO 19708 --- [FoodServiceApp] [restartedMain] com.netflix.discovery.DiscoveryClient    : Single vip registry refresh property : null
2026-08-31T16:21:35.290+05:30  INFO 19708 --- [FoodServiceApp] [restartedMain] com.netflix.discovery.DiscoveryClient    : Force full registry fetch : false
2026-08-31T16:21:35.290+05:30  INFO 19708 --- [FoodServiceApp] [restartedMain] com.netflix.discovery.DiscoveryClient    : Application is null : false
2026-08-31T16:21:35.290+05:30  INFO 19708 --- [FoodServiceApp] [restartedMain] com.netflix.discovery.DiscoveryClient    : Registered Applications size is zero : true
2026-08-31T16:21:35.291+05:30  INFO 19708 --- [FoodServiceApp] [restartedMain] com.netflix.discovery.DiscoveryClient    : Application version is -1: true
2026-08-31T16:21:35.291+05:30  INFO 19708 --- [FoodServiceApp] [restartedMain] com.netflix.discovery.DiscoveryClient    : Getting all instance registry info from the eureka server
2026-08-31T16:21:35.318+05:30  INFO 19708 --- [FoodServiceApp] [restartedMain] com.netflix.discovery.DiscoveryClient    : The response status is 200
2026-08-31T16:21:35.319+05:30  INFO 19708 --- [FoodServiceApp] [restartedMain] com.netflix.discovery.DiscoveryClient    : Starting heartbeat executor: renew interval is: 30
2026-08-31T16:21:35.320+05:30  INFO 19708 --- [FoodServiceApp] [restartedMain] c.n.discovery.InstanceInfoReplicator     : InstanceInfoReplicator onDemand update allowed rate per min is 4
2026-08-31T16:21:35.320+05:30  INFO 19708 --- [FoodServiceApp] [restartedMain] com.netflix.discovery.DiscoveryClient    : Discovery Client initialized at timestamp 1788173495320 with initial instances count: 3
2026-08-31T16:21:35.322+05:30  INFO 19708 --- [FoodServiceApp] [restartedMain] o.s.c.n.e.s.EurekaServiceRegistry        : Registering application FOODSERVICEAPP with eureka with status UP
2026-08-31T16:21:35.322+05:30  INFO 19708 --- [FoodServiceApp] [restartedMain] com.netflix.discovery.DiscoveryClient    : Saw local status change event StatusChangeEvent [timestamp=1788173495322, current=UP, previous=STARTING]
2026-08-31T16:21:35.323+05:30  INFO 19708 --- [FoodServiceApp] [DiscoveryClient-InstanceInfoReplicator-%d] com.netflix.discovery.DiscoveryClient    : DiscoveryClient_FOODSERVICEAPP/LP-TZD-85010939.IN.COFORGETECH.COM:FoodServiceApp:9091: registering service...
2026-08-31T16:21:35.333+05:30  INFO 19708 --- [FoodServiceApp] [restartedMain] o.s.boot.tomcat.TomcatWebServer          : Tomcat started on port 9091 (http) with context path '/'
2026-08-31T16:21:35.334+05:30  INFO 19708 --- [FoodServiceApp] [restartedMain] .s.c.n.e.s.EurekaAutoServiceRegistration : Updating port to 9091
2026-08-31T16:21:35.337+05:30  INFO 19708 --- [FoodServiceApp] [DiscoveryClient-InstanceInfoReplicator-%d] com.netflix.discovery.DiscoveryClient    : DiscoveryClient_FOODSERVICEAPP/LP-TZD-85010939.IN.COFORGETECH.COM:FoodServiceApp:9091 - registration status: 204
2026-08-31T16:21:35.345+05:30  INFO 19708 --- [FoodServiceApp] [restartedMain] com.foodapp.FoodServiceApplication       : Started FoodServiceApplication in 1.358 seconds (process running for 3104.68)
2026-08-31T16:21:35.347+05:30  INFO 19708 --- [FoodServiceApp] [restartedMain] .ConditionEvaluationDeltaLoggingListener : Condition evaluation unchanged
2026-08-31T16:22:16.331+05:30  INFO 19708 --- [FoodServiceApp] [http-nio-9091-exec-1] o.a.c.c.C.[Tomcat].[localhost].[/]       : Initializing Spring DispatcherServlet 'dispatcherServlet'
2026-08-31T16:22:16.331+05:30  INFO 19708 --- [FoodServiceApp] [http-nio-9091-exec-1] o.s.web.servlet.DispatcherServlet        : Initializing Servlet 'dispatcherServlet'
2026-08-31T16:22:16.335+05:30  INFO 19708 --- [FoodServiceApp] [http-nio-9091-exec-1] o.s.web.servlet.DispatcherServlet        : Completed initialization in 3 ms
2026-08-31T16:22:16.337+05:30  INFO 19708 --- [FoodServiceApp] [http-nio-9091-exec-1] com.foodapp.controller.UserController    : Status API Called for getAllOrders Of Users
2026-08-31T16:24:22.166+05:30  INFO 19708 --- [FoodServiceApp] [http-nio-9091-exec-2] com.foodapp.controller.UserController    : Status API Called for getAllOrders Of Users
2026-08-31T16:26:35.293+05:30  INFO 19708 --- [FoodServiceApp] [AsyncResolver-bootstrap-executor-%d] c.n.d.s.r.aws.ConfigClusterResolver      : Resolving eureka endpoints via configuration
2026-08-31T16:26:46.488+05:30  INFO 19708 --- [FoodServiceApp] [http-nio-9091-exec-5] com.foodapp.controller.UserController    : Status API Called for getAllOrders Of Users
2026-08-31T16:28:12.953+05:30  INFO 19708 --- [FoodServiceApp] [http-nio-9091-exec-9] com.foodapp.controller.UserController    : Status API Called for getAllOrders Of Users
2026-08-31T16:28:14.174+05:30  INFO 19708 --- [FoodServiceApp] [http-nio-9091-exec-6] com.foodapp.controller.UserController    : Status API Called for getAllOrders Of Users
2026-08-31T16:31:35.291+05:30  INFO 19708 --- [FoodServiceApp] [AsyncResolver-bootstrap-executor-%d] c.n.d.s.r.aws.ConfigClusterResolver      : Resolving eureka endpoints via configuration
2026-08-31T16:34:17.004+05:30  INFO 19708 --- [FoodServiceApp] [File Watcher] rtingClassPathChangeChangedEventListener : Restarting due to 2 class path changes (0 additions, 0 deletions, 2 modifications)
2026-08-31T16:34:17.006+05:30  INFO 19708 --- [FoodServiceApp] [Thread-25] o.s.c.n.e.s.EurekaServiceRegistry        : Unregistering application FOODSERVICEAPP with eureka with status DOWN
2026-08-31T16:34:17.006+05:30  INFO 19708 --- [FoodServiceApp] [Thread-25] com.netflix.discovery.DiscoveryClient    : Saw local status change event StatusChangeEvent [timestamp=1788174257006, current=DOWN, previous=UP]
2026-08-31T16:34:17.006+05:30  INFO 19708 --- [FoodServiceApp] [DiscoveryClient-InstanceInfoReplicator-%d] com.netflix.discovery.DiscoveryClient    : DiscoveryClient_FOODSERVICEAPP/LP-TZD-85010939.IN.COFORGETECH.COM:FoodServiceApp:9091: registering service...
2026-08-31T16:34:17.007+05:30  INFO 19708 --- [FoodServiceApp] [Thread-25] o.s.boot.tomcat.GracefulShutdown         : Commencing graceful shutdown. Waiting for active requests to complete
2026-08-31T16:34:17.017+05:30  INFO 19708 --- [FoodServiceApp] [tomcat-shutdown] o.s.boot.tomcat.GracefulShutdown         : Graceful shutdown complete
2026-08-31T16:34:17.017+05:30  INFO 19708 --- [FoodServiceApp] [DiscoveryClient-InstanceInfoReplicator-%d] com.netflix.discovery.DiscoveryClient    : DiscoveryClient_FOODSERVICEAPP/LP-TZD-85010939.IN.COFORGETECH.COM:FoodServiceApp:9091 - registration status: 204
2026-08-31T16:34:17.022+05:30  INFO 19708 --- [FoodServiceApp] [Thread-25] j.LocalContainerEntityManagerFactoryBean : Closing JPA EntityManagerFactory for persistence unit 'default'
2026-08-31T16:34:17.023+05:30  INFO 19708 --- [FoodServiceApp] [Thread-25] com.zaxxer.hikari.HikariDataSource       : HikariPool-5 - Shutdown initiated...
2026-08-31T16:34:17.030+05:30  INFO 19708 --- [FoodServiceApp] [Thread-25] com.zaxxer.hikari.HikariDataSource       : HikariPool-5 - Shutdown completed.
2026-08-31T16:34:17.030+05:30  INFO 19708 --- [FoodServiceApp] [Thread-25] com.netflix.discovery.DiscoveryClient    : Shutting down DiscoveryClient ...
2026-08-31T16:34:20.033+05:30  INFO 19708 --- [FoodServiceApp] [Thread-25] com.netflix.discovery.DiscoveryClient    : Unregistering ...
2026-08-31T16:34:20.051+05:30  INFO 19708 --- [FoodServiceApp] [Thread-25] com.netflix.discovery.DiscoveryClient    : DiscoveryClient_FOODSERVICEAPP/LP-TZD-85010939.IN.COFORGETECH.COM:FoodServiceApp:9091 - deregister  status: 200
2026-08-31T16:34:20.051+05:30  INFO 19708 --- [FoodServiceApp] [Thread-25] com.netflix.discovery.DiscoveryClient    : Completed shut down of DiscoveryClient
2026-08-31T16:34:20.185+05:30  INFO 19708 --- [FoodServiceApp] [restartedMain] com.foodapp.FoodServiceApplication       : Starting FoodServiceApplication using Java 21.0.2 with PID 19708 (C:\Users\khushbu.1.sharma\eclipse-workspace\Project foodService Application\FoodServiceApp\target\classes started by KHUSHBU.1.SHARMA in C:\Users\khushbu.1.sharma\eclipse-workspace\Project foodService Application\FoodServiceApp)
2026-08-31T16:34:20.185+05:30  INFO 19708 --- [FoodServiceApp] [restartedMain] com.foodapp.FoodServiceApplication       : No active profile set, falling back to 1 default profile: "default"
2026-08-31T16:34:20.473+05:30  INFO 19708 --- [FoodServiceApp] [restartedMain] .s.d.r.c.RepositoryConfigurationDelegate : Bootstrapping Spring Data JPA repositories in DEFAULT mode.
2026-08-31T16:34:20.493+05:30  INFO 19708 --- [FoodServiceApp] [restartedMain] .s.d.r.c.RepositoryConfigurationDelegate : Finished Spring Data repository scanning in 17 ms. Found 1 JPA repository interface.
2026-08-31T16:34:20.620+05:30  INFO 19708 --- [FoodServiceApp] [restartedMain] o.s.cloud.context.scope.GenericScope     : BeanFactory id=9931cc8f-4ea7-3474-8a12-35008d9774ef
2026-08-31T16:34:20.780+05:30  INFO 19708 --- [FoodServiceApp] [restartedMain] o.s.boot.tomcat.TomcatWebServer          : Tomcat initialized with port 9091 (http)
2026-08-31T16:34:20.781+05:30  INFO 19708 --- [FoodServiceApp] [restartedMain] o.apache.catalina.core.StandardService   : Starting service [Tomcat]
2026-08-31T16:34:20.781+05:30  INFO 19708 --- [FoodServiceApp] [restartedMain] o.apache.catalina.core.StandardEngine    : Starting Servlet engine: [Apache Tomcat/11.0.22]
2026-08-31T16:34:20.870+05:30  INFO 19708 --- [FoodServiceApp] [restartedMain] b.w.c.s.WebApplicationContextInitializer : Root WebApplicationContext: initialization completed in 682 ms
2026-08-31T16:34:20.931+05:30  INFO 19708 --- [FoodServiceApp] [restartedMain] org.hibernate.orm.jpa                    : HHH008540: Processing PersistenceUnitInfo [name: default]
2026-08-31T16:34:20.982+05:30  INFO 19708 --- [FoodServiceApp] [restartedMain] o.s.o.j.p.SpringPersistenceUnitInfo      : No LoadTimeWeaver setup: ignoring JPA class transformer
2026-08-31T16:34:20.985+05:30  INFO 19708 --- [FoodServiceApp] [restartedMain] com.zaxxer.hikari.HikariDataSource       : HikariPool-6 - Starting...
2026-08-31T16:34:21.000+05:30  INFO 19708 --- [FoodServiceApp] [restartedMain] com.zaxxer.hikari.pool.HikariPool        : HikariPool-6 - Added connection com.mysql.cj.jdbc.ConnectionImpl@20a66d6
2026-08-31T16:34:21.001+05:30  INFO 19708 --- [FoodServiceApp] [restartedMain] com.zaxxer.hikari.HikariDataSource       : HikariPool-6 - Start completed.
2026-08-31T16:34:21.003+05:30  INFO 19708 --- [FoodServiceApp] [restartedMain] org.hibernate.orm.connections.pooling    : HHH10001005: Database info:
	Database JDBC URL [jdbc:mysql://localhost:3306/cfg11]
	Database driver: MySQL Connector/J
	Database dialect: MySQLDialect
	Database version: 8.0.46
	Default catalog/schema: cfg11/undefined
	Autocommit mode: undefined/unknown
	Isolation level: REPEATABLE_READ [default REPEATABLE_READ]
	JDBC fetch size: none
	Pool: DataSourceConnectionProvider
	Minimum pool size: undefined/unknown
	Maximum pool size: undefined/unknown
2026-08-31T16:34:21.088+05:30  INFO 19708 --- [FoodServiceApp] [restartedMain] org.hibernate.orm.core                   : HHH000489: No JTA platform available (set 'hibernate.transaction.jta.platform' to enable JTA platform integration)
2026-08-31T16:34:21.114+05:30  INFO 19708 --- [FoodServiceApp] [restartedMain] j.LocalContainerEntityManagerFactoryBean : Initialized JPA EntityManagerFactory for persistence unit 'default'
2026-08-31T16:34:21.202+05:30  WARN 19708 --- [FoodServiceApp] [restartedMain] JpaBaseConfiguration$JpaWebConfiguration : spring.jpa.open-in-view is enabled by default. Therefore, database queries may be performed during view rendering. Explicitly configure spring.jpa.open-in-view to disable this warning
2026-08-31T16:34:21.239+05:30  INFO 19708 --- [FoodServiceApp] [restartedMain] o.s.c.openfeign.FeignClientFactoryBean   : For 'APPUSER' URL not provided. Will try picking an instance via load-balancing.
2026-08-31T16:34:21.490+05:30  INFO 19708 --- [FoodServiceApp] [restartedMain] DiscoveryClientOptionalArgsConfiguration : Eureka HTTP Client uses RestClient.
2026-08-31T16:34:21.506+05:30  WARN 19708 --- [FoodServiceApp] [restartedMain] iguration$LoadBalancerCaffeineWarnLogger : Spring Cloud LoadBalancer is currently working with the default cache. While this cache implementation is useful for development and tests, it's recommended to use Caffeine cache in production.You can switch to using Caffeine cache, by adding it and org.springframework.cache.caffeine.CaffeineCacheManager to the classpath.
2026-08-31T16:34:21.522+05:30  INFO 19708 --- [FoodServiceApp] [restartedMain] o.s.c.n.eureka.InstanceInfoFactory       : Setting initial instance status as: STARTING
2026-08-31T16:34:21.526+05:30  INFO 19708 --- [FoodServiceApp] [restartedMain] com.netflix.discovery.DiscoveryClient    : Initializing Eureka in region us-east-1
2026-08-31T16:34:21.526+05:30  INFO 19708 --- [FoodServiceApp] [restartedMain] c.n.d.s.r.aws.ConfigClusterResolver      : Resolving eureka endpoints via configuration
2026-08-31T16:34:21.527+05:30  INFO 19708 --- [FoodServiceApp] [restartedMain] com.netflix.discovery.DiscoveryClient    : Disable delta property : false
2026-08-31T16:34:21.527+05:30  INFO 19708 --- [FoodServiceApp] [restartedMain] com.netflix.discovery.DiscoveryClient    : Single vip registry refresh property : null
2026-08-31T16:34:21.527+05:30  INFO 19708 --- [FoodServiceApp] [restartedMain] com.netflix.discovery.DiscoveryClient    : Force full registry fetch : false
2026-08-31T16:34:21.527+05:30  INFO 19708 --- [FoodServiceApp] [restartedMain] com.netflix.discovery.DiscoveryClient    : Application is null : false
2026-08-31T16:34:21.527+05:30  INFO 19708 --- [FoodServiceApp] [restartedMain] com.netflix.discovery.DiscoveryClient    : Registered Applications size is zero : true
2026-08-31T16:34:21.527+05:30  INFO 19708 --- [FoodServiceApp] [restartedMain] com.netflix.discovery.DiscoveryClient    : Application version is -1: true
2026-08-31T16:34:21.528+05:30  INFO 19708 --- [FoodServiceApp] [restartedMain] com.netflix.discovery.DiscoveryClient    : Getting all instance registry info from the eureka server
2026-08-31T16:34:21.548+05:30  INFO 19708 --- [FoodServiceApp] [restartedMain] com.netflix.discovery.DiscoveryClient    : The response status is 200
2026-08-31T16:34:21.549+05:30  INFO 19708 --- [FoodServiceApp] [restartedMain] com.netflix.discovery.DiscoveryClient    : Starting heartbeat executor: renew interval is: 30
2026-08-31T16:34:21.550+05:30  INFO 19708 --- [FoodServiceApp] [restartedMain] c.n.discovery.InstanceInfoReplicator     : InstanceInfoReplicator onDemand update allowed rate per min is 4
2026-08-31T16:34:21.551+05:30  INFO 19708 --- [FoodServiceApp] [restartedMain] com.netflix.discovery.DiscoveryClient    : Discovery Client initialized at timestamp 1788174261551 with initial instances count: 3
2026-08-31T16:34:21.552+05:30  INFO 19708 --- [FoodServiceApp] [restartedMain] o.s.c.n.e.s.EurekaServiceRegistry        : Registering application FOODSERVICEAPP with eureka with status UP
2026-08-31T16:34:21.552+05:30  INFO 19708 --- [FoodServiceApp] [restartedMain] com.netflix.discovery.DiscoveryClient    : Saw local status change event StatusChangeEvent [timestamp=1788174261552, current=UP, previous=STARTING]
2026-08-31T16:34:21.553+05:30  INFO 19708 --- [FoodServiceApp] [DiscoveryClient-InstanceInfoReplicator-%d] com.netflix.discovery.DiscoveryClient    : DiscoveryClient_FOODSERVICEAPP/LP-TZD-85010939.IN.COFORGETECH.COM:FoodServiceApp:9091: registering service...
2026-08-31T16:34:21.566+05:30  INFO 19708 --- [FoodServiceApp] [restartedMain] o.s.boot.tomcat.TomcatWebServer          : Tomcat started on port 9091 (http) with context path '/'
2026-08-31T16:34:21.567+05:30  INFO 19708 --- [FoodServiceApp] [restartedMain] .s.c.n.e.s.EurekaAutoServiceRegistration : Updating port to 9091
2026-08-31T16:34:21.568+05:30  INFO 19708 --- [FoodServiceApp] [DiscoveryClient-InstanceInfoReplicator-%d] com.netflix.discovery.DiscoveryClient    : DiscoveryClient_FOODSERVICEAPP/LP-TZD-85010939.IN.COFORGETECH.COM:FoodServiceApp:9091 - registration status: 204
2026-08-31T16:34:21.576+05:30  INFO 19708 --- [FoodServiceApp] [restartedMain] com.foodapp.FoodServiceApplication       : Started FoodServiceApplication in 1.435 seconds (process running for 3870.932)
2026-08-31T16:34:21.578+05:30  INFO 19708 --- [FoodServiceApp] [restartedMain] .ConditionEvaluationDeltaLoggingListener : Condition evaluation unchanged
2026-08-31T16:34:40.682+05:30  INFO 19708 --- [FoodServiceApp] [http-nio-9091-exec-1] o.a.c.c.C.[Tomcat].[localhost].[/]       : Initializing Spring DispatcherServlet 'dispatcherServlet'
2026-08-31T16:34:40.682+05:30  INFO 19708 --- [FoodServiceApp] [http-nio-9091-exec-1] o.s.web.servlet.DispatcherServlet        : Initializing Servlet 'dispatcherServlet'
2026-08-31T16:34:40.684+05:30  INFO 19708 --- [FoodServiceApp] [http-nio-9091-exec-1] o.s.web.servlet.DispatcherServlet        : Completed initialization in 2 ms
2026-08-31T16:34:41.100+05:30  INFO 19708 --- [FoodServiceApp] [http-nio-9091-exec-6] o.springdoc.api.AbstractOpenApiResource  : Init duration for springdoc-openapi is: 225 ms
2026-08-31T16:36:04.248+05:30  INFO 19708 --- [FoodServiceApp] [File Watcher] rtingClassPathChangeChangedEventListener : Restarting due to 1 class path change (0 additions, 0 deletions, 1 modification)
2026-08-31T16:36:04.250+05:30  INFO 19708 --- [FoodServiceApp] [Thread-31] o.s.c.n.e.s.EurekaServiceRegistry        : Unregistering application FOODSERVICEAPP with eureka with status DOWN
2026-08-31T16:36:04.251+05:30  INFO 19708 --- [FoodServiceApp] [Thread-31] com.netflix.discovery.DiscoveryClient    : Saw local status change event StatusChangeEvent [timestamp=1788174364251, current=DOWN, previous=UP]
2026-08-31T16:36:04.251+05:30  INFO 19708 --- [FoodServiceApp] [DiscoveryClient-InstanceInfoReplicator-%d] com.netflix.discovery.DiscoveryClient    : DiscoveryClient_FOODSERVICEAPP/LP-TZD-85010939.IN.COFORGETECH.COM:FoodServiceApp:9091: registering service...
2026-08-31T16:36:04.252+05:30  INFO 19708 --- [FoodServiceApp] [Thread-31] o.s.boot.tomcat.GracefulShutdown         : Commencing graceful shutdown. Waiting for active requests to complete
2026-08-31T16:36:04.264+05:30  INFO 19708 --- [FoodServiceApp] [DiscoveryClient-InstanceInfoReplicator-%d] com.netflix.discovery.DiscoveryClient    : DiscoveryClient_FOODSERVICEAPP/LP-TZD-85010939.IN.COFORGETECH.COM:FoodServiceApp:9091 - registration status: 204
2026-08-31T16:36:04.265+05:30  INFO 19708 --- [FoodServiceApp] [tomcat-shutdown] o.s.boot.tomcat.GracefulShutdown         : Graceful shutdown complete
2026-08-31T16:36:04.268+05:30  INFO 19708 --- [FoodServiceApp] [Thread-31] j.LocalContainerEntityManagerFactoryBean : Closing JPA EntityManagerFactory for persistence unit 'default'
2026-08-31T16:36:04.269+05:30  INFO 19708 --- [FoodServiceApp] [Thread-31] com.zaxxer.hikari.HikariDataSource       : HikariPool-6 - Shutdown initiated...
2026-08-31T16:36:04.277+05:30  INFO 19708 --- [FoodServiceApp] [Thread-31] com.zaxxer.hikari.HikariDataSource       : HikariPool-6 - Shutdown completed.
2026-08-31T16:36:04.278+05:30  INFO 19708 --- [FoodServiceApp] [Thread-31] com.netflix.discovery.DiscoveryClient    : Shutting down DiscoveryClient ...
2026-08-31T16:36:07.284+05:30  INFO 19708 --- [FoodServiceApp] [Thread-31] com.netflix.discovery.DiscoveryClient    : Unregistering ...
2026-08-31T16:36:07.305+05:30  INFO 19708 --- [FoodServiceApp] [Thread-31] com.netflix.discovery.DiscoveryClient    : DiscoveryClient_FOODSERVICEAPP/LP-TZD-85010939.IN.COFORGETECH.COM:FoodServiceApp:9091 - deregister  status: 200
2026-08-31T16:36:07.306+05:30  INFO 19708 --- [FoodServiceApp] [Thread-31] com.netflix.discovery.DiscoveryClient    : Completed shut down of DiscoveryClient
2026-08-31T16:36:07.455+05:30  INFO 19708 --- [FoodServiceApp] [restartedMain] com.foodapp.FoodServiceApplication       : Starting FoodServiceApplication using Java 21.0.2 with PID 19708 (C:\Users\khushbu.1.sharma\eclipse-workspace\Project foodService Application\FoodServiceApp\target\classes started by KHUSHBU.1.SHARMA in C:\Users\khushbu.1.sharma\eclipse-workspace\Project foodService Application\FoodServiceApp)
2026-08-31T16:36:07.456+05:30  INFO 19708 --- [FoodServiceApp] [restartedMain] com.foodapp.FoodServiceApplication       : No active profile set, falling back to 1 default profile: "default"
2026-08-31T16:36:07.739+05:30  INFO 19708 --- [FoodServiceApp] [restartedMain] .s.d.r.c.RepositoryConfigurationDelegate : Bootstrapping Spring Data JPA repositories in DEFAULT mode.
2026-08-31T16:36:07.758+05:30  INFO 19708 --- [FoodServiceApp] [restartedMain] .s.d.r.c.RepositoryConfigurationDelegate : Finished Spring Data repository scanning in 16 ms. Found 1 JPA repository interface.
2026-08-31T16:36:07.825+05:30  INFO 19708 --- [FoodServiceApp] [restartedMain] o.s.cloud.context.scope.GenericScope     : BeanFactory id=9931cc8f-4ea7-3474-8a12-35008d9774ef
2026-08-31T16:36:07.913+05:30  INFO 19708 --- [FoodServiceApp] [restartedMain] o.s.boot.tomcat.TomcatWebServer          : Tomcat initialized with port 9091 (http)
2026-08-31T16:36:07.913+05:30  INFO 19708 --- [FoodServiceApp] [restartedMain] o.apache.catalina.core.StandardService   : Starting service [Tomcat]
2026-08-31T16:36:07.914+05:30  INFO 19708 --- [FoodServiceApp] [restartedMain] o.apache.catalina.core.StandardEngine    : Starting Servlet engine: [Apache Tomcat/11.0.22]
2026-08-31T16:36:07.981+05:30  INFO 19708 --- [FoodServiceApp] [restartedMain] b.w.c.s.WebApplicationContextInitializer : Root WebApplicationContext: initialization completed in 522 ms
2026-08-31T16:36:08.023+05:30  INFO 19708 --- [FoodServiceApp] [restartedMain] org.hibernate.orm.jpa                    : HHH008540: Processing PersistenceUnitInfo [name: default]
2026-08-31T16:36:08.070+05:30  INFO 19708 --- [FoodServiceApp] [restartedMain] o.s.o.j.p.SpringPersistenceUnitInfo      : No LoadTimeWeaver setup: ignoring JPA class transformer
2026-08-31T16:36:08.072+05:30  INFO 19708 --- [FoodServiceApp] [restartedMain] com.zaxxer.hikari.HikariDataSource       : HikariPool-7 - Starting...
2026-08-31T16:36:08.091+05:30  INFO 19708 --- [FoodServiceApp] [restartedMain] com.zaxxer.hikari.pool.HikariPool        : HikariPool-7 - Added connection com.mysql.cj.jdbc.ConnectionImpl@163e3f75
2026-08-31T16:36:08.092+05:30  INFO 19708 --- [FoodServiceApp] [restartedMain] com.zaxxer.hikari.HikariDataSource       : HikariPool-7 - Start completed.
2026-08-31T16:36:08.095+05:30  INFO 19708 --- [FoodServiceApp] [restartedMain] org.hibernate.orm.connections.pooling    : HHH10001005: Database info:
	Database JDBC URL [jdbc:mysql://localhost:3306/cfg11]
	Database driver: MySQL Connector/J
	Database dialect: MySQLDialect
	Database version: 8.0.46
	Default catalog/schema: cfg11/undefined
	Autocommit mode: undefined/unknown
	Isolation level: REPEATABLE_READ [default REPEATABLE_READ]
	JDBC fetch size: none
	Pool: DataSourceConnectionProvider
	Minimum pool size: undefined/unknown
	Maximum pool size: undefined/unknown
2026-08-31T16:36:08.281+05:30  INFO 19708 --- [FoodServiceApp] [restartedMain] org.hibernate.orm.core                   : HHH000489: No JTA platform available (set 'hibernate.transaction.jta.platform' to enable JTA platform integration)
2026-08-31T16:36:08.316+05:30  INFO 19708 --- [FoodServiceApp] [restartedMain] j.LocalContainerEntityManagerFactoryBean : Initialized JPA EntityManagerFactory for persistence unit 'default'
2026-08-31T16:36:08.437+05:30  WARN 19708 --- [FoodServiceApp] [restartedMain] JpaBaseConfiguration$JpaWebConfiguration : spring.jpa.open-in-view is enabled by default. Therefore, database queries may be performed during view rendering. Explicitly configure spring.jpa.open-in-view to disable this warning
2026-08-31T16:36:08.497+05:30  INFO 19708 --- [FoodServiceApp] [restartedMain] o.s.c.openfeign.FeignClientFactoryBean   : For 'APPUSER' URL not provided. Will try picking an instance via load-balancing.
2026-08-31T16:36:08.788+05:30  INFO 19708 --- [FoodServiceApp] [restartedMain] DiscoveryClientOptionalArgsConfiguration : Eureka HTTP Client uses RestClient.
2026-08-31T16:36:08.799+05:30  WARN 19708 --- [FoodServiceApp] [restartedMain] iguration$LoadBalancerCaffeineWarnLogger : Spring Cloud LoadBalancer is currently working with the default cache. While this cache implementation is useful for development and tests, it's recommended to use Caffeine cache in production.You can switch to using Caffeine cache, by adding it and org.springframework.cache.caffeine.CaffeineCacheManager to the classpath.
2026-08-31T16:36:08.809+05:30  INFO 19708 --- [FoodServiceApp] [restartedMain] o.s.c.n.eureka.InstanceInfoFactory       : Setting initial instance status as: STARTING
2026-08-31T16:36:08.813+05:30  INFO 19708 --- [FoodServiceApp] [restartedMain] com.netflix.discovery.DiscoveryClient    : Initializing Eureka in region us-east-1
2026-08-31T16:36:08.814+05:30  INFO 19708 --- [FoodServiceApp] [restartedMain] c.n.d.s.r.aws.ConfigClusterResolver      : Resolving eureka endpoints via configuration
2026-08-31T16:36:08.814+05:30  INFO 19708 --- [FoodServiceApp] [restartedMain] com.netflix.discovery.DiscoveryClient    : Disable delta property : false
2026-08-31T16:36:08.814+05:30  INFO 19708 --- [FoodServiceApp] [restartedMain] com.netflix.discovery.DiscoveryClient    : Single vip registry refresh property : null
2026-08-31T16:36:08.814+05:30  INFO 19708 --- [FoodServiceApp] [restartedMain] com.netflix.discovery.DiscoveryClient    : Force full registry fetch : false
2026-08-31T16:36:08.814+05:30  INFO 19708 --- [FoodServiceApp] [restartedMain] com.netflix.discovery.DiscoveryClient    : Application is null : false
2026-08-31T16:36:08.815+05:30  INFO 19708 --- [FoodServiceApp] [restartedMain] com.netflix.discovery.DiscoveryClient    : Registered Applications size is zero : true
2026-08-31T16:36:08.815+05:30  INFO 19708 --- [FoodServiceApp] [restartedMain] com.netflix.discovery.DiscoveryClient    : Application version is -1: true
2026-08-31T16:36:08.815+05:30  INFO 19708 --- [FoodServiceApp] [restartedMain] com.netflix.discovery.DiscoveryClient    : Getting all instance registry info from the eureka server
2026-08-31T16:36:08.837+05:30  INFO 19708 --- [FoodServiceApp] [restartedMain] com.netflix.discovery.DiscoveryClient    : The response status is 200
2026-08-31T16:36:08.838+05:30  INFO 19708 --- [FoodServiceApp] [restartedMain] com.netflix.discovery.DiscoveryClient    : Starting heartbeat executor: renew interval is: 30
2026-08-31T16:36:08.839+05:30  INFO 19708 --- [FoodServiceApp] [restartedMain] c.n.discovery.InstanceInfoReplicator     : InstanceInfoReplicator onDemand update allowed rate per min is 4
2026-08-31T16:36:08.840+05:30  INFO 19708 --- [FoodServiceApp] [restartedMain] com.netflix.discovery.DiscoveryClient    : Discovery Client initialized at timestamp 1788174368840 with initial instances count: 3
2026-08-31T16:36:08.841+05:30  INFO 19708 --- [FoodServiceApp] [restartedMain] o.s.c.n.e.s.EurekaServiceRegistry        : Registering application FOODSERVICEAPP with eureka with status UP
2026-08-31T16:36:08.842+05:30  INFO 19708 --- [FoodServiceApp] [restartedMain] com.netflix.discovery.DiscoveryClient    : Saw local status change event StatusChangeEvent [timestamp=1788174368842, current=UP, previous=STARTING]
2026-08-31T16:36:08.842+05:30  INFO 19708 --- [FoodServiceApp] [DiscoveryClient-InstanceInfoReplicator-%d] com.netflix.discovery.DiscoveryClient    : DiscoveryClient_FOODSERVICEAPP/LP-TZD-85010939.IN.COFORGETECH.COM:FoodServiceApp:9091: registering service...
2026-08-31T16:36:08.854+05:30  INFO 19708 --- [FoodServiceApp] [restartedMain] o.s.boot.tomcat.TomcatWebServer          : Tomcat started on port 9091 (http) with context path '/'
2026-08-31T16:36:08.855+05:30  INFO 19708 --- [FoodServiceApp] [restartedMain] .s.c.n.e.s.EurekaAutoServiceRegistration : Updating port to 9091
2026-08-31T16:36:08.858+05:30  INFO 19708 --- [FoodServiceApp] [DiscoveryClient-InstanceInfoReplicator-%d] com.netflix.discovery.DiscoveryClient    : DiscoveryClient_FOODSERVICEAPP/LP-TZD-85010939.IN.COFORGETECH.COM:FoodServiceApp:9091 - registration status: 204
2026-08-31T16:36:08.879+05:30  INFO 19708 --- [FoodServiceApp] [restartedMain] com.foodapp.FoodServiceApplication       : Started FoodServiceApplication in 1.466 seconds (process running for 3978.237)
2026-08-31T16:36:08.881+05:30  INFO 19708 --- [FoodServiceApp] [restartedMain] .ConditionEvaluationDeltaLoggingListener : Condition evaluation unchanged
2026-08-31T16:36:27.876+05:30  INFO 19708 --- [FoodServiceApp] [File Watcher] rtingClassPathChangeChangedEventListener : Restarting due to 3 class path changes (0 additions, 0 deletions, 3 modifications)
2026-08-31T16:36:27.879+05:30  INFO 19708 --- [FoodServiceApp] [Thread-37] o.s.c.n.e.s.EurekaServiceRegistry        : Unregistering application FOODSERVICEAPP with eureka with status DOWN
2026-08-31T16:36:27.879+05:30  INFO 19708 --- [FoodServiceApp] [Thread-37] com.netflix.discovery.DiscoveryClient    : Saw local status change event StatusChangeEvent [timestamp=1788174387879, current=DOWN, previous=UP]
2026-08-31T16:36:27.880+05:30  INFO 19708 --- [FoodServiceApp] [DiscoveryClient-InstanceInfoReplicator-%d] com.netflix.discovery.DiscoveryClient    : DiscoveryClient_FOODSERVICEAPP/LP-TZD-85010939.IN.COFORGETECH.COM:FoodServiceApp:9091: registering service...
2026-08-31T16:36:27.880+05:30  INFO 19708 --- [FoodServiceApp] [Thread-37] o.s.boot.tomcat.GracefulShutdown         : Commencing graceful shutdown. Waiting for active requests to complete
2026-08-31T16:36:27.892+05:30  INFO 19708 --- [FoodServiceApp] [DiscoveryClient-InstanceInfoReplicator-%d] com.netflix.discovery.DiscoveryClient    : DiscoveryClient_FOODSERVICEAPP/LP-TZD-85010939.IN.COFORGETECH.COM:FoodServiceApp:9091 - registration status: 204
2026-08-31T16:36:27.893+05:30  INFO 19708 --- [FoodServiceApp] [tomcat-shutdown] o.s.boot.tomcat.GracefulShutdown         : Graceful shutdown complete
2026-08-31T16:36:27.896+05:30  INFO 19708 --- [FoodServiceApp] [Thread-37] j.LocalContainerEntityManagerFactoryBean : Closing JPA EntityManagerFactory for persistence unit 'default'
2026-08-31T16:36:27.896+05:30  INFO 19708 --- [FoodServiceApp] [Thread-37] com.zaxxer.hikari.HikariDataSource       : HikariPool-7 - Shutdown initiated...
2026-08-31T16:36:27.902+05:30  INFO 19708 --- [FoodServiceApp] [Thread-37] com.zaxxer.hikari.HikariDataSource       : HikariPool-7 - Shutdown completed.
2026-08-31T16:36:27.903+05:30  INFO 19708 --- [FoodServiceApp] [Thread-37] com.netflix.discovery.DiscoveryClient    : Shutting down DiscoveryClient ...
2026-08-31T16:36:30.909+05:30  INFO 19708 --- [FoodServiceApp] [Thread-37] com.netflix.discovery.DiscoveryClient    : Unregistering ...
2026-08-31T16:36:30.927+05:30  INFO 19708 --- [FoodServiceApp] [Thread-37] com.netflix.discovery.DiscoveryClient    : DiscoveryClient_FOODSERVICEAPP/LP-TZD-85010939.IN.COFORGETECH.COM:FoodServiceApp:9091 - deregister  status: 200
2026-08-31T16:36:30.927+05:30  INFO 19708 --- [FoodServiceApp] [Thread-37] com.netflix.discovery.DiscoveryClient    : Completed shut down of DiscoveryClient
2026-08-31T16:36:31.059+05:30  INFO 19708 --- [FoodServiceApp] [restartedMain] com.foodapp.FoodServiceApplication       : Starting FoodServiceApplication using Java 21.0.2 with PID 19708 (C:\Users\khushbu.1.sharma\eclipse-workspace\Project foodService Application\FoodServiceApp\target\classes started by KHUSHBU.1.SHARMA in C:\Users\khushbu.1.sharma\eclipse-workspace\Project foodService Application\FoodServiceApp)
2026-08-31T16:36:31.060+05:30  INFO 19708 --- [FoodServiceApp] [restartedMain] com.foodapp.FoodServiceApplication       : No active profile set, falling back to 1 default profile: "default"
2026-08-31T16:36:31.302+05:30  INFO 19708 --- [FoodServiceApp] [restartedMain] .s.d.r.c.RepositoryConfigurationDelegate : Bootstrapping Spring Data JPA repositories in DEFAULT mode.
2026-08-31T16:36:31.318+05:30  INFO 19708 --- [FoodServiceApp] [restartedMain] .s.d.r.c.RepositoryConfigurationDelegate : Finished Spring Data repository scanning in 14 ms. Found 1 JPA repository interface.
2026-08-31T16:36:31.387+05:30  INFO 19708 --- [FoodServiceApp] [restartedMain] o.s.cloud.context.scope.GenericScope     : BeanFactory id=9931cc8f-4ea7-3474-8a12-35008d9774ef
2026-08-31T16:36:31.462+05:30  INFO 19708 --- [FoodServiceApp] [restartedMain] o.s.boot.tomcat.TomcatWebServer          : Tomcat initialized with port 9091 (http)
2026-08-31T16:36:31.464+05:30  INFO 19708 --- [FoodServiceApp] [restartedMain] o.apache.catalina.core.StandardService   : Starting service [Tomcat]
2026-08-31T16:36:31.464+05:30  INFO 19708 --- [FoodServiceApp] [restartedMain] o.apache.catalina.core.StandardEngine    : Starting Servlet engine: [Apache Tomcat/11.0.22]
2026-08-31T16:36:31.535+05:30  INFO 19708 --- [FoodServiceApp] [restartedMain] b.w.c.s.WebApplicationContextInitializer : Root WebApplicationContext: initialization completed in 472 ms
2026-08-31T16:36:31.573+05:30  INFO 19708 --- [FoodServiceApp] [restartedMain] org.hibernate.orm.jpa                    : HHH008540: Processing PersistenceUnitInfo [name: default]
2026-08-31T16:36:31.616+05:30  INFO 19708 --- [FoodServiceApp] [restartedMain] o.s.o.j.p.SpringPersistenceUnitInfo      : No LoadTimeWeaver setup: ignoring JPA class transformer
2026-08-31T16:36:31.619+05:30  INFO 19708 --- [FoodServiceApp] [restartedMain] com.zaxxer.hikari.HikariDataSource       : HikariPool-8 - Starting...
2026-08-31T16:36:31.632+05:30  INFO 19708 --- [FoodServiceApp] [restartedMain] com.zaxxer.hikari.pool.HikariPool        : HikariPool-8 - Added connection com.mysql.cj.jdbc.ConnectionImpl@67e7c4b5
2026-08-31T16:36:31.633+05:30  INFO 19708 --- [FoodServiceApp] [restartedMain] com.zaxxer.hikari.HikariDataSource       : HikariPool-8 - Start completed.
2026-08-31T16:36:31.634+05:30  INFO 19708 --- [FoodServiceApp] [restartedMain] org.hibernate.orm.connections.pooling    : HHH10001005: Database info:
	Database JDBC URL [jdbc:mysql://localhost:3306/cfg11]
	Database driver: MySQL Connector/J
	Database dialect: MySQLDialect
	Database version: 8.0.46
	Default catalog/schema: cfg11/undefined
	Autocommit mode: undefined/unknown
	Isolation level: REPEATABLE_READ [default REPEATABLE_READ]
	JDBC fetch size: none
	Pool: DataSourceConnectionProvider
	Minimum pool size: undefined/unknown
	Maximum pool size: undefined/unknown
2026-08-31T16:36:31.707+05:30  INFO 19708 --- [FoodServiceApp] [restartedMain] org.hibernate.orm.core                   : HHH000489: No JTA platform available (set 'hibernate.transaction.jta.platform' to enable JTA platform integration)
2026-08-31T16:36:31.724+05:30  INFO 19708 --- [FoodServiceApp] [restartedMain] j.LocalContainerEntityManagerFactoryBean : Initialized JPA EntityManagerFactory for persistence unit 'default'
2026-08-31T16:36:31.834+05:30  WARN 19708 --- [FoodServiceApp] [restartedMain] JpaBaseConfiguration$JpaWebConfiguration : spring.jpa.open-in-view is enabled by default. Therefore, database queries may be performed during view rendering. Explicitly configure spring.jpa.open-in-view to disable this warning
2026-08-31T16:36:31.870+05:30  INFO 19708 --- [FoodServiceApp] [restartedMain] o.s.c.openfeign.FeignClientFactoryBean   : For 'APPUSER' URL not provided. Will try picking an instance via load-balancing.
2026-08-31T16:36:32.141+05:30  INFO 19708 --- [FoodServiceApp] [restartedMain] DiscoveryClientOptionalArgsConfiguration : Eureka HTTP Client uses RestClient.
2026-08-31T16:36:32.157+05:30  WARN 19708 --- [FoodServiceApp] [restartedMain] iguration$LoadBalancerCaffeineWarnLogger : Spring Cloud LoadBalancer is currently working with the default cache. While this cache implementation is useful for development and tests, it's recommended to use Caffeine cache in production.You can switch to using Caffeine cache, by adding it and org.springframework.cache.caffeine.CaffeineCacheManager to the classpath.
2026-08-31T16:36:32.173+05:30  INFO 19708 --- [FoodServiceApp] [restartedMain] o.s.c.n.eureka.InstanceInfoFactory       : Setting initial instance status as: STARTING
2026-08-31T16:36:32.176+05:30  INFO 19708 --- [FoodServiceApp] [restartedMain] com.netflix.discovery.DiscoveryClient    : Initializing Eureka in region us-east-1
2026-08-31T16:36:32.176+05:30  INFO 19708 --- [FoodServiceApp] [restartedMain] c.n.d.s.r.aws.ConfigClusterResolver      : Resolving eureka endpoints via configuration
2026-08-31T16:36:32.176+05:30  INFO 19708 --- [FoodServiceApp] [restartedMain] com.netflix.discovery.DiscoveryClient    : Disable delta property : false
2026-08-31T16:36:32.176+05:30  INFO 19708 --- [FoodServiceApp] [restartedMain] com.netflix.discovery.DiscoveryClient    : Single vip registry refresh property : null
2026-08-31T16:36:32.177+05:30  INFO 19708 --- [FoodServiceApp] [restartedMain] com.netflix.discovery.DiscoveryClient    : Force full registry fetch : false
2026-08-31T16:36:32.177+05:30  INFO 19708 --- [FoodServiceApp] [restartedMain] com.netflix.discovery.DiscoveryClient    : Application is null : false
2026-08-31T16:36:32.177+05:30  INFO 19708 --- [FoodServiceApp] [restartedMain] com.netflix.discovery.DiscoveryClient    : Registered Applications size is zero : true
2026-08-31T16:36:32.177+05:30  INFO 19708 --- [FoodServiceApp] [restartedMain] com.netflix.discovery.DiscoveryClient    : Application version is -1: true
2026-08-31T16:36:32.177+05:30  INFO 19708 --- [FoodServiceApp] [restartedMain] com.netflix.discovery.DiscoveryClient    : Getting all instance registry info from the eureka server
2026-08-31T16:36:32.200+05:30  INFO 19708 --- [FoodServiceApp] [restartedMain] com.netflix.discovery.DiscoveryClient    : The response status is 200
2026-08-31T16:36:32.201+05:30  INFO 19708 --- [FoodServiceApp] [restartedMain] com.netflix.discovery.DiscoveryClient    : Starting heartbeat executor: renew interval is: 30
2026-08-31T16:36:32.203+05:30  INFO 19708 --- [FoodServiceApp] [restartedMain] c.n.discovery.InstanceInfoReplicator     : InstanceInfoReplicator onDemand update allowed rate per min is 4
2026-08-31T16:36:32.204+05:30  INFO 19708 --- [FoodServiceApp] [restartedMain] com.netflix.discovery.DiscoveryClient    : Discovery Client initialized at timestamp 1788174392204 with initial instances count: 2
2026-08-31T16:36:32.205+05:30  INFO 19708 --- [FoodServiceApp] [restartedMain] o.s.c.n.e.s.EurekaServiceRegistry        : Registering application FOODSERVICEAPP with eureka with status UP
2026-08-31T16:36:32.206+05:30  INFO 19708 --- [FoodServiceApp] [restartedMain] com.netflix.discovery.DiscoveryClient    : Saw local status change event StatusChangeEvent [timestamp=1788174392206, current=UP, previous=STARTING]
2026-08-31T16:36:32.206+05:30  INFO 19708 --- [FoodServiceApp] [DiscoveryClient-InstanceInfoReplicator-%d] com.netflix.discovery.DiscoveryClient    : DiscoveryClient_FOODSERVICEAPP/LP-TZD-85010939.IN.COFORGETECH.COM:FoodServiceApp:9091: registering service...
2026-08-31T16:36:32.223+05:30  INFO 19708 --- [FoodServiceApp] [DiscoveryClient-InstanceInfoReplicator-%d] com.netflix.discovery.DiscoveryClient    : DiscoveryClient_FOODSERVICEAPP/LP-TZD-85010939.IN.COFORGETECH.COM:FoodServiceApp:9091 - registration status: 204
2026-08-31T16:36:32.228+05:30  INFO 19708 --- [FoodServiceApp] [restartedMain] o.s.boot.tomcat.TomcatWebServer          : Tomcat started on port 9091 (http) with context path '/'
2026-08-31T16:36:32.229+05:30  INFO 19708 --- [FoodServiceApp] [restartedMain] .s.c.n.e.s.EurekaAutoServiceRegistration : Updating port to 9091
2026-08-31T16:36:32.242+05:30  INFO 19708 --- [FoodServiceApp] [restartedMain] com.foodapp.FoodServiceApplication       : Started FoodServiceApplication in 1.221 seconds (process running for 4001.599)
2026-08-31T16:36:32.244+05:30  INFO 19708 --- [FoodServiceApp] [restartedMain] .ConditionEvaluationDeltaLoggingListener : Condition evaluation unchanged
2026-08-31T16:36:43.748+05:30  INFO 19708 --- [FoodServiceApp] [http-nio-9091-exec-1] o.a.c.c.C.[Tomcat].[localhost].[/]       : Initializing Spring DispatcherServlet 'dispatcherServlet'
2026-08-31T16:36:43.748+05:30  INFO 19708 --- [FoodServiceApp] [http-nio-9091-exec-1] o.s.web.servlet.DispatcherServlet        : Initializing Servlet 'dispatcherServlet'
2026-08-31T16:36:43.751+05:30  INFO 19708 --- [FoodServiceApp] [http-nio-9091-exec-1] o.s.web.servlet.DispatcherServlet        : Completed initialization in 2 ms
2026-08-31T16:36:44.319+05:30  INFO 19708 --- [FoodServiceApp] [http-nio-9091-exec-7] o.springdoc.api.AbstractOpenApiResource  : Init duration for springdoc-openapi is: 361 ms
2026-08-31T16:37:11.328+05:30 ERROR 19708 --- [FoodServiceApp] [http-nio-9091-exec-8] o.a.c.c.C.[.[.[/].[dispatcherServlet]    : Servlet.service() for servlet [dispatcherServlet] in context with path [] threw exception [Handler dispatch failed: java.lang.Error: Unresolved compilation problem: 
	The method getAllOrders() is undefined for the type UserService
] with root cause

java.lang.Error: Unresolved compilation problem: 
	The method getAllOrders() is undefined for the type UserService

	at com.foodapp.controller.UserController.getAllOrders(UserController.java:101) ~[classes/:na]
	at java.base/jdk.internal.reflect.DirectMethodHandleAccessor.invoke(DirectMethodHandleAccessor.java:103) ~[na:na]
	at java.base/java.lang.reflect.Method.invoke(Method.java:580) ~[na:na]
	at org.springframework.aop.support.AopUtils.invokeJoinpointUsingReflection(AopUtils.java:359) ~[spring-aop-7.0.8.jar:7.0.8]
	at org.springframework.aop.framework.CglibAopProxy$DynamicAdvisedInterceptor.intercept(CglibAopProxy.java:715) ~[spring-aop-7.0.8.jar:7.0.8]
	at com.foodapp.controller.UserController$$SpringCGLIB$$0.getAllOrders(<generated>) ~[classes/:na]
	at java.base/jdk.internal.reflect.DirectMethodHandleAccessor.invoke(DirectMethodHandleAccessor.java:103) ~[na:na]
	at java.base/java.lang.reflect.Method.invoke(Method.java:580) ~[na:na]
	at org.springframework.web.method.support.InvocableHandlerMethod.doInvoke(InvocableHandlerMethod.java:252) ~[spring-web-7.0.8.jar:7.0.8]
	at org.springframework.web.method.support.InvocableHandlerMethod.invokeForRequest(InvocableHandlerMethod.java:184) ~[spring-web-7.0.8.jar:7.0.8]
	at org.springframework.web.servlet.mvc.method.annotation.ServletInvocableHandlerMethod.invokeAndHandle(ServletInvocableHandlerMethod.java:117) ~[spring-webmvc-7.0.8.jar:7.0.8]
	at org.springframework.web.servlet.mvc.method.annotation.RequestMappingHandlerAdapter.invokeHandlerMethod(RequestMappingHandlerAdapter.java:934) ~[spring-webmvc-7.0.8.jar:7.0.8]
	at org.springframework.web.servlet.mvc.method.annotation.RequestMappingHandlerAdapter.handleInternal(RequestMappingHandlerAdapter.java:853) ~[spring-webmvc-7.0.8.jar:7.0.8]
	at org.springframework.web.servlet.mvc.method.AbstractHandlerMethodAdapter.handle(AbstractHandlerMethodAdapter.java:86) ~[spring-webmvc-7.0.8.jar:7.0.8]
	at org.springframework.web.servlet.DispatcherServlet.doDispatch(DispatcherServlet.java:963) ~[spring-webmvc-7.0.8.jar:7.0.8]
	at org.springframework.web.servlet.DispatcherServlet.doService(DispatcherServlet.java:866) ~[spring-webmvc-7.0.8.jar:7.0.8]
	at org.springframework.web.servlet.FrameworkServlet.processRequest(FrameworkServlet.java:1000) ~[spring-webmvc-7.0.8.jar:7.0.8]
	at org.springframework.web.servlet.FrameworkServlet.doGet(FrameworkServlet.java:892) ~[spring-webmvc-7.0.8.jar:7.0.8]
	at jakarta.servlet.http.HttpServlet.service(HttpServlet.java:622) ~[tomcat-embed-core-11.0.22.jar:6.1]
	at org.springframework.web.servlet.FrameworkServlet.service(FrameworkServlet.java:874) ~[spring-webmvc-7.0.8.jar:7.0.8]
	at jakarta.servlet.http.HttpServlet.service(HttpServlet.java:710) ~[tomcat-embed-core-11.0.22.jar:6.1]
	at org.apache.catalina.core.ApplicationFilterChain.doFilter(ApplicationFilterChain.java:128) ~[tomcat-embed-core-11.0.22.jar:11.0.22]
	at org.apache.tomcat.websocket.server.WsFilter.doFilter(WsFilter.java:53) ~[tomcat-embed-websocket-11.0.22.jar:11.0.22]
	at org.apache.catalina.core.ApplicationFilterChain.doFilter(ApplicationFilterChain.java:107) ~[tomcat-embed-core-11.0.22.jar:11.0.22]
	at org.springframework.web.filter.RequestContextFilter.doFilterInternal(RequestContextFilter.java:100) ~[spring-web-7.0.8.jar:7.0.8]
	at org.springframework.web.filter.OncePerRequestFilter.doFilter(OncePerRequestFilter.java:116) ~[spring-web-7.0.8.jar:7.0.8]
	at org.apache.catalina.core.ApplicationFilterChain.doFilter(ApplicationFilterChain.java:107) ~[tomcat-embed-core-11.0.22.jar:11.0.22]
	at org.springframework.web.filter.FormContentFilter.doFilterInternal(FormContentFilter.java:93) ~[spring-web-7.0.8.jar:7.0.8]
	at org.springframework.web.filter.OncePerRequestFilter.doFilter(OncePerRequestFilter.java:116) ~[spring-web-7.0.8.jar:7.0.8]
	at org.apache.catalina.core.ApplicationFilterChain.doFilter(ApplicationFilterChain.java:107) ~[tomcat-embed-core-11.0.22.jar:11.0.22]
	at org.springframework.web.filter.CharacterEncodingFilter.doFilterInternal(CharacterEncodingFilter.java:199) ~[spring-web-7.0.8.jar:7.0.8]
	at org.springframework.web.filter.OncePerRequestFilter.doFilter(OncePerRequestFilter.java:116) ~[spring-web-7.0.8.jar:7.0.8]
	at org.apache.catalina.core.ApplicationFilterChain.doFilter(ApplicationFilterChain.java:107) ~[tomcat-embed-core-11.0.22.jar:11.0.22]
	at org.apache.catalina.core.StandardWrapperValve.invoke(StandardWrapperValve.java:165) ~[tomcat-embed-core-11.0.22.jar:11.0.22]
	at org.apache.catalina.core.StandardContextValve.invoke(StandardContextValve.java:77) ~[tomcat-embed-core-11.0.22.jar:11.0.22]
	at org.apache.catalina.authenticator.AuthenticatorBase.invoke(AuthenticatorBase.java:492) ~[tomcat-embed-core-11.0.22.jar:11.0.22]
	at org.apache.catalina.core.StandardHostValve.invoke(StandardHostValve.java:113) ~[tomcat-embed-core-11.0.22.jar:11.0.22]
	at org.apache.catalina.valves.ErrorReportValve.invoke(ErrorReportValve.java:83) ~[tomcat-embed-core-11.0.22.jar:11.0.22]
	at org.apache.catalina.core.StandardEngineValve.invoke(StandardEngineValve.java:72) ~[tomcat-embed-core-11.0.22.jar:11.0.22]
	at org.apache.catalina.connector.CoyoteAdapter.service(CoyoteAdapter.java:341) ~[tomcat-embed-core-11.0.22.jar:11.0.22]
	at org.apache.coyote.http11.Http11Processor.service(Http11Processor.java:397) ~[tomcat-embed-core-11.0.22.jar:11.0.22]
	at org.apache.coyote.AbstractProcessorLight.process(AbstractProcessorLight.java:63) ~[tomcat-embed-core-11.0.22.jar:11.0.22]
	at org.apache.coyote.AbstractProtocol$ConnectionHandler.process(AbstractProtocol.java:1272) ~[tomcat-embed-core-11.0.22.jar:11.0.22]
	at org.apache.tomcat.util.net.NioEndpoint$SocketProcessor.doRun(NioEndpoint.java:1801) ~[tomcat-embed-core-11.0.22.jar:11.0.22]
	at org.apache.tomcat.util.net.SocketProcessorBase.run(SocketProcessorBase.java:52) ~[tomcat-embed-core-11.0.22.jar:11.0.22]
	at org.apache.tomcat.util.threads.ThreadPoolExecutor.runWorker(ThreadPoolExecutor.java:946) ~[tomcat-embed-core-11.0.22.jar:11.0.22]
	at org.apache.tomcat.util.threads.ThreadPoolExecutor$Worker.run(ThreadPoolExecutor.java:480) ~[tomcat-embed-core-11.0.22.jar:11.0.22]
	at org.apache.tomcat.util.threads.TaskThread$WrappingRunnable.run(TaskThread.java:57) ~[tomcat-embed-core-11.0.22.jar:11.0.22]
	at java.base/java.lang.Thread.run(Thread.java:1583) ~[na:na]

2026-08-31T16:37:13.407+05:30 ERROR 19708 --- [FoodServiceApp] [http-nio-9091-exec-2] o.a.c.c.C.[.[.[/].[dispatcherServlet]    : Servlet.service() for servlet [dispatcherServlet] in context with path [] threw exception [Handler dispatch failed: java.lang.Error: Unresolved compilation problem: 
	The method getAllOrders() is undefined for the type UserService
] with root cause

java.lang.Error: Unresolved compilation problem: 
	The method getAllOrders() is undefined for the type UserService

	at com.foodapp.controller.UserController.getAllOrders(UserController.java:101) ~[classes/:na]
	at java.base/jdk.internal.reflect.DirectMethodHandleAccessor.invoke(DirectMethodHandleAccessor.java:103) ~[na:na]
	at java.base/java.lang.reflect.Method.invoke(Method.java:580) ~[na:na]
	at org.springframework.aop.support.AopUtils.invokeJoinpointUsingReflection(AopUtils.java:359) ~[spring-aop-7.0.8.jar:7.0.8]
	at org.springframework.aop.framework.CglibAopProxy$DynamicAdvisedInterceptor.intercept(CglibAopProxy.java:715) ~[spring-aop-7.0.8.jar:7.0.8]
	at com.foodapp.controller.UserController$$SpringCGLIB$$0.getAllOrders(<generated>) ~[classes/:na]
	at java.base/jdk.internal.reflect.DirectMethodHandleAccessor.invoke(DirectMethodHandleAccessor.java:103) ~[na:na]
	at java.base/java.lang.reflect.Method.invoke(Method.java:580) ~[na:na]
	at org.springframework.web.method.support.InvocableHandlerMethod.doInvoke(InvocableHandlerMethod.java:252) ~[spring-web-7.0.8.jar:7.0.8]
	at org.springframework.web.method.support.InvocableHandlerMethod.invokeForRequest(InvocableHandlerMethod.java:184) ~[spring-web-7.0.8.jar:7.0.8]
	at org.springframework.web.servlet.mvc.method.annotation.ServletInvocableHandlerMethod.invokeAndHandle(ServletInvocableHandlerMethod.java:117) ~[spring-webmvc-7.0.8.jar:7.0.8]
	at org.springframework.web.servlet.mvc.method.annotation.RequestMappingHandlerAdapter.invokeHandlerMethod(RequestMappingHandlerAdapter.java:934) ~[spring-webmvc-7.0.8.jar:7.0.8]
	at org.springframework.web.servlet.mvc.method.annotation.RequestMappingHandlerAdapter.handleInternal(RequestMappingHandlerAdapter.java:853) ~[spring-webmvc-7.0.8.jar:7.0.8]
	at org.springframework.web.servlet.mvc.method.AbstractHandlerMethodAdapter.handle(AbstractHandlerMethodAdapter.java:86) ~[spring-webmvc-7.0.8.jar:7.0.8]
	at org.springframework.web.servlet.DispatcherServlet.doDispatch(DispatcherServlet.java:963) ~[spring-webmvc-7.0.8.jar:7.0.8]
	at org.springframework.web.servlet.DispatcherServlet.doService(DispatcherServlet.java:866) ~[spring-webmvc-7.0.8.jar:7.0.8]
	at org.springframework.web.servlet.FrameworkServlet.processRequest(FrameworkServlet.java:1000) ~[spring-webmvc-7.0.8.jar:7.0.8]
	at org.springframework.web.servlet.FrameworkServlet.doGet(FrameworkServlet.java:892) ~[spring-webmvc-7.0.8.jar:7.0.8]
	at jakarta.servlet.http.HttpServlet.service(HttpServlet.java:622) ~[tomcat-embed-core-11.0.22.jar:6.1]
	at org.springframework.web.servlet.FrameworkServlet.service(FrameworkServlet.java:874) ~[spring-webmvc-7.0.8.jar:7.0.8]
	at jakarta.servlet.http.HttpServlet.service(HttpServlet.java:710) ~[tomcat-embed-core-11.0.22.jar:6.1]
	at org.apache.catalina.core.ApplicationFilterChain.doFilter(ApplicationFilterChain.java:128) ~[tomcat-embed-core-11.0.22.jar:11.0.22]
	at org.apache.tomcat.websocket.server.WsFilter.doFilter(WsFilter.java:53) ~[tomcat-embed-websocket-11.0.22.jar:11.0.22]
	at org.apache.catalina.core.ApplicationFilterChain.doFilter(ApplicationFilterChain.java:107) ~[tomcat-embed-core-11.0.22.jar:11.0.22]
	at org.springframework.web.filter.RequestContextFilter.doFilterInternal(RequestContextFilter.java:100) ~[spring-web-7.0.8.jar:7.0.8]
	at org.springframework.web.filter.OncePerRequestFilter.doFilter(OncePerRequestFilter.java:116) ~[spring-web-7.0.8.jar:7.0.8]
	at org.apache.catalina.core.ApplicationFilterChain.doFilter(ApplicationFilterChain.java:107) ~[tomcat-embed-core-11.0.22.jar:11.0.22]
	at org.springframework.web.filter.FormContentFilter.doFilterInternal(FormContentFilter.java:93) ~[spring-web-7.0.8.jar:7.0.8]
	at org.springframework.web.filter.OncePerRequestFilter.doFilter(OncePerRequestFilter.java:116) ~[spring-web-7.0.8.jar:7.0.8]
	at org.apache.catalina.core.ApplicationFilterChain.doFilter(ApplicationFilterChain.java:107) ~[tomcat-embed-core-11.0.22.jar:11.0.22]
	at org.springframework.web.filter.CharacterEncodingFilter.doFilterInternal(CharacterEncodingFilter.java:199) ~[spring-web-7.0.8.jar:7.0.8]
	at org.springframework.web.filter.OncePerRequestFilter.doFilter(OncePerRequestFilter.java:116) ~[spring-web-7.0.8.jar:7.0.8]
	at org.apache.catalina.core.ApplicationFilterChain.doFilter(ApplicationFilterChain.java:107) ~[tomcat-embed-core-11.0.22.jar:11.0.22]
	at org.apache.catalina.core.StandardWrapperValve.invoke(StandardWrapperValve.java:165) ~[tomcat-embed-core-11.0.22.jar:11.0.22]
	at org.apache.catalina.core.StandardContextValve.invoke(StandardContextValve.java:77) ~[tomcat-embed-core-11.0.22.jar:11.0.22]
	at org.apache.catalina.authenticator.AuthenticatorBase.invoke(AuthenticatorBase.java:492) ~[tomcat-embed-core-11.0.22.jar:11.0.22]
	at org.apache.catalina.core.StandardHostValve.invoke(StandardHostValve.java:113) ~[tomcat-embed-core-11.0.22.jar:11.0.22]
	at org.apache.catalina.valves.ErrorReportValve.invoke(ErrorReportValve.java:83) ~[tomcat-embed-core-11.0.22.jar:11.0.22]
	at org.apache.catalina.core.StandardEngineValve.invoke(StandardEngineValve.java:72) ~[tomcat-embed-core-11.0.22.jar:11.0.22]
	at org.apache.catalina.connector.CoyoteAdapter.service(CoyoteAdapter.java:341) ~[tomcat-embed-core-11.0.22.jar:11.0.22]
	at org.apache.coyote.http11.Http11Processor.service(Http11Processor.java:397) ~[tomcat-embed-core-11.0.22.jar:11.0.22]
	at org.apache.coyote.AbstractProcessorLight.process(AbstractProcessorLight.java:63) ~[tomcat-embed-core-11.0.22.jar:11.0.22]
	at org.apache.coyote.AbstractProtocol$ConnectionHandler.process(AbstractProtocol.java:1272) ~[tomcat-embed-core-11.0.22.jar:11.0.22]
	at org.apache.tomcat.util.net.NioEndpoint$SocketProcessor.doRun(NioEndpoint.java:1801) ~[tomcat-embed-core-11.0.22.jar:11.0.22]
	at org.apache.tomcat.util.net.SocketProcessorBase.run(SocketProcessorBase.java:52) ~[tomcat-embed-core-11.0.22.jar:11.0.22]
	at org.apache.tomcat.util.threads.ThreadPoolExecutor.runWorker(ThreadPoolExecutor.java:946) ~[tomcat-embed-core-11.0.22.jar:11.0.22]
	at org.apache.tomcat.util.threads.ThreadPoolExecutor$Worker.run(ThreadPoolExecutor.java:480) ~[tomcat-embed-core-11.0.22.jar:11.0.22]
	at org.apache.tomcat.util.threads.TaskThread$WrappingRunnable.run(TaskThread.java:57) ~[tomcat-embed-core-11.0.22.jar:11.0.22]
	at java.base/java.lang.Thread.run(Thread.java:1583) ~[na:na]

2026-08-31T16:38:43.090+05:30  INFO 19708 --- [FoodServiceApp] [File Watcher] rtingClassPathChangeChangedEventListener : Restarting due to 1 class path change (0 additions, 0 deletions, 1 modification)
2026-08-31T16:38:43.093+05:30  INFO 19708 --- [FoodServiceApp] [Thread-43] o.s.c.n.e.s.EurekaServiceRegistry        : Unregistering application FOODSERVICEAPP with eureka with status DOWN
2026-08-31T16:38:43.093+05:30  INFO 19708 --- [FoodServiceApp] [Thread-43] com.netflix.discovery.DiscoveryClient    : Saw local status change event StatusChangeEvent [timestamp=1788174523093, current=DOWN, previous=UP]
2026-08-31T16:38:43.094+05:30  INFO 19708 --- [FoodServiceApp] [DiscoveryClient-InstanceInfoReplicator-%d] com.netflix.discovery.DiscoveryClient    : DiscoveryClient_FOODSERVICEAPP/LP-TZD-85010939.IN.COFORGETECH.COM:FoodServiceApp:9091: registering service...
2026-08-31T16:38:43.096+05:30  INFO 19708 --- [FoodServiceApp] [Thread-43] o.s.boot.tomcat.GracefulShutdown         : Commencing graceful shutdown. Waiting for active requests to complete
2026-08-31T16:38:43.107+05:30  INFO 19708 --- [FoodServiceApp] [DiscoveryClient-InstanceInfoReplicator-%d] com.netflix.discovery.DiscoveryClient    : DiscoveryClient_FOODSERVICEAPP/LP-TZD-85010939.IN.COFORGETECH.COM:FoodServiceApp:9091 - registration status: 204
2026-08-31T16:38:43.121+05:30  INFO 19708 --- [FoodServiceApp] [tomcat-shutdown] o.s.boot.tomcat.GracefulShutdown         : Graceful shutdown complete
2026-08-31T16:38:43.131+05:30  INFO 19708 --- [FoodServiceApp] [Thread-43] j.LocalContainerEntityManagerFactoryBean : Closing JPA EntityManagerFactory for persistence unit 'default'
2026-08-31T16:38:43.133+05:30  INFO 19708 --- [FoodServiceApp] [Thread-43] com.zaxxer.hikari.HikariDataSource       : HikariPool-8 - Shutdown initiated...
2026-08-31T16:38:43.152+05:30  INFO 19708 --- [FoodServiceApp] [Thread-43] com.zaxxer.hikari.HikariDataSource       : HikariPool-8 - Shutdown completed.
2026-08-31T16:38:43.154+05:30  INFO 19708 --- [FoodServiceApp] [Thread-43] com.netflix.discovery.DiscoveryClient    : Shutting down DiscoveryClient ...
2026-08-31T16:38:46.171+05:30  INFO 19708 --- [FoodServiceApp] [Thread-43] com.netflix.discovery.DiscoveryClient    : Unregistering ...
2026-08-31T16:38:46.189+05:30  INFO 19708 --- [FoodServiceApp] [Thread-43] com.netflix.discovery.DiscoveryClient    : DiscoveryClient_FOODSERVICEAPP/LP-TZD-85010939.IN.COFORGETECH.COM:FoodServiceApp:9091 - deregister  status: 200
2026-08-31T16:38:46.189+05:30  INFO 19708 --- [FoodServiceApp] [Thread-43] com.netflix.discovery.DiscoveryClient    : Completed shut down of DiscoveryClient
2026-08-31T16:38:46.331+05:30  INFO 19708 --- [FoodServiceApp] [restartedMain] com.foodapp.FoodServiceApplication       : Starting FoodServiceApplication using Java 21.0.2 with PID 19708 (C:\Users\khushbu.1.sharma\eclipse-workspace\Project foodService Application\FoodServiceApp\target\classes started by KHUSHBU.1.SHARMA in C:\Users\khushbu.1.sharma\eclipse-workspace\Project foodService Application\FoodServiceApp)
2026-08-31T16:38:46.332+05:30  INFO 19708 --- [FoodServiceApp] [restartedMain] com.foodapp.FoodServiceApplication       : No active profile set, falling back to 1 default profile: "default"
2026-08-31T16:38:46.538+05:30  INFO 19708 --- [FoodServiceApp] [restartedMain] .s.d.r.c.RepositoryConfigurationDelegate : Bootstrapping Spring Data JPA repositories in DEFAULT mode.
2026-08-31T16:38:46.551+05:30  INFO 19708 --- [FoodServiceApp] [restartedMain] .s.d.r.c.RepositoryConfigurationDelegate : Finished Spring Data repository scanning in 11 ms. Found 1 JPA repository interface.
2026-08-31T16:38:46.656+05:30  INFO 19708 --- [FoodServiceApp] [restartedMain] o.s.cloud.context.scope.GenericScope     : BeanFactory id=9931cc8f-4ea7-3474-8a12-35008d9774ef
2026-08-31T16:38:46.718+05:30  INFO 19708 --- [FoodServiceApp] [restartedMain] o.s.boot.tomcat.TomcatWebServer          : Tomcat initialized with port 9091 (http)
2026-08-31T16:38:46.718+05:30  INFO 19708 --- [FoodServiceApp] [restartedMain] o.apache.catalina.core.StandardService   : Starting service [Tomcat]
2026-08-31T16:38:46.719+05:30  INFO 19708 --- [FoodServiceApp] [restartedMain] o.apache.catalina.core.StandardEngine    : Starting Servlet engine: [Apache Tomcat/11.0.22]
2026-08-31T16:38:46.780+05:30  INFO 19708 --- [FoodServiceApp] [restartedMain] b.w.c.s.WebApplicationContextInitializer : Root WebApplicationContext: initialization completed in 444 ms
2026-08-31T16:38:46.823+05:30  INFO 19708 --- [FoodServiceApp] [restartedMain] org.hibernate.orm.jpa                    : HHH008540: Processing PersistenceUnitInfo [name: default]
2026-08-31T16:38:46.865+05:30  INFO 19708 --- [FoodServiceApp] [restartedMain] o.s.o.j.p.SpringPersistenceUnitInfo      : No LoadTimeWeaver setup: ignoring JPA class transformer
2026-08-31T16:38:46.866+05:30  INFO 19708 --- [FoodServiceApp] [restartedMain] com.zaxxer.hikari.HikariDataSource       : HikariPool-9 - Starting...
2026-08-31T16:38:46.880+05:30  INFO 19708 --- [FoodServiceApp] [restartedMain] com.zaxxer.hikari.pool.HikariPool        : HikariPool-9 - Added connection com.mysql.cj.jdbc.ConnectionImpl@38e3bf75
2026-08-31T16:38:46.880+05:30  INFO 19708 --- [FoodServiceApp] [restartedMain] com.zaxxer.hikari.HikariDataSource       : HikariPool-9 - Start completed.
2026-08-31T16:38:46.883+05:30  INFO 19708 --- [FoodServiceApp] [restartedMain] org.hibernate.orm.connections.pooling    : HHH10001005: Database info:
	Database JDBC URL [jdbc:mysql://localhost:3306/cfg11]
	Database driver: MySQL Connector/J
	Database dialect: MySQLDialect
	Database version: 8.0.46
	Default catalog/schema: cfg11/undefined
	Autocommit mode: undefined/unknown
	Isolation level: REPEATABLE_READ [default REPEATABLE_READ]
	JDBC fetch size: none
	Pool: DataSourceConnectionProvider
	Minimum pool size: undefined/unknown
	Maximum pool size: undefined/unknown
2026-08-31T16:38:46.949+05:30  INFO 19708 --- [FoodServiceApp] [restartedMain] org.hibernate.orm.core                   : HHH000489: No JTA platform available (set 'hibernate.transaction.jta.platform' to enable JTA platform integration)
2026-08-31T16:38:46.961+05:30  INFO 19708 --- [FoodServiceApp] [restartedMain] j.LocalContainerEntityManagerFactoryBean : Initialized JPA EntityManagerFactory for persistence unit 'default'
2026-08-31T16:38:47.027+05:30  WARN 19708 --- [FoodServiceApp] [restartedMain] JpaBaseConfiguration$JpaWebConfiguration : spring.jpa.open-in-view is enabled by default. Therefore, database queries may be performed during view rendering. Explicitly configure spring.jpa.open-in-view to disable this warning
2026-08-31T16:38:47.059+05:30  INFO 19708 --- [FoodServiceApp] [restartedMain] o.s.c.openfeign.FeignClientFactoryBean   : For 'APPUSER' URL not provided. Will try picking an instance via load-balancing.
2026-08-31T16:38:47.263+05:30  INFO 19708 --- [FoodServiceApp] [restartedMain] DiscoveryClientOptionalArgsConfiguration : Eureka HTTP Client uses RestClient.
2026-08-31T16:38:47.270+05:30  WARN 19708 --- [FoodServiceApp] [restartedMain] iguration$LoadBalancerCaffeineWarnLogger : Spring Cloud LoadBalancer is currently working with the default cache. While this cache implementation is useful for development and tests, it's recommended to use Caffeine cache in production.You can switch to using Caffeine cache, by adding it and org.springframework.cache.caffeine.CaffeineCacheManager to the classpath.
2026-08-31T16:38:47.282+05:30  INFO 19708 --- [FoodServiceApp] [restartedMain] o.s.c.n.eureka.InstanceInfoFactory       : Setting initial instance status as: STARTING
2026-08-31T16:38:47.284+05:30  INFO 19708 --- [FoodServiceApp] [restartedMain] com.netflix.discovery.DiscoveryClient    : Initializing Eureka in region us-east-1
2026-08-31T16:38:47.284+05:30  INFO 19708 --- [FoodServiceApp] [restartedMain] c.n.d.s.r.aws.ConfigClusterResolver      : Resolving eureka endpoints via configuration
2026-08-31T16:38:47.284+05:30  INFO 19708 --- [FoodServiceApp] [restartedMain] com.netflix.discovery.DiscoveryClient    : Disable delta property : false
2026-08-31T16:38:47.284+05:30  INFO 19708 --- [FoodServiceApp] [restartedMain] com.netflix.discovery.DiscoveryClient    : Single vip registry refresh property : null
2026-08-31T16:38:47.284+05:30  INFO 19708 --- [FoodServiceApp] [restartedMain] com.netflix.discovery.DiscoveryClient    : Force full registry fetch : false
2026-08-31T16:38:47.284+05:30  INFO 19708 --- [FoodServiceApp] [restartedMain] com.netflix.discovery.DiscoveryClient    : Application is null : false
2026-08-31T16:38:47.284+05:30  INFO 19708 --- [FoodServiceApp] [restartedMain] com.netflix.discovery.DiscoveryClient    : Registered Applications size is zero : true
2026-08-31T16:38:47.284+05:30  INFO 19708 --- [FoodServiceApp] [restartedMain] com.netflix.discovery.DiscoveryClient    : Application version is -1: true
2026-08-31T16:38:47.284+05:30  INFO 19708 --- [FoodServiceApp] [restartedMain] com.netflix.discovery.DiscoveryClient    : Getting all instance registry info from the eureka server
2026-08-31T16:38:47.299+05:30  INFO 19708 --- [FoodServiceApp] [restartedMain] com.netflix.discovery.DiscoveryClient    : The response status is 200
2026-08-31T16:38:47.300+05:30  INFO 19708 --- [FoodServiceApp] [restartedMain] com.netflix.discovery.DiscoveryClient    : Starting heartbeat executor: renew interval is: 30
2026-08-31T16:38:47.300+05:30  INFO 19708 --- [FoodServiceApp] [restartedMain] c.n.discovery.InstanceInfoReplicator     : InstanceInfoReplicator onDemand update allowed rate per min is 4
2026-08-31T16:38:47.300+05:30  INFO 19708 --- [FoodServiceApp] [restartedMain] com.netflix.discovery.DiscoveryClient    : Discovery Client initialized at timestamp 1788174527300 with initial instances count: 3
2026-08-31T16:38:47.301+05:30  INFO 19708 --- [FoodServiceApp] [restartedMain] o.s.c.n.e.s.EurekaServiceRegistry        : Registering application FOODSERVICEAPP with eureka with status UP
2026-08-31T16:38:47.301+05:30  INFO 19708 --- [FoodServiceApp] [restartedMain] com.netflix.discovery.DiscoveryClient    : Saw local status change event StatusChangeEvent [timestamp=1788174527301, current=UP, previous=STARTING]
2026-08-31T16:38:47.302+05:30  INFO 19708 --- [FoodServiceApp] [DiscoveryClient-InstanceInfoReplicator-%d] com.netflix.discovery.DiscoveryClient    : DiscoveryClient_FOODSERVICEAPP/LP-TZD-85010939.IN.COFORGETECH.COM:FoodServiceApp:9091: registering service...
2026-08-31T16:38:47.313+05:30  INFO 19708 --- [FoodServiceApp] [restartedMain] o.s.boot.tomcat.TomcatWebServer          : Tomcat started on port 9091 (http) with context path '/'
2026-08-31T16:38:47.315+05:30  INFO 19708 --- [FoodServiceApp] [restartedMain] .s.c.n.e.s.EurekaAutoServiceRegistration : Updating port to 9091
2026-08-31T16:38:47.316+05:30  INFO 19708 --- [FoodServiceApp] [DiscoveryClient-InstanceInfoReplicator-%d] com.netflix.discovery.DiscoveryClient    : DiscoveryClient_FOODSERVICEAPP/LP-TZD-85010939.IN.COFORGETECH.COM:FoodServiceApp:9091 - registration status: 204
2026-08-31T16:38:47.325+05:30  INFO 19708 --- [FoodServiceApp] [restartedMain] com.foodapp.FoodServiceApplication       : Started FoodServiceApplication in 1.032 seconds (process running for 4136.683)
2026-08-31T16:38:47.327+05:30  INFO 19708 --- [FoodServiceApp] [restartedMain] .ConditionEvaluationDeltaLoggingListener : Condition evaluation unchanged
2026-08-31T16:40:31.741+05:30  INFO 19708 --- [FoodServiceApp] [File Watcher] rtingClassPathChangeChangedEventListener : Restarting due to 1 class path change (0 additions, 0 deletions, 1 modification)
2026-08-31T16:40:31.745+05:30  INFO 19708 --- [FoodServiceApp] [Thread-49] o.s.c.n.e.s.EurekaServiceRegistry        : Unregistering application FOODSERVICEAPP with eureka with status DOWN
2026-08-31T16:40:31.746+05:30  INFO 19708 --- [FoodServiceApp] [Thread-49] com.netflix.discovery.DiscoveryClient    : Saw local status change event StatusChangeEvent [timestamp=1788174631746, current=DOWN, previous=UP]
2026-08-31T16:40:31.746+05:30  INFO 19708 --- [FoodServiceApp] [DiscoveryClient-InstanceInfoReplicator-%d] com.netflix.discovery.DiscoveryClient    : DiscoveryClient_FOODSERVICEAPP/LP-TZD-85010939.IN.COFORGETECH.COM:FoodServiceApp:9091: registering service...
2026-08-31T16:40:31.748+05:30  INFO 19708 --- [FoodServiceApp] [Thread-49] o.s.boot.tomcat.GracefulShutdown         : Commencing graceful shutdown. Waiting for active requests to complete
2026-08-31T16:40:31.774+05:30  INFO 19708 --- [FoodServiceApp] [DiscoveryClient-InstanceInfoReplicator-%d] com.netflix.discovery.DiscoveryClient    : DiscoveryClient_FOODSERVICEAPP/LP-TZD-85010939.IN.COFORGETECH.COM:FoodServiceApp:9091 - registration status: 204
2026-08-31T16:40:31.778+05:30  INFO 19708 --- [FoodServiceApp] [tomcat-shutdown] o.s.boot.tomcat.GracefulShutdown         : Graceful shutdown complete
2026-08-31T16:40:31.788+05:30  INFO 19708 --- [FoodServiceApp] [Thread-49] j.LocalContainerEntityManagerFactoryBean : Closing JPA EntityManagerFactory for persistence unit 'default'
2026-08-31T16:40:31.790+05:30  INFO 19708 --- [FoodServiceApp] [Thread-49] com.zaxxer.hikari.HikariDataSource       : HikariPool-9 - Shutdown initiated...
2026-08-31T16:40:31.813+05:30  INFO 19708 --- [FoodServiceApp] [Thread-49] com.zaxxer.hikari.HikariDataSource       : HikariPool-9 - Shutdown completed.
2026-08-31T16:40:31.814+05:30  INFO 19708 --- [FoodServiceApp] [Thread-49] com.netflix.discovery.DiscoveryClient    : Shutting down DiscoveryClient ...
2026-08-31T16:40:34.830+05:30  INFO 19708 --- [FoodServiceApp] [Thread-49] com.netflix.discovery.DiscoveryClient    : Unregistering ...
2026-08-31T16:40:34.849+05:30  INFO 19708 --- [FoodServiceApp] [Thread-49] com.netflix.discovery.DiscoveryClient    : DiscoveryClient_FOODSERVICEAPP/LP-TZD-85010939.IN.COFORGETECH.COM:FoodServiceApp:9091 - deregister  status: 200
2026-08-31T16:40:34.849+05:30  INFO 19708 --- [FoodServiceApp] [Thread-49] com.netflix.discovery.DiscoveryClient    : Completed shut down of DiscoveryClient
2026-08-31T16:40:35.000+05:30  INFO 19708 --- [FoodServiceApp] [restartedMain] com.foodapp.FoodServiceApplication       : Starting FoodServiceApplication using Java 21.0.2 with PID 19708 (C:\Users\khushbu.1.sharma\eclipse-workspace\Project foodService Application\FoodServiceApp\target\classes started by KHUSHBU.1.SHARMA in C:\Users\khushbu.1.sharma\eclipse-workspace\Project foodService Application\FoodServiceApp)
2026-08-31T16:40:35.000+05:30  INFO 19708 --- [FoodServiceApp] [restartedMain] com.foodapp.FoodServiceApplication       : No active profile set, falling back to 1 default profile: "default"
2026-08-31T16:40:35.290+05:30  INFO 19708 --- [FoodServiceApp] [restartedMain] .s.d.r.c.RepositoryConfigurationDelegate : Bootstrapping Spring Data JPA repositories in DEFAULT mode.
2026-08-31T16:40:35.303+05:30  INFO 19708 --- [FoodServiceApp] [restartedMain] .s.d.r.c.RepositoryConfigurationDelegate : Finished Spring Data repository scanning in 12 ms. Found 1 JPA repository interface.
2026-08-31T16:40:35.374+05:30  INFO 19708 --- [FoodServiceApp] [restartedMain] o.s.cloud.context.scope.GenericScope     : BeanFactory id=9931cc8f-4ea7-3474-8a12-35008d9774ef
2026-08-31T16:40:35.451+05:30  INFO 19708 --- [FoodServiceApp] [restartedMain] o.s.boot.tomcat.TomcatWebServer          : Tomcat initialized with port 9091 (http)
2026-08-31T16:40:35.452+05:30  INFO 19708 --- [FoodServiceApp] [restartedMain] o.apache.catalina.core.StandardService   : Starting service [Tomcat]
2026-08-31T16:40:35.452+05:30  INFO 19708 --- [FoodServiceApp] [restartedMain] o.apache.catalina.core.StandardEngine    : Starting Servlet engine: [Apache Tomcat/11.0.22]
2026-08-31T16:40:35.520+05:30  INFO 19708 --- [FoodServiceApp] [restartedMain] b.w.c.s.WebApplicationContextInitializer : Root WebApplicationContext: initialization completed in 517 ms
2026-08-31T16:40:35.560+05:30  INFO 19708 --- [FoodServiceApp] [restartedMain] org.hibernate.orm.jpa                    : HHH008540: Processing PersistenceUnitInfo [name: default]
2026-08-31T16:40:35.600+05:30  INFO 19708 --- [FoodServiceApp] [restartedMain] o.s.o.j.p.SpringPersistenceUnitInfo      : No LoadTimeWeaver setup: ignoring JPA class transformer
2026-08-31T16:40:35.601+05:30  INFO 19708 --- [FoodServiceApp] [restartedMain] com.zaxxer.hikari.HikariDataSource       : HikariPool-10 - Starting...
2026-08-31T16:40:35.616+05:30  INFO 19708 --- [FoodServiceApp] [restartedMain] com.zaxxer.hikari.pool.HikariPool        : HikariPool-10 - Added connection com.mysql.cj.jdbc.ConnectionImpl@57f46e9d
2026-08-31T16:40:35.616+05:30  INFO 19708 --- [FoodServiceApp] [restartedMain] com.zaxxer.hikari.HikariDataSource       : HikariPool-10 - Start completed.
2026-08-31T16:40:35.618+05:30  INFO 19708 --- [FoodServiceApp] [restartedMain] org.hibernate.orm.connections.pooling    : HHH10001005: Database info:
	Database JDBC URL [jdbc:mysql://localhost:3306/cfg11]
	Database driver: MySQL Connector/J
	Database dialect: MySQLDialect
	Database version: 8.0.46
	Default catalog/schema: cfg11/undefined
	Autocommit mode: undefined/unknown
	Isolation level: REPEATABLE_READ [default REPEATABLE_READ]
	JDBC fetch size: none
	Pool: DataSourceConnectionProvider
	Minimum pool size: undefined/unknown
	Maximum pool size: undefined/unknown
2026-08-31T16:40:35.681+05:30  INFO 19708 --- [FoodServiceApp] [restartedMain] org.hibernate.orm.core                   : HHH000489: No JTA platform available (set 'hibernate.transaction.jta.platform' to enable JTA platform integration)
2026-08-31T16:40:35.693+05:30  INFO 19708 --- [FoodServiceApp] [restartedMain] j.LocalContainerEntityManagerFactoryBean : Initialized JPA EntityManagerFactory for persistence unit 'default'
2026-08-31T16:40:35.773+05:30  WARN 19708 --- [FoodServiceApp] [restartedMain] JpaBaseConfiguration$JpaWebConfiguration : spring.jpa.open-in-view is enabled by default. Therefore, database queries may be performed during view rendering. Explicitly configure spring.jpa.open-in-view to disable this warning
2026-08-31T16:40:35.811+05:30  INFO 19708 --- [FoodServiceApp] [restartedMain] o.s.c.openfeign.FeignClientFactoryBean   : For 'APPUSER' URL not provided. Will try picking an instance via load-balancing.
2026-08-31T16:40:36.008+05:30  INFO 19708 --- [FoodServiceApp] [restartedMain] DiscoveryClientOptionalArgsConfiguration : Eureka HTTP Client uses RestClient.
2026-08-31T16:40:36.021+05:30  WARN 19708 --- [FoodServiceApp] [restartedMain] iguration$LoadBalancerCaffeineWarnLogger : Spring Cloud LoadBalancer is currently working with the default cache. While this cache implementation is useful for development and tests, it's recommended to use Caffeine cache in production.You can switch to using Caffeine cache, by adding it and org.springframework.cache.caffeine.CaffeineCacheManager to the classpath.
2026-08-31T16:40:36.034+05:30  INFO 19708 --- [FoodServiceApp] [restartedMain] o.s.c.n.eureka.InstanceInfoFactory       : Setting initial instance status as: STARTING
2026-08-31T16:40:36.036+05:30  INFO 19708 --- [FoodServiceApp] [restartedMain] com.netflix.discovery.DiscoveryClient    : Initializing Eureka in region us-east-1
2026-08-31T16:40:36.037+05:30  INFO 19708 --- [FoodServiceApp] [restartedMain] c.n.d.s.r.aws.ConfigClusterResolver      : Resolving eureka endpoints via configuration
2026-08-31T16:40:36.037+05:30  INFO 19708 --- [FoodServiceApp] [restartedMain] com.netflix.discovery.DiscoveryClient    : Disable delta property : false
2026-08-31T16:40:36.037+05:30  INFO 19708 --- [FoodServiceApp] [restartedMain] com.netflix.discovery.DiscoveryClient    : Single vip registry refresh property : null
2026-08-31T16:40:36.037+05:30  INFO 19708 --- [FoodServiceApp] [restartedMain] com.netflix.discovery.DiscoveryClient    : Force full registry fetch : false
2026-08-31T16:40:36.037+05:30  INFO 19708 --- [FoodServiceApp] [restartedMain] com.netflix.discovery.DiscoveryClient    : Application is null : false
2026-08-31T16:40:36.037+05:30  INFO 19708 --- [FoodServiceApp] [restartedMain] com.netflix.discovery.DiscoveryClient    : Registered Applications size is zero : true
2026-08-31T16:40:36.037+05:30  INFO 19708 --- [FoodServiceApp] [restartedMain] com.netflix.discovery.DiscoveryClient    : Application version is -1: true
2026-08-31T16:40:36.038+05:30  INFO 19708 --- [FoodServiceApp] [restartedMain] com.netflix.discovery.DiscoveryClient    : Getting all instance registry info from the eureka server
2026-08-31T16:40:36.055+05:30  INFO 19708 --- [FoodServiceApp] [restartedMain] com.netflix.discovery.DiscoveryClient    : The response status is 200
2026-08-31T16:40:36.056+05:30  INFO 19708 --- [FoodServiceApp] [restartedMain] com.netflix.discovery.DiscoveryClient    : Starting heartbeat executor: renew interval is: 30
2026-08-31T16:40:36.057+05:30  INFO 19708 --- [FoodServiceApp] [restartedMain] c.n.discovery.InstanceInfoReplicator     : InstanceInfoReplicator onDemand update allowed rate per min is 4
2026-08-31T16:40:36.057+05:30  INFO 19708 --- [FoodServiceApp] [restartedMain] com.netflix.discovery.DiscoveryClient    : Discovery Client initialized at timestamp 1788174636057 with initial instances count: 3
2026-08-31T16:40:36.058+05:30  INFO 19708 --- [FoodServiceApp] [restartedMain] o.s.c.n.e.s.EurekaServiceRegistry        : Registering application FOODSERVICEAPP with eureka with status UP
2026-08-31T16:40:36.059+05:30  INFO 19708 --- [FoodServiceApp] [restartedMain] com.netflix.discovery.DiscoveryClient    : Saw local status change event StatusChangeEvent [timestamp=1788174636059, current=UP, previous=STARTING]
2026-08-31T16:40:36.059+05:30  INFO 19708 --- [FoodServiceApp] [DiscoveryClient-InstanceInfoReplicator-%d] com.netflix.discovery.DiscoveryClient    : DiscoveryClient_FOODSERVICEAPP/LP-TZD-85010939.IN.COFORGETECH.COM:FoodServiceApp:9091: registering service...
2026-08-31T16:40:36.071+05:30  INFO 19708 --- [FoodServiceApp] [restartedMain] o.s.boot.tomcat.TomcatWebServer          : Tomcat started on port 9091 (http) with context path '/'
2026-08-31T16:40:36.072+05:30  INFO 19708 --- [FoodServiceApp] [restartedMain] .s.c.n.e.s.EurekaAutoServiceRegistration : Updating port to 9091
2026-08-31T16:40:36.076+05:30  INFO 19708 --- [FoodServiceApp] [DiscoveryClient-InstanceInfoReplicator-%d] com.netflix.discovery.DiscoveryClient    : DiscoveryClient_FOODSERVICEAPP/LP-TZD-85010939.IN.COFORGETECH.COM:FoodServiceApp:9091 - registration status: 204
2026-08-31T16:40:36.085+05:30  INFO 19708 --- [FoodServiceApp] [restartedMain] com.foodapp.FoodServiceApplication       : Started FoodServiceApplication in 1.129 seconds (process running for 4245.448)
2026-08-31T16:40:36.086+05:30  INFO 19708 --- [FoodServiceApp] [restartedMain] .ConditionEvaluationDeltaLoggingListener : Condition evaluation unchanged
2026-08-31T16:40:51.372+05:30  INFO 19708 --- [FoodServiceApp] [http-nio-9091-exec-1] o.a.c.c.C.[Tomcat].[localhost].[/]       : Initializing Spring DispatcherServlet 'dispatcherServlet'
2026-08-31T16:40:51.373+05:30  INFO 19708 --- [FoodServiceApp] [http-nio-9091-exec-1] o.s.web.servlet.DispatcherServlet        : Initializing Servlet 'dispatcherServlet'
2026-08-31T16:40:51.377+05:30  INFO 19708 --- [FoodServiceApp] [http-nio-9091-exec-1] o.s.web.servlet.DispatcherServlet        : Completed initialization in 4 ms
2026-08-31T16:40:51.762+05:30  INFO 19708 --- [FoodServiceApp] [http-nio-9091-exec-4] o.springdoc.api.AbstractOpenApiResource  : Init duration for springdoc-openapi is: 250 ms
2026-08-31T16:41:03.378+05:30  INFO 19708 --- [FoodServiceApp] [http-nio-9091-exec-5] com.foodapp.controller.UserController    : Status API Called for getAllOrders Of Users
2026-08-31T16:45:36.041+05:30  INFO 19708 --- [FoodServiceApp] [AsyncResolver-bootstrap-executor-%d] c.n.d.s.r.aws.ConfigClusterResolver      : Resolving eureka endpoints via configuration
2026-08-31T16:50:36.050+05:30  INFO 19708 --- [FoodServiceApp] [AsyncResolver-bootstrap-executor-%d] c.n.d.s.r.aws.ConfigClusterResolver      : Resolving eureka endpoints via configuration
2026-08-31T19:36:05.426+05:30  INFO 14864 --- [FoodServiceApp] [restartedMain] com.foodapp.FoodServiceApplication       : Starting FoodServiceApplication using Java 21.0.2 with PID 14864 (C:\Users\khushbu.1.sharma\eclipse-workspace\Project foodService Application\FoodServiceApp\target\classes started by KHUSHBU.1.SHARMA in C:\Users\khushbu.1.sharma\eclipse-workspace\Project foodService Application\FoodServiceApp)
2026-08-31T19:36:05.452+05:30  INFO 14864 --- [FoodServiceApp] [restartedMain] com.foodapp.FoodServiceApplication       : No active profile set, falling back to 1 default profile: "default"
2026-08-31T19:36:05.657+05:30  INFO 14864 --- [FoodServiceApp] [restartedMain] .e.DevToolsPropertyDefaultsPostProcessor : Devtools property defaults active! Set 'spring.devtools.add-properties' to 'false' to disable
2026-08-31T19:36:05.658+05:30  INFO 14864 --- [FoodServiceApp] [restartedMain] .e.DevToolsPropertyDefaultsPostProcessor : For additional web related logging consider setting the 'logging.level.web' property to 'DEBUG'
2026-08-31T19:36:06.549+05:30  INFO 11564 --- [FoodServiceApp] [restartedMain] com.foodapp.FoodServiceApplication       : Starting FoodServiceApplication using Java 21.0.2 with PID 11564 (C:\Users\khushbu.1.sharma\eclipse-workspace\Project foodService Application\FoodServiceApp\target\classes started by KHUSHBU.1.SHARMA in C:\Users\khushbu.1.sharma\eclipse-workspace\Project foodService Application\FoodServiceApp)
2026-08-31T19:36:06.598+05:30  INFO 11564 --- [FoodServiceApp] [restartedMain] com.foodapp.FoodServiceApplication       : No active profile set, falling back to 1 default profile: "default"
2026-08-31T19:36:06.784+05:30  INFO 11564 --- [FoodServiceApp] [restartedMain] .e.DevToolsPropertyDefaultsPostProcessor : Devtools property defaults active! Set 'spring.devtools.add-properties' to 'false' to disable
2026-08-31T19:36:06.785+05:30  INFO 11564 --- [FoodServiceApp] [restartedMain] .e.DevToolsPropertyDefaultsPostProcessor : For additional web related logging consider setting the 'logging.level.web' property to 'DEBUG'
2026-08-31T19:36:08.615+05:30  INFO 14864 --- [FoodServiceApp] [restartedMain] .s.d.r.c.RepositoryConfigurationDelegate : Bootstrapping Spring Data JPA repositories in DEFAULT mode.
2026-08-31T19:36:09.002+05:30  INFO 14864 --- [FoodServiceApp] [restartedMain] .s.d.r.c.RepositoryConfigurationDelegate : Finished Spring Data repository scanning in 372 ms. Found 1 JPA repository interface.
2026-08-31T19:36:09.279+05:30  INFO 11564 --- [FoodServiceApp] [restartedMain] .s.d.r.c.RepositoryConfigurationDelegate : Bootstrapping Spring Data JPA repositories in DEFAULT mode.
2026-08-31T19:36:09.617+05:30  INFO 14864 --- [FoodServiceApp] [restartedMain] o.s.cloud.context.scope.GenericScope     : BeanFactory id=9931cc8f-4ea7-3474-8a12-35008d9774ef
2026-08-31T19:36:09.713+05:30  INFO 11564 --- [FoodServiceApp] [restartedMain] .s.d.r.c.RepositoryConfigurationDelegate : Finished Spring Data repository scanning in 411 ms. Found 1 JPA repository interface.
2026-08-31T19:36:10.768+05:30  INFO 11564 --- [FoodServiceApp] [restartedMain] o.s.cloud.context.scope.GenericScope     : BeanFactory id=9931cc8f-4ea7-3474-8a12-35008d9774ef
2026-08-31T19:36:11.969+05:30  INFO 14864 --- [FoodServiceApp] [restartedMain] o.s.boot.tomcat.TomcatWebServer          : Tomcat initialized with port 9091 (http)
2026-08-31T19:36:12.046+05:30  INFO 14864 --- [FoodServiceApp] [restartedMain] o.apache.catalina.core.StandardService   : Starting service [Tomcat]
2026-08-31T19:36:12.051+05:30  INFO 14864 --- [FoodServiceApp] [restartedMain] o.apache.catalina.core.StandardEngine    : Starting Servlet engine: [Apache Tomcat/11.0.22]
2026-08-31T19:36:12.403+05:30  INFO 14864 --- [FoodServiceApp] [restartedMain] b.w.c.s.WebApplicationContextInitializer : Root WebApplicationContext: initialization completed in 6742 ms
2026-08-31T19:36:13.101+05:30  INFO 11564 --- [FoodServiceApp] [restartedMain] o.s.boot.tomcat.TomcatWebServer          : Tomcat initialized with port 9091 (http)
2026-08-31T19:36:13.146+05:30  INFO 11564 --- [FoodServiceApp] [restartedMain] o.apache.catalina.core.StandardService   : Starting service [Tomcat]
2026-08-31T19:36:13.148+05:30  INFO 11564 --- [FoodServiceApp] [restartedMain] o.apache.catalina.core.StandardEngine    : Starting Servlet engine: [Apache Tomcat/11.0.22]
2026-08-31T19:36:13.210+05:30  INFO 14864 --- [FoodServiceApp] [restartedMain] org.hibernate.orm.jpa                    : HHH008540: Processing PersistenceUnitInfo [name: default]
2026-08-31T19:36:13.338+05:30  INFO 11564 --- [FoodServiceApp] [restartedMain] b.w.c.s.WebApplicationContextInitializer : Root WebApplicationContext: initialization completed in 6545 ms
2026-08-31T19:36:13.360+05:30  INFO 14864 --- [FoodServiceApp] [restartedMain] org.hibernate.orm.core                   : HHH000001: Hibernate ORM core version 7.4.1.Final
2026-08-31T19:36:14.167+05:30  INFO 11564 --- [FoodServiceApp] [restartedMain] org.hibernate.orm.jpa                    : HHH008540: Processing PersistenceUnitInfo [name: default]
2026-08-31T19:36:14.427+05:30  INFO 11564 --- [FoodServiceApp] [restartedMain] org.hibernate.orm.core                   : HHH000001: Hibernate ORM core version 7.4.1.Final
2026-08-31T19:36:15.046+05:30  INFO 14864 --- [FoodServiceApp] [restartedMain] o.s.o.j.p.SpringPersistenceUnitInfo      : No LoadTimeWeaver setup: ignoring JPA class transformer
2026-08-31T19:36:15.092+05:30  INFO 14864 --- [FoodServiceApp] [restartedMain] com.zaxxer.hikari.HikariDataSource       : HikariPool-1 - Starting...
2026-08-31T19:36:15.440+05:30  INFO 11564 --- [FoodServiceApp] [restartedMain] o.s.o.j.p.SpringPersistenceUnitInfo      : No LoadTimeWeaver setup: ignoring JPA class transformer
2026-08-31T19:36:15.497+05:30  INFO 11564 --- [FoodServiceApp] [restartedMain] com.zaxxer.hikari.HikariDataSource       : HikariPool-1 - Starting...
2026-08-31T19:36:15.742+05:30  INFO 14864 --- [FoodServiceApp] [restartedMain] com.zaxxer.hikari.pool.HikariPool        : HikariPool-1 - Added connection com.mysql.cj.jdbc.ConnectionImpl@7e09b276
2026-08-31T19:36:15.746+05:30  INFO 14864 --- [FoodServiceApp] [restartedMain] com.zaxxer.hikari.HikariDataSource       : HikariPool-1 - Start completed.
2026-08-31T19:36:16.023+05:30  INFO 14864 --- [FoodServiceApp] [restartedMain] org.hibernate.orm.connections.pooling    : HHH10001005: Database info:
	Database JDBC URL [jdbc:mysql://localhost:3306/cfg11]
	Database driver: MySQL Connector/J
	Database dialect: MySQLDialect
	Database version: 8.0.46
	Default catalog/schema: cfg11/undefined
	Autocommit mode: undefined/unknown
	Isolation level: REPEATABLE_READ [default REPEATABLE_READ]
	JDBC fetch size: none
	Pool: DataSourceConnectionProvider
	Minimum pool size: undefined/unknown
	Maximum pool size: undefined/unknown
2026-08-31T19:36:16.520+05:30  INFO 11564 --- [FoodServiceApp] [restartedMain] com.zaxxer.hikari.pool.HikariPool        : HikariPool-1 - Added connection com.mysql.cj.jdbc.ConnectionImpl@4bc8daea
2026-08-31T19:36:16.524+05:30  INFO 11564 --- [FoodServiceApp] [restartedMain] com.zaxxer.hikari.HikariDataSource       : HikariPool-1 - Start completed.
2026-08-31T19:36:16.780+05:30  INFO 11564 --- [FoodServiceApp] [restartedMain] org.hibernate.orm.connections.pooling    : HHH10001005: Database info:
	Database JDBC URL [jdbc:mysql://localhost:3306/cfg11]
	Database driver: MySQL Connector/J
	Database dialect: MySQLDialect
	Database version: 8.0.46
	Default catalog/schema: cfg11/undefined
	Autocommit mode: undefined/unknown
	Isolation level: REPEATABLE_READ [default REPEATABLE_READ]
	JDBC fetch size: none
	Pool: DataSourceConnectionProvider
	Minimum pool size: undefined/unknown
	Maximum pool size: undefined/unknown
2026-08-31T19:36:17.775+05:30  INFO 14864 --- [FoodServiceApp] [restartedMain] org.hibernate.orm.core                   : HHH000489: No JTA platform available (set 'hibernate.transaction.jta.platform' to enable JTA platform integration)
2026-08-31T19:36:17.858+05:30  INFO 14864 --- [FoodServiceApp] [restartedMain] j.LocalContainerEntityManagerFactoryBean : Initialized JPA EntityManagerFactory for persistence unit 'default'
2026-08-31T19:36:18.267+05:30  INFO 11564 --- [FoodServiceApp] [restartedMain] org.hibernate.orm.core                   : HHH000489: No JTA platform available (set 'hibernate.transaction.jta.platform' to enable JTA platform integration)
2026-08-31T19:36:18.294+05:30  WARN 14864 --- [FoodServiceApp] [restartedMain] JpaBaseConfiguration$JpaWebConfiguration : spring.jpa.open-in-view is enabled by default. Therefore, database queries may be performed during view rendering. Explicitly configure spring.jpa.open-in-view to disable this warning
2026-08-31T19:36:18.403+05:30  INFO 11564 --- [FoodServiceApp] [restartedMain] j.LocalContainerEntityManagerFactoryBean : Initialized JPA EntityManagerFactory for persistence unit 'default'
2026-08-31T19:36:18.901+05:30  WARN 11564 --- [FoodServiceApp] [restartedMain] JpaBaseConfiguration$JpaWebConfiguration : spring.jpa.open-in-view is enabled by default. Therefore, database queries may be performed during view rendering. Explicitly configure spring.jpa.open-in-view to disable this warning
2026-08-31T19:36:19.401+05:30  INFO 14864 --- [FoodServiceApp] [restartedMain] o.s.cloud.commons.util.InetUtils         : Cannot determine local hostname
2026-08-31T19:36:19.684+05:30  INFO 14864 --- [FoodServiceApp] [restartedMain] o.s.c.openfeign.FeignClientFactoryBean   : For 'APPUSER' URL not provided. Will try picking an instance via load-balancing.
2026-08-31T19:36:19.822+05:30  INFO 14864 --- [FoodServiceApp] [restartedMain] o.s.d.j.r.query.QueryEnhancerFactories   : Hibernate is in classpath; If applicable, HQL parser will be used.
2026-08-31T19:36:20.035+05:30  INFO 11564 --- [FoodServiceApp] [restartedMain] o.s.cloud.commons.util.InetUtils         : Cannot determine local hostname
2026-08-31T19:36:20.284+05:30  INFO 11564 --- [FoodServiceApp] [restartedMain] o.s.c.openfeign.FeignClientFactoryBean   : For 'APPUSER' URL not provided. Will try picking an instance via load-balancing.
2026-08-31T19:36:20.596+05:30  INFO 11564 --- [FoodServiceApp] [restartedMain] o.s.d.j.r.query.QueryEnhancerFactories   : Hibernate is in classpath; If applicable, HQL parser will be used.
2026-08-31T19:36:22.383+05:30  INFO 14864 --- [FoodServiceApp] [restartedMain] DiscoveryClientOptionalArgsConfiguration : Eureka HTTP Client uses RestClient.
2026-08-31T19:36:22.449+05:30  WARN 14864 --- [FoodServiceApp] [restartedMain] iguration$LoadBalancerCaffeineWarnLogger : Spring Cloud LoadBalancer is currently working with the default cache. While this cache implementation is useful for development and tests, it's recommended to use Caffeine cache in production.You can switch to using Caffeine cache, by adding it and org.springframework.cache.caffeine.CaffeineCacheManager to the classpath.
2026-08-31T19:36:22.524+05:30  INFO 14864 --- [FoodServiceApp] [restartedMain] o.s.c.n.eureka.InstanceInfoFactory       : Setting initial instance status as: STARTING
2026-08-31T19:36:22.570+05:30  INFO 14864 --- [FoodServiceApp] [restartedMain] com.netflix.discovery.DiscoveryClient    : Initializing Eureka in region us-east-1
2026-08-31T19:36:22.577+05:30  INFO 14864 --- [FoodServiceApp] [restartedMain] c.n.d.s.r.aws.ConfigClusterResolver      : Resolving eureka endpoints via configuration
2026-08-31T19:36:22.596+05:30  INFO 14864 --- [FoodServiceApp] [restartedMain] com.netflix.discovery.DiscoveryClient    : Disable delta property : false
2026-08-31T19:36:22.597+05:30  INFO 14864 --- [FoodServiceApp] [restartedMain] com.netflix.discovery.DiscoveryClient    : Single vip registry refresh property : null
2026-08-31T19:36:22.597+05:30  INFO 14864 --- [FoodServiceApp] [restartedMain] com.netflix.discovery.DiscoveryClient    : Force full registry fetch : false
2026-08-31T19:36:22.597+05:30  INFO 14864 --- [FoodServiceApp] [restartedMain] com.netflix.discovery.DiscoveryClient    : Application is null : false
2026-08-31T19:36:22.597+05:30  INFO 14864 --- [FoodServiceApp] [restartedMain] com.netflix.discovery.DiscoveryClient    : Registered Applications size is zero : true
2026-08-31T19:36:22.597+05:30  INFO 14864 --- [FoodServiceApp] [restartedMain] com.netflix.discovery.DiscoveryClient    : Application version is -1: true
2026-08-31T19:36:22.597+05:30  INFO 14864 --- [FoodServiceApp] [restartedMain] com.netflix.discovery.DiscoveryClient    : Getting all instance registry info from the eureka server
2026-08-31T19:36:22.906+05:30  INFO 14864 --- [FoodServiceApp] [restartedMain] c.n.d.s.t.d.RedirectingEurekaHttpClient  : Request execution error. endpoint=DefaultEndpoint{ serviceUrl='http://localhost:8761/eureka/}, exception=I/O error on GET request for "http://localhost:8761/eureka/apps/": Connect to http://localhost:8761 failed: Connection refused: getsockopt

org.springframework.web.client.ResourceAccessException: I/O error on GET request for "http://localhost:8761/eureka/apps/": Connect to http://localhost:8761 failed: Connection refused: getsockopt
	at org.springframework.web.client.DefaultRestClient$DefaultRequestBodyUriSpec.createResourceAccessException(DefaultRestClient.java:779) ~[spring-web-7.0.8.jar:7.0.8]
	at org.springframework.web.client.DefaultRestClient$DefaultRequestBodyUriSpec.exchangeInternal(DefaultRestClient.java:624) ~[spring-web-7.0.8.jar:7.0.8]
	at org.springframework.web.client.DefaultRestClient$DefaultRequestBodyUriSpec.exchange(DefaultRestClient.java:572) ~[spring-web-7.0.8.jar:7.0.8]
	at org.springframework.web.client.RestClient$RequestHeadersSpec.exchange(RestClient.java:747) ~[spring-web-7.0.8.jar:7.0.8]
	at org.springframework.web.client.DefaultRestClient$DefaultResponseSpec.executeAndExtract(DefaultRestClient.java:924) ~[spring-web-7.0.8.jar:7.0.8]
	at org.springframework.web.client.DefaultRestClient$DefaultResponseSpec.toEntityInternal(DefaultRestClient.java:870) ~[spring-web-7.0.8.jar:7.0.8]
	at org.springframework.web.client.DefaultRestClient$DefaultResponseSpec.toEntity(DefaultRestClient.java:859) ~[spring-web-7.0.8.jar:7.0.8]
	at org.springframework.cloud.netflix.eureka.http.RestClientEurekaHttpClient.getApplicationsInternal(RestClientEurekaHttpClient.java:201) ~[spring-cloud-netflix-eureka-client-5.0.2.jar:5.0.2]
	at org.springframework.cloud.netflix.eureka.http.RestClientEurekaHttpClient.getApplications(RestClientEurekaHttpClient.java:137) ~[spring-cloud-netflix-eureka-client-5.0.2.jar:5.0.2]
	at com.netflix.discovery.shared.transport.decorator.EurekaHttpClientDecorator$6.execute(EurekaHttpClientDecorator.java:137) ~[eureka-client-2.0.6.jar:2.0.6]
	at com.netflix.discovery.shared.transport.decorator.RedirectingEurekaHttpClient.executeOnNewServer(RedirectingEurekaHttpClient.java:120) ~[eureka-client-2.0.6.jar:2.0.6]
	at com.netflix.discovery.shared.transport.decorator.RedirectingEurekaHttpClient.execute(RedirectingEurekaHttpClient.java:79) ~[eureka-client-2.0.6.jar:2.0.6]
	at com.netflix.discovery.shared.transport.decorator.EurekaHttpClientDecorator.getApplications(EurekaHttpClientDecorator.java:134) ~[eureka-client-2.0.6.jar:2.0.6]
	at com.netflix.discovery.shared.transport.decorator.EurekaHttpClientDecorator$6.execute(EurekaHttpClientDecorator.java:137) ~[eureka-client-2.0.6.jar:2.0.6]
	at com.netflix.discovery.shared.transport.decorator.RetryableEurekaHttpClient.execute(RetryableEurekaHttpClient.java:120) ~[eureka-client-2.0.6.jar:2.0.6]
	at com.netflix.discovery.shared.transport.decorator.EurekaHttpClientDecorator.getApplications(EurekaHttpClientDecorator.java:134) ~[eureka-client-2.0.6.jar:2.0.6]
	at com.netflix.discovery.shared.transport.decorator.EurekaHttpClientDecorator$6.execute(EurekaHttpClientDecorator.java:137) ~[eureka-client-2.0.6.jar:2.0.6]
	at com.netflix.discovery.shared.transport.decorator.SessionedEurekaHttpClient.execute(SessionedEurekaHttpClient.java:76) ~[eureka-client-2.0.6.jar:2.0.6]
	at com.netflix.discovery.shared.transport.decorator.EurekaHttpClientDecorator.getApplications(EurekaHttpClientDecorator.java:134) ~[eureka-client-2.0.6.jar:2.0.6]
	at com.netflix.discovery.DiscoveryClient.getAndStoreFullRegistry(DiscoveryClient.java:1061) ~[eureka-client-2.0.6.jar:2.0.6]
	at com.netflix.discovery.DiscoveryClient.fetchRegistry(DiscoveryClient.java:976) ~[eureka-client-2.0.6.jar:2.0.6]
	at com.netflix.discovery.DiscoveryClient.<init>(DiscoveryClient.java:419) ~[eureka-client-2.0.6.jar:2.0.6]
	at com.netflix.discovery.DiscoveryClient.<init>(DiscoveryClient.java:254) ~[eureka-client-2.0.6.jar:2.0.6]
	at com.netflix.discovery.DiscoveryClient.<init>(DiscoveryClient.java:249) ~[eureka-client-2.0.6.jar:2.0.6]
	at org.springframework.cloud.netflix.eureka.CloudEurekaClient.<init>(CloudEurekaClient.java:68) ~[spring-cloud-netflix-eureka-client-5.0.2.jar:5.0.2]
	at org.springframework.cloud.netflix.eureka.EurekaClientAutoConfiguration$RefreshableEurekaClientConfiguration.eurekaClient(EurekaClientAutoConfiguration.java:324) ~[spring-cloud-netflix-eureka-client-5.0.2.jar:5.0.2]
	at java.base/jdk.internal.reflect.DirectMethodHandleAccessor.invoke(DirectMethodHandleAccessor.java:103) ~[na:na]
	at java.base/java.lang.reflect.Method.invoke(Method.java:580) ~[na:na]
	at org.springframework.beans.factory.support.SimpleInstantiationStrategy.lambda$instantiate$0(SimpleInstantiationStrategy.java:155) ~[spring-beans-7.0.8.jar:7.0.8]
	at org.springframework.beans.factory.support.SimpleInstantiationStrategy.instantiateWithFactoryMethod(SimpleInstantiationStrategy.java:72) ~[spring-beans-7.0.8.jar:7.0.8]
	at org.springframework.beans.factory.support.SimpleInstantiationStrategy.instantiate(SimpleInstantiationStrategy.java:152) ~[spring-beans-7.0.8.jar:7.0.8]
	at org.springframework.beans.factory.support.ConstructorResolver.instantiate(ConstructorResolver.java:653) ~[spring-beans-7.0.8.jar:7.0.8]
	at org.springframework.beans.factory.support.ConstructorResolver.instantiateUsingFactoryMethod(ConstructorResolver.java:645) ~[spring-beans-7.0.8.jar:7.0.8]
	at org.springframework.beans.factory.support.AbstractAutowireCapableBeanFactory.instantiateUsingFactoryMethod(AbstractAutowireCapableBeanFactory.java:1360) ~[spring-beans-7.0.8.jar:7.0.8]
	at org.springframework.beans.factory.support.AbstractAutowireCapableBeanFactory.createBeanInstance(AbstractAutowireCapableBeanFactory.java:1192) ~[spring-beans-7.0.8.jar:7.0.8]
	at org.springframework.beans.factory.support.AbstractAutowireCapableBeanFactory.doCreateBean(AbstractAutowireCapableBeanFactory.java:565) ~[spring-beans-7.0.8.jar:7.0.8]
	at org.springframework.beans.factory.support.AbstractAutowireCapableBeanFactory.createBean(AbstractAutowireCapableBeanFactory.java:525) ~[spring-beans-7.0.8.jar:7.0.8]
	at org.springframework.beans.factory.support.AbstractBeanFactory.lambda$doGetBean$1(AbstractBeanFactory.java:372) ~[spring-beans-7.0.8.jar:7.0.8]
	at org.springframework.cloud.context.scope.GenericScope$BeanLifecycleWrapper.getBean(GenericScope.java:373) ~[spring-cloud-context-5.0.3.jar:5.0.3]
	at org.springframework.cloud.context.scope.GenericScope.get(GenericScope.java:177) ~[spring-cloud-context-5.0.3.jar:5.0.3]
	at org.springframework.beans.factory.support.AbstractBeanFactory.doGetBean(AbstractBeanFactory.java:369) ~[spring-beans-7.0.8.jar:7.0.8]
	at org.springframework.beans.factory.support.AbstractBeanFactory.getBean(AbstractBeanFactory.java:196) ~[spring-beans-7.0.8.jar:7.0.8]
	at org.springframework.aop.target.SimpleBeanTargetSource.getTarget(SimpleBeanTargetSource.java:35) ~[spring-aop-7.0.8.jar:7.0.8]
	at org.springframework.cloud.netflix.eureka.serviceregistry.EurekaRegistration.getTargetObject(EurekaRegistration.java:128) ~[spring-cloud-netflix-eureka-client-5.0.2.jar:5.0.2]
	at org.springframework.cloud.netflix.eureka.serviceregistry.EurekaRegistration.getEurekaClient(EurekaRegistration.java:116) ~[spring-cloud-netflix-eureka-client-5.0.2.jar:5.0.2]
	at java.base/jdk.internal.reflect.DirectMethodHandleAccessor.invoke(DirectMethodHandleAccessor.java:103) ~[na:na]
	at java.base/java.lang.reflect.Method.invoke(Method.java:580) ~[na:na]
	at org.springframework.util.ReflectionUtils.invokeMethod(ReflectionUtils.java:281) ~[spring-core-7.0.8.jar:7.0.8]
	at org.springframework.cloud.context.scope.GenericScope$LockedScopedProxyFactoryBean.invoke(GenericScope.java:480) ~[spring-cloud-context-5.0.3.jar:5.0.3]
	at org.springframework.aop.framework.ReflectiveMethodInvocation.proceed(ReflectiveMethodInvocation.java:179) ~[spring-aop-7.0.8.jar:7.0.8]
	at org.springframework.aop.framework.CglibAopProxy$DynamicAdvisedInterceptor.intercept(CglibAopProxy.java:719) ~[spring-aop-7.0.8.jar:7.0.8]
	at org.springframework.cloud.netflix.eureka.serviceregistry.EurekaRegistration$$SpringCGLIB$$0.getEurekaClient(<generated>) ~[spring-cloud-netflix-eureka-client-5.0.2.jar:na]
	at org.springframework.cloud.netflix.eureka.serviceregistry.EurekaServiceRegistry.maybeInitializeClient(EurekaServiceRegistry.java:83) ~[spring-cloud-netflix-eureka-client-5.0.2.jar:5.0.2]
	at org.springframework.cloud.netflix.eureka.serviceregistry.EurekaServiceRegistry.register(EurekaServiceRegistry.java:66) ~[spring-cloud-netflix-eureka-client-5.0.2.jar:5.0.2]
	at org.springframework.cloud.netflix.eureka.serviceregistry.EurekaAutoServiceRegistration.start(EurekaAutoServiceRegistration.java:89) ~[spring-cloud-netflix-eureka-client-5.0.2.jar:5.0.2]
	at org.springframework.context.support.DefaultLifecycleProcessor.doStart(DefaultLifecycleProcessor.java:420) ~[spring-context-7.0.8.jar:7.0.8]
	at org.springframework.context.support.DefaultLifecycleProcessor.doStart(DefaultLifecycleProcessor.java:409) ~[spring-context-7.0.8.jar:7.0.8]
	at org.springframework.context.support.DefaultLifecycleProcessor$LifecycleGroup.start(DefaultLifecycleProcessor.java:613) ~[spring-context-7.0.8.jar:7.0.8]
	at java.base/java.lang.Iterable.forEach(Iterable.java:75) ~[na:na]
	at org.springframework.context.support.DefaultLifecycleProcessor.startBeans(DefaultLifecycleProcessor.java:379) ~[spring-context-7.0.8.jar:7.0.8]
	at org.springframework.context.support.DefaultLifecycleProcessor.onRefresh(DefaultLifecycleProcessor.java:306) ~[spring-context-7.0.8.jar:7.0.8]
	at org.springframework.context.support.AbstractApplicationContext.finishRefresh(AbstractApplicationContext.java:1013) ~[spring-context-7.0.8.jar:7.0.8]
	at org.springframework.context.support.AbstractApplicationContext.refresh(AbstractApplicationContext.java:624) ~[spring-context-7.0.8.jar:7.0.8]
	at org.springframework.boot.web.server.servlet.context.ServletWebServerApplicationContext.refresh(ServletWebServerApplicationContext.java:143) ~[spring-boot-web-server-4.1.0.jar:4.1.0]
	at org.springframework.boot.SpringApplication.refresh(SpringApplication.java:756) ~[spring-boot-4.1.0.jar:4.1.0]
	at org.springframework.boot.SpringApplication.refreshContext(SpringApplication.java:445) ~[spring-boot-4.1.0.jar:4.1.0]
	at org.springframework.boot.SpringApplication.run(SpringApplication.java:321) ~[spring-boot-4.1.0.jar:4.1.0]
	at org.springframework.boot.SpringApplication.run(SpringApplication.java:1365) ~[spring-boot-4.1.0.jar:4.1.0]
	at org.springframework.boot.SpringApplication.run(SpringApplication.java:1354) ~[spring-boot-4.1.0.jar:4.1.0]
	at com.foodapp.FoodServiceApplication.main(FoodServiceApplication.java:12) ~[classes/:na]
	at java.base/jdk.internal.reflect.DirectMethodHandleAccessor.invoke(DirectMethodHandleAccessor.java:103) ~[na:na]
	at java.base/java.lang.reflect.Method.invoke(Method.java:580) ~[na:na]
	at org.springframework.boot.devtools.restart.RestartLauncher.run(RestartLauncher.java:52) ~[spring-boot-devtools-4.1.0.jar:4.1.0]
Caused by: org.apache.hc.client5.http.HttpHostConnectException: Connect to http://localhost:8761 failed: Connection refused: getsockopt
	at java.base/sun.nio.ch.Net.pollConnect(Native Method) ~[na:na]
	at java.base/sun.nio.ch.Net.pollConnectNow(Net.java:682) ~[na:na]
	at java.base/sun.nio.ch.NioSocketImpl.timedFinishConnect(NioSocketImpl.java:542) ~[na:na]
	at java.base/sun.nio.ch.NioSocketImpl.connect(NioSocketImpl.java:592) ~[na:na]
	at java.base/java.net.SocksSocketImpl.connect(SocksSocketImpl.java:327) ~[na:na]
	at java.base/java.net.Socket.connect(Socket.java:751) ~[na:na]
	at org.apache.hc.client5.http.impl.io.DefaultHttpClientConnectionOperator.connect(DefaultHttpClientConnectionOperator.java:219) ~[httpclient5-5.6.1.jar:5.6.1]
	at org.apache.hc.client5.http.impl.io.PoolingHttpClientConnectionManager.connect(PoolingHttpClientConnectionManager.java:547) ~[httpclient5-5.6.1.jar:5.6.1]
	at org.apache.hc.client5.http.impl.classic.InternalExecRuntime.connectEndpoint(InternalExecRuntime.java:164) ~[httpclient5-5.6.1.jar:5.6.1]
	at org.apache.hc.client5.http.impl.classic.InternalExecRuntime.connectEndpoint(InternalExecRuntime.java:174) ~[httpclient5-5.6.1.jar:5.6.1]
	at org.apache.hc.client5.http.impl.classic.ConnectExec.execute(ConnectExec.java:144) ~[httpclient5-5.6.1.jar:5.6.1]
	at org.apache.hc.client5.http.impl.classic.ExecChainElement.execute(ExecChainElement.java:51) ~[httpclient5-5.6.1.jar:5.6.1]
	at org.apache.hc.client5.http.impl.classic.ProtocolExec.execute(ProtocolExec.java:192) ~[httpclient5-5.6.1.jar:5.6.1]
	at org.apache.hc.client5.http.impl.classic.ExecChainElement.execute(ExecChainElement.java:51) ~[httpclient5-5.6.1.jar:5.6.1]
	at org.apache.hc.client5.http.impl.classic.ContentCompressionExec.execute(ContentCompressionExec.java:138) ~[httpclient5-5.6.1.jar:5.6.1]
	at org.apache.hc.client5.http.impl.classic.ExecChainElement.execute(ExecChainElement.java:51) ~[httpclient5-5.6.1.jar:5.6.1]
	at org.apache.hc.client5.http.impl.classic.HttpRequestRetryExec.execute(HttpRequestRetryExec.java:112) ~[httpclient5-5.6.1.jar:5.6.1]
	at org.apache.hc.client5.http.impl.classic.ExecChainElement.execute(ExecChainElement.java:51) ~[httpclient5-5.6.1.jar:5.6.1]
	at org.apache.hc.client5.http.impl.classic.RedirectExec.execute(RedirectExec.java:110) ~[httpclient5-5.6.1.jar:5.6.1]
	at org.apache.hc.client5.http.impl.classic.ExecChainElement.execute(ExecChainElement.java:51) ~[httpclient5-5.6.1.jar:5.6.1]
	at org.apache.hc.client5.http.impl.classic.InternalHttpClient.doExecute(InternalHttpClient.java:185) ~[httpclient5-5.6.1.jar:5.6.1]
	at org.apache.hc.client5.http.impl.classic.CloseableHttpClient.execute(CloseableHttpClient.java:87) ~[httpclient5-5.6.1.jar:5.6.1]
	at org.apache.hc.client5.http.impl.classic.CloseableHttpClient.execute(CloseableHttpClient.java:55) ~[httpclient5-5.6.1.jar:5.6.1]
	at org.apache.hc.client5.http.classic.HttpClient.executeOpen(HttpClient.java:183) ~[httpclient5-5.6.1.jar:5.6.1]
	at org.springframework.http.client.HttpComponentsClientHttpRequest.executeInternal(HttpComponentsClientHttpRequest.java:99) ~[spring-web-7.0.8.jar:7.0.8]
	at org.springframework.http.client.AbstractStreamingClientHttpRequest.executeInternal(AbstractStreamingClientHttpRequest.java:87) ~[spring-web-7.0.8.jar:7.0.8]
	at org.springframework.http.client.AbstractClientHttpRequest.execute(AbstractClientHttpRequest.java:80) ~[spring-web-7.0.8.jar:7.0.8]
	at org.springframework.http.client.AbstractBufferingClientHttpRequest.executeWithRequestAndBody(AbstractBufferingClientHttpRequest.java:89) ~[spring-web-7.0.8.jar:7.0.8]
	at org.springframework.http.client.InterceptingClientHttpRequest$EndOfChainRequestExecution.execute(InterceptingClientHttpRequest.java:102) ~[spring-web-7.0.8.jar:7.0.8]
	at org.springframework.cloud.netflix.eureka.http.RestClientTransportClientFactory.lambda$newClient$2(RestClientTransportClientFactory.java:98) ~[spring-cloud-netflix-eureka-client-5.0.2.jar:5.0.2]
	at org.springframework.http.client.ClientHttpRequestInterceptor.lambda$apply$0(ClientHttpRequestInterceptor.java:89) ~[spring-web-7.0.8.jar:7.0.8]
	at org.springframework.http.client.InterceptingClientHttpRequest.executeInternal(InterceptingClientHttpRequest.java:73) ~[spring-web-7.0.8.jar:7.0.8]
	at org.springframework.http.client.AbstractBufferingClientHttpRequest.executeInternal(AbstractBufferingClientHttpRequest.java:50) ~[spring-web-7.0.8.jar:7.0.8]
	at org.springframework.http.client.AbstractClientHttpRequest.execute(AbstractClientHttpRequest.java:80) ~[spring-web-7.0.8.jar:7.0.8]
	at org.springframework.web.client.DefaultRestClient$DefaultRequestBodyUriSpec.exchangeInternal(DefaultRestClient.java:614) ~[spring-web-7.0.8.jar:7.0.8]
	... 71 common frames omitted

2026-08-31T19:36:22.920+05:30  WARN 14864 --- [FoodServiceApp] [restartedMain] c.n.d.s.t.d.RetryableEurekaHttpClient    : Request execution failed with message: I/O error on GET request for "http://localhost:8761/eureka/apps/": Connect to http://localhost:8761 failed: Connection refused: getsockopt
2026-08-31T19:36:22.921+05:30  INFO 14864 --- [FoodServiceApp] [restartedMain] com.netflix.discovery.DiscoveryClient    : DiscoveryClient_FOODSERVICEAPP/localhost:FoodServiceApp:9091 - was unable to refresh its cache! This periodic background refresh will be retried in 30 seconds. status = Cannot execute request on any known server

com.netflix.discovery.shared.transport.TransportException: Cannot execute request on any known server
	at com.netflix.discovery.shared.transport.decorator.RetryableEurekaHttpClient.execute(RetryableEurekaHttpClient.java:112) ~[eureka-client-2.0.6.jar:2.0.6]
	at com.netflix.discovery.shared.transport.decorator.EurekaHttpClientDecorator.getApplications(EurekaHttpClientDecorator.java:134) ~[eureka-client-2.0.6.jar:2.0.6]
	at com.netflix.discovery.shared.transport.decorator.EurekaHttpClientDecorator$6.execute(EurekaHttpClientDecorator.java:137) ~[eureka-client-2.0.6.jar:2.0.6]
	at com.netflix.discovery.shared.transport.decorator.SessionedEurekaHttpClient.execute(SessionedEurekaHttpClient.java:76) ~[eureka-client-2.0.6.jar:2.0.6]
	at com.netflix.discovery.shared.transport.decorator.EurekaHttpClientDecorator.getApplications(EurekaHttpClientDecorator.java:134) ~[eureka-client-2.0.6.jar:2.0.6]
	at com.netflix.discovery.DiscoveryClient.getAndStoreFullRegistry(DiscoveryClient.java:1061) ~[eureka-client-2.0.6.jar:2.0.6]
	at com.netflix.discovery.DiscoveryClient.fetchRegistry(DiscoveryClient.java:976) ~[eureka-client-2.0.6.jar:2.0.6]
	at com.netflix.discovery.DiscoveryClient.<init>(DiscoveryClient.java:419) ~[eureka-client-2.0.6.jar:2.0.6]
	at com.netflix.discovery.DiscoveryClient.<init>(DiscoveryClient.java:254) ~[eureka-client-2.0.6.jar:2.0.6]
	at com.netflix.discovery.DiscoveryClient.<init>(DiscoveryClient.java:249) ~[eureka-client-2.0.6.jar:2.0.6]
	at org.springframework.cloud.netflix.eureka.CloudEurekaClient.<init>(CloudEurekaClient.java:68) ~[spring-cloud-netflix-eureka-client-5.0.2.jar:5.0.2]
	at org.springframework.cloud.netflix.eureka.EurekaClientAutoConfiguration$RefreshableEurekaClientConfiguration.eurekaClient(EurekaClientAutoConfiguration.java:324) ~[spring-cloud-netflix-eureka-client-5.0.2.jar:5.0.2]
	at java.base/jdk.internal.reflect.DirectMethodHandleAccessor.invoke(DirectMethodHandleAccessor.java:103) ~[na:na]
	at java.base/java.lang.reflect.Method.invoke(Method.java:580) ~[na:na]
	at org.springframework.beans.factory.support.SimpleInstantiationStrategy.lambda$instantiate$0(SimpleInstantiationStrategy.java:155) ~[spring-beans-7.0.8.jar:7.0.8]
	at org.springframework.beans.factory.support.SimpleInstantiationStrategy.instantiateWithFactoryMethod(SimpleInstantiationStrategy.java:72) ~[spring-beans-7.0.8.jar:7.0.8]
	at org.springframework.beans.factory.support.SimpleInstantiationStrategy.instantiate(SimpleInstantiationStrategy.java:152) ~[spring-beans-7.0.8.jar:7.0.8]
	at org.springframework.beans.factory.support.ConstructorResolver.instantiate(ConstructorResolver.java:653) ~[spring-beans-7.0.8.jar:7.0.8]
	at org.springframework.beans.factory.support.ConstructorResolver.instantiateUsingFactoryMethod(ConstructorResolver.java:645) ~[spring-beans-7.0.8.jar:7.0.8]
	at org.springframework.beans.factory.support.AbstractAutowireCapableBeanFactory.instantiateUsingFactoryMethod(AbstractAutowireCapableBeanFactory.java:1360) ~[spring-beans-7.0.8.jar:7.0.8]
	at org.springframework.beans.factory.support.AbstractAutowireCapableBeanFactory.createBeanInstance(AbstractAutowireCapableBeanFactory.java:1192) ~[spring-beans-7.0.8.jar:7.0.8]
	at org.springframework.beans.factory.support.AbstractAutowireCapableBeanFactory.doCreateBean(AbstractAutowireCapableBeanFactory.java:565) ~[spring-beans-7.0.8.jar:7.0.8]
	at org.springframework.beans.factory.support.AbstractAutowireCapableBeanFactory.createBean(AbstractAutowireCapableBeanFactory.java:525) ~[spring-beans-7.0.8.jar:7.0.8]
	at org.springframework.beans.factory.support.AbstractBeanFactory.lambda$doGetBean$1(AbstractBeanFactory.java:372) ~[spring-beans-7.0.8.jar:7.0.8]
	at org.springframework.cloud.context.scope.GenericScope$BeanLifecycleWrapper.getBean(GenericScope.java:373) ~[spring-cloud-context-5.0.3.jar:5.0.3]
	at org.springframework.cloud.context.scope.GenericScope.get(GenericScope.java:177) ~[spring-cloud-context-5.0.3.jar:5.0.3]
	at org.springframework.beans.factory.support.AbstractBeanFactory.doGetBean(AbstractBeanFactory.java:369) ~[spring-beans-7.0.8.jar:7.0.8]
	at org.springframework.beans.factory.support.AbstractBeanFactory.getBean(AbstractBeanFactory.java:196) ~[spring-beans-7.0.8.jar:7.0.8]
	at org.springframework.aop.target.SimpleBeanTargetSource.getTarget(SimpleBeanTargetSource.java:35) ~[spring-aop-7.0.8.jar:7.0.8]
	at org.springframework.cloud.netflix.eureka.serviceregistry.EurekaRegistration.getTargetObject(EurekaRegistration.java:128) ~[spring-cloud-netflix-eureka-client-5.0.2.jar:5.0.2]
	at org.springframework.cloud.netflix.eureka.serviceregistry.EurekaRegistration.getEurekaClient(EurekaRegistration.java:116) ~[spring-cloud-netflix-eureka-client-5.0.2.jar:5.0.2]
	at java.base/jdk.internal.reflect.DirectMethodHandleAccessor.invoke(DirectMethodHandleAccessor.java:103) ~[na:na]
	at java.base/java.lang.reflect.Method.invoke(Method.java:580) ~[na:na]
	at org.springframework.util.ReflectionUtils.invokeMethod(ReflectionUtils.java:281) ~[spring-core-7.0.8.jar:7.0.8]
	at org.springframework.cloud.context.scope.GenericScope$LockedScopedProxyFactoryBean.invoke(GenericScope.java:480) ~[spring-cloud-context-5.0.3.jar:5.0.3]
	at org.springframework.aop.framework.ReflectiveMethodInvocation.proceed(ReflectiveMethodInvocation.java:179) ~[spring-aop-7.0.8.jar:7.0.8]
	at org.springframework.aop.framework.CglibAopProxy$DynamicAdvisedInterceptor.intercept(CglibAopProxy.java:719) ~[spring-aop-7.0.8.jar:7.0.8]
	at org.springframework.cloud.netflix.eureka.serviceregistry.EurekaRegistration$$SpringCGLIB$$0.getEurekaClient(<generated>) ~[spring-cloud-netflix-eureka-client-5.0.2.jar:na]
	at org.springframework.cloud.netflix.eureka.serviceregistry.EurekaServiceRegistry.maybeInitializeClient(EurekaServiceRegistry.java:83) ~[spring-cloud-netflix-eureka-client-5.0.2.jar:5.0.2]
	at org.springframework.cloud.netflix.eureka.serviceregistry.EurekaServiceRegistry.register(EurekaServiceRegistry.java:66) ~[spring-cloud-netflix-eureka-client-5.0.2.jar:5.0.2]
	at org.springframework.cloud.netflix.eureka.serviceregistry.EurekaAutoServiceRegistration.start(EurekaAutoServiceRegistration.java:89) ~[spring-cloud-netflix-eureka-client-5.0.2.jar:5.0.2]
	at org.springframework.context.support.DefaultLifecycleProcessor.doStart(DefaultLifecycleProcessor.java:420) ~[spring-context-7.0.8.jar:7.0.8]
	at org.springframework.context.support.DefaultLifecycleProcessor.doStart(DefaultLifecycleProcessor.java:409) ~[spring-context-7.0.8.jar:7.0.8]
	at org.springframework.context.support.DefaultLifecycleProcessor$LifecycleGroup.start(DefaultLifecycleProcessor.java:613) ~[spring-context-7.0.8.jar:7.0.8]
	at java.base/java.lang.Iterable.forEach(Iterable.java:75) ~[na:na]
	at org.springframework.context.support.DefaultLifecycleProcessor.startBeans(DefaultLifecycleProcessor.java:379) ~[spring-context-7.0.8.jar:7.0.8]
	at org.springframework.context.support.DefaultLifecycleProcessor.onRefresh(DefaultLifecycleProcessor.java:306) ~[spring-context-7.0.8.jar:7.0.8]
	at org.springframework.context.support.AbstractApplicationContext.finishRefresh(AbstractApplicationContext.java:1013) ~[spring-context-7.0.8.jar:7.0.8]
	at org.springframework.context.support.AbstractApplicationContext.refresh(AbstractApplicationContext.java:624) ~[spring-context-7.0.8.jar:7.0.8]
	at org.springframework.boot.web.server.servlet.context.ServletWebServerApplicationContext.refresh(ServletWebServerApplicationContext.java:143) ~[spring-boot-web-server-4.1.0.jar:4.1.0]
	at org.springframework.boot.SpringApplication.refresh(SpringApplication.java:756) ~[spring-boot-4.1.0.jar:4.1.0]
	at org.springframework.boot.SpringApplication.refreshContext(SpringApplication.java:445) ~[spring-boot-4.1.0.jar:4.1.0]
	at org.springframework.boot.SpringApplication.run(SpringApplication.java:321) ~[spring-boot-4.1.0.jar:4.1.0]
	at org.springframework.boot.SpringApplication.run(SpringApplication.java:1365) ~[spring-boot-4.1.0.jar:4.1.0]
	at org.springframework.boot.SpringApplication.run(SpringApplication.java:1354) ~[spring-boot-4.1.0.jar:4.1.0]
	at com.foodapp.FoodServiceApplication.main(FoodServiceApplication.java:12) ~[classes/:na]
	at java.base/jdk.internal.reflect.DirectMethodHandleAccessor.invoke(DirectMethodHandleAccessor.java:103) ~[na:na]
	at java.base/java.lang.reflect.Method.invoke(Method.java:580) ~[na:na]
	at org.springframework.boot.devtools.restart.RestartLauncher.run(RestartLauncher.java:52) ~[spring-boot-devtools-4.1.0.jar:4.1.0]

2026-08-31T19:36:22.925+05:30  INFO 14864 --- [FoodServiceApp] [restartedMain] com.netflix.discovery.DiscoveryClient    : Initial registry fetch from primary servers failed
2026-08-31T19:36:22.925+05:30  WARN 14864 --- [FoodServiceApp] [restartedMain] com.netflix.discovery.DiscoveryClient    : Using default backup registry implementation which does not do anything.
2026-08-31T19:36:22.926+05:30  INFO 14864 --- [FoodServiceApp] [restartedMain] com.netflix.discovery.DiscoveryClient    : Initial registry fetch from backup servers failed
2026-08-31T19:36:22.928+05:30  INFO 14864 --- [FoodServiceApp] [restartedMain] com.netflix.discovery.DiscoveryClient    : Starting heartbeat executor: renew interval is: 30
2026-08-31T19:36:22.931+05:30  INFO 14864 --- [FoodServiceApp] [restartedMain] c.n.discovery.InstanceInfoReplicator     : InstanceInfoReplicator onDemand update allowed rate per min is 4
2026-08-31T19:36:22.934+05:30  INFO 14864 --- [FoodServiceApp] [restartedMain] com.netflix.discovery.DiscoveryClient    : Discovery Client initialized at timestamp 1788185182933 with initial instances count: 0
2026-08-31T19:36:22.939+05:30  INFO 14864 --- [FoodServiceApp] [restartedMain] o.s.c.n.e.s.EurekaServiceRegistry        : Registering application FOODSERVICEAPP with eureka with status UP
2026-08-31T19:36:22.942+05:30  INFO 14864 --- [FoodServiceApp] [restartedMain] com.netflix.discovery.DiscoveryClient    : Saw local status change event StatusChangeEvent [timestamp=1788185182942, current=UP, previous=STARTING]
2026-08-31T19:36:22.946+05:30  INFO 14864 --- [FoodServiceApp] [DiscoveryClient-InstanceInfoReplicator-%d] com.netflix.discovery.DiscoveryClient    : DiscoveryClient_FOODSERVICEAPP/localhost:FoodServiceApp:9091: registering service...
2026-08-31T19:36:23.001+05:30  INFO 14864 --- [FoodServiceApp] [restartedMain] o.s.boot.tomcat.TomcatWebServer          : Tomcat started on port 9091 (http) with context path '/'
2026-08-31T19:36:23.002+05:30  INFO 14864 --- [FoodServiceApp] [restartedMain] .s.c.n.e.s.EurekaAutoServiceRegistration : Updating port to 9091
2026-08-31T19:36:23.064+05:30  INFO 11564 --- [FoodServiceApp] [restartedMain] DiscoveryClientOptionalArgsConfiguration : Eureka HTTP Client uses RestClient.
2026-08-31T19:36:23.151+05:30  WARN 11564 --- [FoodServiceApp] [restartedMain] iguration$LoadBalancerCaffeineWarnLogger : Spring Cloud LoadBalancer is currently working with the default cache. While this cache implementation is useful for development and tests, it's recommended to use Caffeine cache in production.You can switch to using Caffeine cache, by adding it and org.springframework.cache.caffeine.CaffeineCacheManager to the classpath.
2026-08-31T19:36:23.190+05:30  INFO 14864 --- [FoodServiceApp] [DiscoveryClient-InstanceInfoReplicator-%d] c.n.d.s.t.d.RedirectingEurekaHttpClient  : Request execution error. endpoint=DefaultEndpoint{ serviceUrl='http://localhost:8761/eureka/}, exception=I/O error on POST request for "http://localhost:8761/eureka/apps/FOODSERVICEAPP": Connect to http://localhost:8761 failed: Connection refused: getsockopt

org.springframework.web.client.ResourceAccessException: I/O error on POST request for "http://localhost:8761/eureka/apps/FOODSERVICEAPP": Connect to http://localhost:8761 failed: Connection refused: getsockopt
	at org.springframework.web.client.DefaultRestClient$DefaultRequestBodyUriSpec.createResourceAccessException(DefaultRestClient.java:779) ~[spring-web-7.0.8.jar:7.0.8]
	at org.springframework.web.client.DefaultRestClient$DefaultRequestBodyUriSpec.exchangeInternal(DefaultRestClient.java:624) ~[spring-web-7.0.8.jar:7.0.8]
	at org.springframework.web.client.DefaultRestClient$DefaultRequestBodyUriSpec.exchange(DefaultRestClient.java:572) ~[spring-web-7.0.8.jar:7.0.8]
	at org.springframework.web.client.RestClient$RequestHeadersSpec.exchange(RestClient.java:747) ~[spring-web-7.0.8.jar:7.0.8]
	at org.springframework.web.client.DefaultRestClient$DefaultResponseSpec.executeAndExtract(DefaultRestClient.java:924) ~[spring-web-7.0.8.jar:7.0.8]
	at org.springframework.web.client.DefaultRestClient$DefaultResponseSpec.toBodilessEntity(DefaultRestClient.java:888) ~[spring-web-7.0.8.jar:7.0.8]
	at org.springframework.cloud.netflix.eureka.http.RestClientEurekaHttpClient.register(RestClientEurekaHttpClient.java:64) ~[spring-cloud-netflix-eureka-client-5.0.2.jar:5.0.2]
	at com.netflix.discovery.shared.transport.decorator.EurekaHttpClientDecorator$1.execute(EurekaHttpClientDecorator.java:59) ~[eureka-client-2.0.6.jar:2.0.6]
	at com.netflix.discovery.shared.transport.decorator.RedirectingEurekaHttpClient.executeOnNewServer(RedirectingEurekaHttpClient.java:120) ~[eureka-client-2.0.6.jar:2.0.6]
	at com.netflix.discovery.shared.transport.decorator.RedirectingEurekaHttpClient.execute(RedirectingEurekaHttpClient.java:79) ~[eureka-client-2.0.6.jar:2.0.6]
	at com.netflix.discovery.shared.transport.decorator.EurekaHttpClientDecorator.register(EurekaHttpClientDecorator.java:56) ~[eureka-client-2.0.6.jar:2.0.6]
	at com.netflix.discovery.shared.transport.decorator.EurekaHttpClientDecorator$1.execute(EurekaHttpClientDecorator.java:59) ~[eureka-client-2.0.6.jar:2.0.6]
	at com.netflix.discovery.shared.transport.decorator.RetryableEurekaHttpClient.execute(RetryableEurekaHttpClient.java:120) ~[eureka-client-2.0.6.jar:2.0.6]
	at com.netflix.discovery.shared.transport.decorator.EurekaHttpClientDecorator.register(EurekaHttpClientDecorator.java:56) ~[eureka-client-2.0.6.jar:2.0.6]
	at com.netflix.discovery.shared.transport.decorator.EurekaHttpClientDecorator$1.execute(EurekaHttpClientDecorator.java:59) ~[eureka-client-2.0.6.jar:2.0.6]
	at com.netflix.discovery.shared.transport.decorator.SessionedEurekaHttpClient.execute(SessionedEurekaHttpClient.java:76) ~[eureka-client-2.0.6.jar:2.0.6]
	at com.netflix.discovery.shared.transport.decorator.EurekaHttpClientDecorator.register(EurekaHttpClientDecorator.java:56) ~[eureka-client-2.0.6.jar:2.0.6]
	at com.netflix.discovery.DiscoveryClient.register(DiscoveryClient.java:843) ~[eureka-client-2.0.6.jar:2.0.6]
	at com.netflix.discovery.InstanceInfoReplicator.run(InstanceInfoReplicator.java:125) ~[eureka-client-2.0.6.jar:2.0.6]
	at com.netflix.discovery.InstanceInfoReplicator$2.run(InstanceInfoReplicator.java:105) ~[eureka-client-2.0.6.jar:2.0.6]
	at java.base/java.util.concurrent.Executors$RunnableAdapter.call(Executors.java:572) ~[na:na]
	at java.base/java.util.concurrent.FutureTask.run(FutureTask.java:317) ~[na:na]
	at java.base/java.util.concurrent.ScheduledThreadPoolExecutor$ScheduledFutureTask.run(ScheduledThreadPoolExecutor.java:304) ~[na:na]
	at java.base/java.util.concurrent.ThreadPoolExecutor.runWorker(ThreadPoolExecutor.java:1144) ~[na:na]
	at java.base/java.util.concurrent.ThreadPoolExecutor$Worker.run(ThreadPoolExecutor.java:642) ~[na:na]
	at java.base/java.lang.Thread.run(Thread.java:1583) ~[na:na]
Caused by: org.apache.hc.client5.http.HttpHostConnectException: Connect to http://localhost:8761 failed: Connection refused: getsockopt
	at java.base/sun.nio.ch.Net.pollConnect(Native Method) ~[na:na]
	at java.base/sun.nio.ch.Net.pollConnectNow(Net.java:682) ~[na:na]
	at java.base/sun.nio.ch.NioSocketImpl.timedFinishConnect(NioSocketImpl.java:542) ~[na:na]
	at java.base/sun.nio.ch.NioSocketImpl.connect(NioSocketImpl.java:592) ~[na:na]
	at java.base/java.net.SocksSocketImpl.connect(SocksSocketImpl.java:327) ~[na:na]
	at java.base/java.net.Socket.connect(Socket.java:751) ~[na:na]
	at org.apache.hc.client5.http.impl.io.DefaultHttpClientConnectionOperator.connect(DefaultHttpClientConnectionOperator.java:219) ~[httpclient5-5.6.1.jar:5.6.1]
	at org.apache.hc.client5.http.impl.io.PoolingHttpClientConnectionManager.connect(PoolingHttpClientConnectionManager.java:547) ~[httpclient5-5.6.1.jar:5.6.1]
	at org.apache.hc.client5.http.impl.classic.InternalExecRuntime.connectEndpoint(InternalExecRuntime.java:164) ~[httpclient5-5.6.1.jar:5.6.1]
	at org.apache.hc.client5.http.impl.classic.InternalExecRuntime.connectEndpoint(InternalExecRuntime.java:174) ~[httpclient5-5.6.1.jar:5.6.1]
	at org.apache.hc.client5.http.impl.classic.ConnectExec.execute(ConnectExec.java:144) ~[httpclient5-5.6.1.jar:5.6.1]
	at org.apache.hc.client5.http.impl.classic.ExecChainElement.execute(ExecChainElement.java:51) ~[httpclient5-5.6.1.jar:5.6.1]
	at org.apache.hc.client5.http.impl.classic.ProtocolExec.execute(ProtocolExec.java:192) ~[httpclient5-5.6.1.jar:5.6.1]
	at org.apache.hc.client5.http.impl.classic.ExecChainElement.execute(ExecChainElement.java:51) ~[httpclient5-5.6.1.jar:5.6.1]
	at org.apache.hc.client5.http.impl.classic.ContentCompressionExec.execute(ContentCompressionExec.java:138) ~[httpclient5-5.6.1.jar:5.6.1]
	at org.apache.hc.client5.http.impl.classic.ExecChainElement.execute(ExecChainElement.java:51) ~[httpclient5-5.6.1.jar:5.6.1]
	at org.apache.hc.client5.http.impl.classic.HttpRequestRetryExec.execute(HttpRequestRetryExec.java:112) ~[httpclient5-5.6.1.jar:5.6.1]
	at org.apache.hc.client5.http.impl.classic.ExecChainElement.execute(ExecChainElement.java:51) ~[httpclient5-5.6.1.jar:5.6.1]
	at org.apache.hc.client5.http.impl.classic.RedirectExec.execute(RedirectExec.java:110) ~[httpclient5-5.6.1.jar:5.6.1]
	at org.apache.hc.client5.http.impl.classic.ExecChainElement.execute(ExecChainElement.java:51) ~[httpclient5-5.6.1.jar:5.6.1]
	at org.apache.hc.client5.http.impl.classic.InternalHttpClient.doExecute(InternalHttpClient.java:185) ~[httpclient5-5.6.1.jar:5.6.1]
	at org.apache.hc.client5.http.impl.classic.CloseableHttpClient.execute(CloseableHttpClient.java:87) ~[httpclient5-5.6.1.jar:5.6.1]
	at org.apache.hc.client5.http.impl.classic.CloseableHttpClient.execute(CloseableHttpClient.java:55) ~[httpclient5-5.6.1.jar:5.6.1]
	at org.apache.hc.client5.http.classic.HttpClient.executeOpen(HttpClient.java:183) ~[httpclient5-5.6.1.jar:5.6.1]
	at org.springframework.http.client.HttpComponentsClientHttpRequest.executeInternal(HttpComponentsClientHttpRequest.java:99) ~[spring-web-7.0.8.jar:7.0.8]
	at org.springframework.http.client.AbstractStreamingClientHttpRequest.executeInternal(AbstractStreamingClientHttpRequest.java:87) ~[spring-web-7.0.8.jar:7.0.8]
	at org.springframework.http.client.AbstractClientHttpRequest.execute(AbstractClientHttpRequest.java:80) ~[spring-web-7.0.8.jar:7.0.8]
	at org.springframework.http.client.AbstractBufferingClientHttpRequest.executeWithRequestAndBody(AbstractBufferingClientHttpRequest.java:89) ~[spring-web-7.0.8.jar:7.0.8]
	at org.springframework.http.client.InterceptingClientHttpRequest$EndOfChainRequestExecution.execute(InterceptingClientHttpRequest.java:102) ~[spring-web-7.0.8.jar:7.0.8]
	at org.springframework.cloud.netflix.eureka.http.RestClientTransportClientFactory.lambda$newClient$2(RestClientTransportClientFactory.java:98) ~[spring-cloud-netflix-eureka-client-5.0.2.jar:5.0.2]
	at org.springframework.http.client.ClientHttpRequestInterceptor.lambda$apply$0(ClientHttpRequestInterceptor.java:89) ~[spring-web-7.0.8.jar:7.0.8]
	at org.springframework.http.client.InterceptingClientHttpRequest.executeInternal(InterceptingClientHttpRequest.java:73) ~[spring-web-7.0.8.jar:7.0.8]
	at org.springframework.http.client.AbstractBufferingClientHttpRequest.executeInternal(AbstractBufferingClientHttpRequest.java:50) ~[spring-web-7.0.8.jar:7.0.8]
	at org.springframework.http.client.AbstractClientHttpRequest.execute(AbstractClientHttpRequest.java:80) ~[spring-web-7.0.8.jar:7.0.8]
	at org.springframework.web.client.DefaultRestClient$DefaultRequestBodyUriSpec.exchangeInternal(DefaultRestClient.java:614) ~[spring-web-7.0.8.jar:7.0.8]
	... 24 common frames omitted

2026-08-31T19:36:23.210+05:30  WARN 14864 --- [FoodServiceApp] [DiscoveryClient-InstanceInfoReplicator-%d] c.n.d.s.t.d.RetryableEurekaHttpClient    : Request execution failed with message: I/O error on POST request for "http://localhost:8761/eureka/apps/FOODSERVICEAPP": Connect to http://localhost:8761 failed: Connection refused: getsockopt
2026-08-31T19:36:23.212+05:30  WARN 14864 --- [FoodServiceApp] [DiscoveryClient-InstanceInfoReplicator-%d] com.netflix.discovery.DiscoveryClient    : DiscoveryClient_FOODSERVICEAPP/localhost:FoodServiceApp:9091 - registration failed Cannot execute request on any known server

com.netflix.discovery.shared.transport.TransportException: Cannot execute request on any known server
	at com.netflix.discovery.shared.transport.decorator.RetryableEurekaHttpClient.execute(RetryableEurekaHttpClient.java:112) ~[eureka-client-2.0.6.jar:2.0.6]
	at com.netflix.discovery.shared.transport.decorator.EurekaHttpClientDecorator.register(EurekaHttpClientDecorator.java:56) ~[eureka-client-2.0.6.jar:2.0.6]
	at com.netflix.discovery.shared.transport.decorator.EurekaHttpClientDecorator$1.execute(EurekaHttpClientDecorator.java:59) ~[eureka-client-2.0.6.jar:2.0.6]
	at com.netflix.discovery.shared.transport.decorator.SessionedEurekaHttpClient.execute(SessionedEurekaHttpClient.java:76) ~[eureka-client-2.0.6.jar:2.0.6]
	at com.netflix.discovery.shared.transport.decorator.EurekaHttpClientDecorator.register(EurekaHttpClientDecorator.java:56) ~[eureka-client-2.0.6.jar:2.0.6]
	at com.netflix.discovery.DiscoveryClient.register(DiscoveryClient.java:843) ~[eureka-client-2.0.6.jar:2.0.6]
	at com.netflix.discovery.InstanceInfoReplicator.run(InstanceInfoReplicator.java:125) ~[eureka-client-2.0.6.jar:2.0.6]
	at com.netflix.discovery.InstanceInfoReplicator$2.run(InstanceInfoReplicator.java:105) ~[eureka-client-2.0.6.jar:2.0.6]
	at java.base/java.util.concurrent.Executors$RunnableAdapter.call(Executors.java:572) ~[na:na]
	at java.base/java.util.concurrent.FutureTask.run(FutureTask.java:317) ~[na:na]
	at java.base/java.util.concurrent.ScheduledThreadPoolExecutor$ScheduledFutureTask.run(ScheduledThreadPoolExecutor.java:304) ~[na:na]
	at java.base/java.util.concurrent.ThreadPoolExecutor.runWorker(ThreadPoolExecutor.java:1144) ~[na:na]
	at java.base/java.util.concurrent.ThreadPoolExecutor$Worker.run(ThreadPoolExecutor.java:642) ~[na:na]
	at java.base/java.lang.Thread.run(Thread.java:1583) ~[na:na]

2026-08-31T19:36:23.232+05:30  WARN 14864 --- [FoodServiceApp] [DiscoveryClient-InstanceInfoReplicator-%d] c.n.discovery.InstanceInfoReplicator     : There was a problem with the instance info replicator

com.netflix.discovery.shared.transport.TransportException: Cannot execute request on any known server
	at com.netflix.discovery.shared.transport.decorator.RetryableEurekaHttpClient.execute(RetryableEurekaHttpClient.java:112) ~[eureka-client-2.0.6.jar:2.0.6]
	at com.netflix.discovery.shared.transport.decorator.EurekaHttpClientDecorator.register(EurekaHttpClientDecorator.java:56) ~[eureka-client-2.0.6.jar:2.0.6]
	at com.netflix.discovery.shared.transport.decorator.EurekaHttpClientDecorator$1.execute(EurekaHttpClientDecorator.java:59) ~[eureka-client-2.0.6.jar:2.0.6]
	at com.netflix.discovery.shared.transport.decorator.SessionedEurekaHttpClient.execute(SessionedEurekaHttpClient.java:76) ~[eureka-client-2.0.6.jar:2.0.6]
	at com.netflix.discovery.shared.transport.decorator.EurekaHttpClientDecorator.register(EurekaHttpClientDecorator.java:56) ~[eureka-client-2.0.6.jar:2.0.6]
	at com.netflix.discovery.DiscoveryClient.register(DiscoveryClient.java:843) ~[eureka-client-2.0.6.jar:2.0.6]
	at com.netflix.discovery.InstanceInfoReplicator.run(InstanceInfoReplicator.java:125) ~[eureka-client-2.0.6.jar:2.0.6]
	at com.netflix.discovery.InstanceInfoReplicator$2.run(InstanceInfoReplicator.java:105) ~[eureka-client-2.0.6.jar:2.0.6]
	at java.base/java.util.concurrent.Executors$RunnableAdapter.call(Executors.java:572) ~[na:na]
	at java.base/java.util.concurrent.FutureTask.run(FutureTask.java:317) ~[na:na]
	at java.base/java.util.concurrent.ScheduledThreadPoolExecutor$ScheduledFutureTask.run(ScheduledThreadPoolExecutor.java:304) ~[na:na]
	at java.base/java.util.concurrent.ThreadPoolExecutor.runWorker(ThreadPoolExecutor.java:1144) ~[na:na]
	at java.base/java.util.concurrent.ThreadPoolExecutor$Worker.run(ThreadPoolExecutor.java:642) ~[na:na]
	at java.base/java.lang.Thread.run(Thread.java:1583) ~[na:na]

2026-08-31T19:36:23.268+05:30  INFO 11564 --- [FoodServiceApp] [restartedMain] o.s.c.n.eureka.InstanceInfoFactory       : Setting initial instance status as: STARTING
2026-08-31T19:36:23.354+05:30  INFO 11564 --- [FoodServiceApp] [restartedMain] com.netflix.discovery.DiscoveryClient    : Initializing Eureka in region us-east-1
2026-08-31T19:36:23.370+05:30  INFO 11564 --- [FoodServiceApp] [restartedMain] c.n.d.s.r.aws.ConfigClusterResolver      : Resolving eureka endpoints via configuration
2026-08-31T19:36:23.406+05:30  INFO 11564 --- [FoodServiceApp] [restartedMain] com.netflix.discovery.DiscoveryClient    : Disable delta property : false
2026-08-31T19:36:23.406+05:30  INFO 11564 --- [FoodServiceApp] [restartedMain] com.netflix.discovery.DiscoveryClient    : Single vip registry refresh property : null
2026-08-31T19:36:23.407+05:30  INFO 11564 --- [FoodServiceApp] [restartedMain] com.netflix.discovery.DiscoveryClient    : Force full registry fetch : false
2026-08-31T19:36:23.407+05:30  INFO 11564 --- [FoodServiceApp] [restartedMain] com.netflix.discovery.DiscoveryClient    : Application is null : false
2026-08-31T19:36:23.407+05:30  INFO 11564 --- [FoodServiceApp] [restartedMain] com.netflix.discovery.DiscoveryClient    : Registered Applications size is zero : true
2026-08-31T19:36:23.408+05:30  INFO 11564 --- [FoodServiceApp] [restartedMain] com.netflix.discovery.DiscoveryClient    : Application version is -1: true
2026-08-31T19:36:23.408+05:30  INFO 11564 --- [FoodServiceApp] [restartedMain] com.netflix.discovery.DiscoveryClient    : Getting all instance registry info from the eureka server
2026-08-31T19:36:23.751+05:30  INFO 11564 --- [FoodServiceApp] [restartedMain] c.n.d.s.t.d.RedirectingEurekaHttpClient  : Request execution error. endpoint=DefaultEndpoint{ serviceUrl='http://localhost:8761/eureka/}, exception=I/O error on GET request for "http://localhost:8761/eureka/apps/": Connect to http://localhost:8761 failed: Connection refused: getsockopt

org.springframework.web.client.ResourceAccessException: I/O error on GET request for "http://localhost:8761/eureka/apps/": Connect to http://localhost:8761 failed: Connection refused: getsockopt
	at org.springframework.web.client.DefaultRestClient$DefaultRequestBodyUriSpec.createResourceAccessException(DefaultRestClient.java:779) ~[spring-web-7.0.8.jar:7.0.8]
	at org.springframework.web.client.DefaultRestClient$DefaultRequestBodyUriSpec.exchangeInternal(DefaultRestClient.java:624) ~[spring-web-7.0.8.jar:7.0.8]
	at org.springframework.web.client.DefaultRestClient$DefaultRequestBodyUriSpec.exchange(DefaultRestClient.java:572) ~[spring-web-7.0.8.jar:7.0.8]
	at org.springframework.web.client.RestClient$RequestHeadersSpec.exchange(RestClient.java:747) ~[spring-web-7.0.8.jar:7.0.8]
	at org.springframework.web.client.DefaultRestClient$DefaultResponseSpec.executeAndExtract(DefaultRestClient.java:924) ~[spring-web-7.0.8.jar:7.0.8]
	at org.springframework.web.client.DefaultRestClient$DefaultResponseSpec.toEntityInternal(DefaultRestClient.java:870) ~[spring-web-7.0.8.jar:7.0.8]
	at org.springframework.web.client.DefaultRestClient$DefaultResponseSpec.toEntity(DefaultRestClient.java:859) ~[spring-web-7.0.8.jar:7.0.8]
	at org.springframework.cloud.netflix.eureka.http.RestClientEurekaHttpClient.getApplicationsInternal(RestClientEurekaHttpClient.java:201) ~[spring-cloud-netflix-eureka-client-5.0.2.jar:5.0.2]
	at org.springframework.cloud.netflix.eureka.http.RestClientEurekaHttpClient.getApplications(RestClientEurekaHttpClient.java:137) ~[spring-cloud-netflix-eureka-client-5.0.2.jar:5.0.2]
	at com.netflix.discovery.shared.transport.decorator.EurekaHttpClientDecorator$6.execute(EurekaHttpClientDecorator.java:137) ~[eureka-client-2.0.6.jar:2.0.6]
	at com.netflix.discovery.shared.transport.decorator.RedirectingEurekaHttpClient.executeOnNewServer(RedirectingEurekaHttpClient.java:120) ~[eureka-client-2.0.6.jar:2.0.6]
	at com.netflix.discovery.shared.transport.decorator.RedirectingEurekaHttpClient.execute(RedirectingEurekaHttpClient.java:79) ~[eureka-client-2.0.6.jar:2.0.6]
	at com.netflix.discovery.shared.transport.decorator.EurekaHttpClientDecorator.getApplications(EurekaHttpClientDecorator.java:134) ~[eureka-client-2.0.6.jar:2.0.6]
	at com.netflix.discovery.shared.transport.decorator.EurekaHttpClientDecorator$6.execute(EurekaHttpClientDecorator.java:137) ~[eureka-client-2.0.6.jar:2.0.6]
	at com.netflix.discovery.shared.transport.decorator.RetryableEurekaHttpClient.execute(RetryableEurekaHttpClient.java:120) ~[eureka-client-2.0.6.jar:2.0.6]
	at com.netflix.discovery.shared.transport.decorator.EurekaHttpClientDecorator.getApplications(EurekaHttpClientDecorator.java:134) ~[eureka-client-2.0.6.jar:2.0.6]
	at com.netflix.discovery.shared.transport.decorator.EurekaHttpClientDecorator$6.execute(EurekaHttpClientDecorator.java:137) ~[eureka-client-2.0.6.jar:2.0.6]
	at com.netflix.discovery.shared.transport.decorator.SessionedEurekaHttpClient.execute(SessionedEurekaHttpClient.java:76) ~[eureka-client-2.0.6.jar:2.0.6]
	at com.netflix.discovery.shared.transport.decorator.EurekaHttpClientDecorator.getApplications(EurekaHttpClientDecorator.java:134) ~[eureka-client-2.0.6.jar:2.0.6]
	at com.netflix.discovery.DiscoveryClient.getAndStoreFullRegistry(DiscoveryClient.java:1061) ~[eureka-client-2.0.6.jar:2.0.6]
	at com.netflix.discovery.DiscoveryClient.fetchRegistry(DiscoveryClient.java:976) ~[eureka-client-2.0.6.jar:2.0.6]
	at com.netflix.discovery.DiscoveryClient.<init>(DiscoveryClient.java:419) ~[eureka-client-2.0.6.jar:2.0.6]
	at com.netflix.discovery.DiscoveryClient.<init>(DiscoveryClient.java:254) ~[eureka-client-2.0.6.jar:2.0.6]
	at com.netflix.discovery.DiscoveryClient.<init>(DiscoveryClient.java:249) ~[eureka-client-2.0.6.jar:2.0.6]
	at org.springframework.cloud.netflix.eureka.CloudEurekaClient.<init>(CloudEurekaClient.java:68) ~[spring-cloud-netflix-eureka-client-5.0.2.jar:5.0.2]
	at org.springframework.cloud.netflix.eureka.EurekaClientAutoConfiguration$RefreshableEurekaClientConfiguration.eurekaClient(EurekaClientAutoConfiguration.java:324) ~[spring-cloud-netflix-eureka-client-5.0.2.jar:5.0.2]
	at java.base/jdk.internal.reflect.DirectMethodHandleAccessor.invoke(DirectMethodHandleAccessor.java:103) ~[na:na]
	at java.base/java.lang.reflect.Method.invoke(Method.java:580) ~[na:na]
	at org.springframework.beans.factory.support.SimpleInstantiationStrategy.lambda$instantiate$0(SimpleInstantiationStrategy.java:155) ~[spring-beans-7.0.8.jar:7.0.8]
	at org.springframework.beans.factory.support.SimpleInstantiationStrategy.instantiateWithFactoryMethod(SimpleInstantiationStrategy.java:72) ~[spring-beans-7.0.8.jar:7.0.8]
	at org.springframework.beans.factory.support.SimpleInstantiationStrategy.instantiate(SimpleInstantiationStrategy.java:152) ~[spring-beans-7.0.8.jar:7.0.8]
	at org.springframework.beans.factory.support.ConstructorResolver.instantiate(ConstructorResolver.java:653) ~[spring-beans-7.0.8.jar:7.0.8]
	at org.springframework.beans.factory.support.ConstructorResolver.instantiateUsingFactoryMethod(ConstructorResolver.java:645) ~[spring-beans-7.0.8.jar:7.0.8]
	at org.springframework.beans.factory.support.AbstractAutowireCapableBeanFactory.instantiateUsingFactoryMethod(AbstractAutowireCapableBeanFactory.java:1360) ~[spring-beans-7.0.8.jar:7.0.8]
	at org.springframework.beans.factory.support.AbstractAutowireCapableBeanFactory.createBeanInstance(AbstractAutowireCapableBeanFactory.java:1192) ~[spring-beans-7.0.8.jar:7.0.8]
	at org.springframework.beans.factory.support.AbstractAutowireCapableBeanFactory.doCreateBean(AbstractAutowireCapableBeanFactory.java:565) ~[spring-beans-7.0.8.jar:7.0.8]
	at org.springframework.beans.factory.support.AbstractAutowireCapableBeanFactory.createBean(AbstractAutowireCapableBeanFactory.java:525) ~[spring-beans-7.0.8.jar:7.0.8]
	at org.springframework.beans.factory.support.AbstractBeanFactory.lambda$doGetBean$1(AbstractBeanFactory.java:372) ~[spring-beans-7.0.8.jar:7.0.8]
	at org.springframework.cloud.context.scope.GenericScope$BeanLifecycleWrapper.getBean(GenericScope.java:373) ~[spring-cloud-context-5.0.3.jar:5.0.3]
	at org.springframework.cloud.context.scope.GenericScope.get(GenericScope.java:177) ~[spring-cloud-context-5.0.3.jar:5.0.3]
	at org.springframework.beans.factory.support.AbstractBeanFactory.doGetBean(AbstractBeanFactory.java:369) ~[spring-beans-7.0.8.jar:7.0.8]
	at org.springframework.beans.factory.support.AbstractBeanFactory.getBean(AbstractBeanFactory.java:196) ~[spring-beans-7.0.8.jar:7.0.8]
	at org.springframework.aop.target.SimpleBeanTargetSource.getTarget(SimpleBeanTargetSource.java:35) ~[spring-aop-7.0.8.jar:7.0.8]
	at org.springframework.cloud.netflix.eureka.serviceregistry.EurekaRegistration.getTargetObject(EurekaRegistration.java:128) ~[spring-cloud-netflix-eureka-client-5.0.2.jar:5.0.2]
	at org.springframework.cloud.netflix.eureka.serviceregistry.EurekaRegistration.getEurekaClient(EurekaRegistration.java:116) ~[spring-cloud-netflix-eureka-client-5.0.2.jar:5.0.2]
	at java.base/jdk.internal.reflect.DirectMethodHandleAccessor.invoke(DirectMethodHandleAccessor.java:103) ~[na:na]
	at java.base/java.lang.reflect.Method.invoke(Method.java:580) ~[na:na]
	at org.springframework.util.ReflectionUtils.invokeMethod(ReflectionUtils.java:281) ~[spring-core-7.0.8.jar:7.0.8]
	at org.springframework.cloud.context.scope.GenericScope$LockedScopedProxyFactoryBean.invoke(GenericScope.java:480) ~[spring-cloud-context-5.0.3.jar:5.0.3]
	at org.springframework.aop.framework.ReflectiveMethodInvocation.proceed(ReflectiveMethodInvocation.java:179) ~[spring-aop-7.0.8.jar:7.0.8]
	at org.springframework.aop.framework.CglibAopProxy$DynamicAdvisedInterceptor.intercept(CglibAopProxy.java:719) ~[spring-aop-7.0.8.jar:7.0.8]
	at org.springframework.cloud.netflix.eureka.serviceregistry.EurekaRegistration$$SpringCGLIB$$0.getEurekaClient(<generated>) ~[spring-cloud-netflix-eureka-client-5.0.2.jar:na]
	at org.springframework.cloud.netflix.eureka.serviceregistry.EurekaServiceRegistry.maybeInitializeClient(EurekaServiceRegistry.java:83) ~[spring-cloud-netflix-eureka-client-5.0.2.jar:5.0.2]
	at org.springframework.cloud.netflix.eureka.serviceregistry.EurekaServiceRegistry.register(EurekaServiceRegistry.java:66) ~[spring-cloud-netflix-eureka-client-5.0.2.jar:5.0.2]
	at org.springframework.cloud.netflix.eureka.serviceregistry.EurekaAutoServiceRegistration.start(EurekaAutoServiceRegistration.java:89) ~[spring-cloud-netflix-eureka-client-5.0.2.jar:5.0.2]
	at org.springframework.context.support.DefaultLifecycleProcessor.doStart(DefaultLifecycleProcessor.java:420) ~[spring-context-7.0.8.jar:7.0.8]
	at org.springframework.context.support.DefaultLifecycleProcessor.doStart(DefaultLifecycleProcessor.java:409) ~[spring-context-7.0.8.jar:7.0.8]
	at org.springframework.context.support.DefaultLifecycleProcessor$LifecycleGroup.start(DefaultLifecycleProcessor.java:613) ~[spring-context-7.0.8.jar:7.0.8]
	at java.base/java.lang.Iterable.forEach(Iterable.java:75) ~[na:na]
	at org.springframework.context.support.DefaultLifecycleProcessor.startBeans(DefaultLifecycleProcessor.java:379) ~[spring-context-7.0.8.jar:7.0.8]
	at org.springframework.context.support.DefaultLifecycleProcessor.onRefresh(DefaultLifecycleProcessor.java:306) ~[spring-context-7.0.8.jar:7.0.8]
	at org.springframework.context.support.AbstractApplicationContext.finishRefresh(AbstractApplicationContext.java:1013) ~[spring-context-7.0.8.jar:7.0.8]
	at org.springframework.context.support.AbstractApplicationContext.refresh(AbstractApplicationContext.java:624) ~[spring-context-7.0.8.jar:7.0.8]
	at org.springframework.boot.web.server.servlet.context.ServletWebServerApplicationContext.refresh(ServletWebServerApplicationContext.java:143) ~[spring-boot-web-server-4.1.0.jar:4.1.0]
	at org.springframework.boot.SpringApplication.refresh(SpringApplication.java:756) ~[spring-boot-4.1.0.jar:4.1.0]
	at org.springframework.boot.SpringApplication.refreshContext(SpringApplication.java:445) ~[spring-boot-4.1.0.jar:4.1.0]
	at org.springframework.boot.SpringApplication.run(SpringApplication.java:321) ~[spring-boot-4.1.0.jar:4.1.0]
	at org.springframework.boot.SpringApplication.run(SpringApplication.java:1365) ~[spring-boot-4.1.0.jar:4.1.0]
	at org.springframework.boot.SpringApplication.run(SpringApplication.java:1354) ~[spring-boot-4.1.0.jar:4.1.0]
	at com.foodapp.FoodServiceApplication.main(FoodServiceApplication.java:12) ~[classes/:na]
	at java.base/jdk.internal.reflect.DirectMethodHandleAccessor.invoke(DirectMethodHandleAccessor.java:103) ~[na:na]
	at java.base/java.lang.reflect.Method.invoke(Method.java:580) ~[na:na]
	at org.springframework.boot.devtools.restart.RestartLauncher.run(RestartLauncher.java:52) ~[spring-boot-devtools-4.1.0.jar:4.1.0]
Caused by: org.apache.hc.client5.http.HttpHostConnectException: Connect to http://localhost:8761 failed: Connection refused: getsockopt
	at java.base/sun.nio.ch.Net.pollConnect(Native Method) ~[na:na]
	at java.base/sun.nio.ch.Net.pollConnectNow(Net.java:682) ~[na:na]
	at java.base/sun.nio.ch.NioSocketImpl.timedFinishConnect(NioSocketImpl.java:542) ~[na:na]
	at java.base/sun.nio.ch.NioSocketImpl.connect(NioSocketImpl.java:592) ~[na:na]
	at java.base/java.net.SocksSocketImpl.connect(SocksSocketImpl.java:327) ~[na:na]
	at java.base/java.net.Socket.connect(Socket.java:751) ~[na:na]
	at org.apache.hc.client5.http.impl.io.DefaultHttpClientConnectionOperator.connect(DefaultHttpClientConnectionOperator.java:219) ~[httpclient5-5.6.1.jar:5.6.1]
	at org.apache.hc.client5.http.impl.io.PoolingHttpClientConnectionManager.connect(PoolingHttpClientConnectionManager.java:547) ~[httpclient5-5.6.1.jar:5.6.1]
	at org.apache.hc.client5.http.impl.classic.InternalExecRuntime.connectEndpoint(InternalExecRuntime.java:164) ~[httpclient5-5.6.1.jar:5.6.1]
	at org.apache.hc.client5.http.impl.classic.InternalExecRuntime.connectEndpoint(InternalExecRuntime.java:174) ~[httpclient5-5.6.1.jar:5.6.1]
	at org.apache.hc.client5.http.impl.classic.ConnectExec.execute(ConnectExec.java:144) ~[httpclient5-5.6.1.jar:5.6.1]
	at org.apache.hc.client5.http.impl.classic.ExecChainElement.execute(ExecChainElement.java:51) ~[httpclient5-5.6.1.jar:5.6.1]
	at org.apache.hc.client5.http.impl.classic.ProtocolExec.execute(ProtocolExec.java:192) ~[httpclient5-5.6.1.jar:5.6.1]
	at org.apache.hc.client5.http.impl.classic.ExecChainElement.execute(ExecChainElement.java:51) ~[httpclient5-5.6.1.jar:5.6.1]
	at org.apache.hc.client5.http.impl.classic.ContentCompressionExec.execute(ContentCompressionExec.java:138) ~[httpclient5-5.6.1.jar:5.6.1]
	at org.apache.hc.client5.http.impl.classic.ExecChainElement.execute(ExecChainElement.java:51) ~[httpclient5-5.6.1.jar:5.6.1]
	at org.apache.hc.client5.http.impl.classic.HttpRequestRetryExec.execute(HttpRequestRetryExec.java:112) ~[httpclient5-5.6.1.jar:5.6.1]
	at org.apache.hc.client5.http.impl.classic.ExecChainElement.execute(ExecChainElement.java:51) ~[httpclient5-5.6.1.jar:5.6.1]
	at org.apache.hc.client5.http.impl.classic.RedirectExec.execute(RedirectExec.java:110) ~[httpclient5-5.6.1.jar:5.6.1]
	at org.apache.hc.client5.http.impl.classic.ExecChainElement.execute(ExecChainElement.java:51) ~[httpclient5-5.6.1.jar:5.6.1]
	at org.apache.hc.client5.http.impl.classic.InternalHttpClient.doExecute(InternalHttpClient.java:185) ~[httpclient5-5.6.1.jar:5.6.1]
	at org.apache.hc.client5.http.impl.classic.CloseableHttpClient.execute(CloseableHttpClient.java:87) ~[httpclient5-5.6.1.jar:5.6.1]
	at org.apache.hc.client5.http.impl.classic.CloseableHttpClient.execute(CloseableHttpClient.java:55) ~[httpclient5-5.6.1.jar:5.6.1]
	at org.apache.hc.client5.http.classic.HttpClient.executeOpen(HttpClient.java:183) ~[httpclient5-5.6.1.jar:5.6.1]
	at org.springframework.http.client.HttpComponentsClientHttpRequest.executeInternal(HttpComponentsClientHttpRequest.java:99) ~[spring-web-7.0.8.jar:7.0.8]
	at org.springframework.http.client.AbstractStreamingClientHttpRequest.executeInternal(AbstractStreamingClientHttpRequest.java:87) ~[spring-web-7.0.8.jar:7.0.8]
	at org.springframework.http.client.AbstractClientHttpRequest.execute(AbstractClientHttpRequest.java:80) ~[spring-web-7.0.8.jar:7.0.8]
	at org.springframework.http.client.AbstractBufferingClientHttpRequest.executeWithRequestAndBody(AbstractBufferingClientHttpRequest.java:89) ~[spring-web-7.0.8.jar:7.0.8]
	at org.springframework.http.client.InterceptingClientHttpRequest$EndOfChainRequestExecution.execute(InterceptingClientHttpRequest.java:102) ~[spring-web-7.0.8.jar:7.0.8]
	at org.springframework.cloud.netflix.eureka.http.RestClientTransportClientFactory.lambda$newClient$2(RestClientTransportClientFactory.java:98) ~[spring-cloud-netflix-eureka-client-5.0.2.jar:5.0.2]
	at org.springframework.http.client.ClientHttpRequestInterceptor.lambda$apply$0(ClientHttpRequestInterceptor.java:89) ~[spring-web-7.0.8.jar:7.0.8]
	at org.springframework.http.client.InterceptingClientHttpRequest.executeInternal(InterceptingClientHttpRequest.java:73) ~[spring-web-7.0.8.jar:7.0.8]
	at org.springframework.http.client.AbstractBufferingClientHttpRequest.executeInternal(AbstractBufferingClientHttpRequest.java:50) ~[spring-web-7.0.8.jar:7.0.8]
	at org.springframework.http.client.AbstractClientHttpRequest.execute(AbstractClientHttpRequest.java:80) ~[spring-web-7.0.8.jar:7.0.8]
	at org.springframework.web.client.DefaultRestClient$DefaultRequestBodyUriSpec.exchangeInternal(DefaultRestClient.java:614) ~[spring-web-7.0.8.jar:7.0.8]
	... 71 common frames omitted

2026-08-31T19:36:23.761+05:30  WARN 11564 --- [FoodServiceApp] [restartedMain] c.n.d.s.t.d.RetryableEurekaHttpClient    : Request execution failed with message: I/O error on GET request for "http://localhost:8761/eureka/apps/": Connect to http://localhost:8761 failed: Connection refused: getsockopt
2026-08-31T19:36:23.762+05:30  INFO 11564 --- [FoodServiceApp] [restartedMain] com.netflix.discovery.DiscoveryClient    : DiscoveryClient_FOODSERVICEAPP/localhost:FoodServiceApp:9091 - was unable to refresh its cache! This periodic background refresh will be retried in 30 seconds. status = Cannot execute request on any known server

com.netflix.discovery.shared.transport.TransportException: Cannot execute request on any known server
	at com.netflix.discovery.shared.transport.decorator.RetryableEurekaHttpClient.execute(RetryableEurekaHttpClient.java:112) ~[eureka-client-2.0.6.jar:2.0.6]
	at com.netflix.discovery.shared.transport.decorator.EurekaHttpClientDecorator.getApplications(EurekaHttpClientDecorator.java:134) ~[eureka-client-2.0.6.jar:2.0.6]
	at com.netflix.discovery.shared.transport.decorator.EurekaHttpClientDecorator$6.execute(EurekaHttpClientDecorator.java:137) ~[eureka-client-2.0.6.jar:2.0.6]
	at com.netflix.discovery.shared.transport.decorator.SessionedEurekaHttpClient.execute(SessionedEurekaHttpClient.java:76) ~[eureka-client-2.0.6.jar:2.0.6]
	at com.netflix.discovery.shared.transport.decorator.EurekaHttpClientDecorator.getApplications(EurekaHttpClientDecorator.java:134) ~[eureka-client-2.0.6.jar:2.0.6]
	at com.netflix.discovery.DiscoveryClient.getAndStoreFullRegistry(DiscoveryClient.java:1061) ~[eureka-client-2.0.6.jar:2.0.6]
	at com.netflix.discovery.DiscoveryClient.fetchRegistry(DiscoveryClient.java:976) ~[eureka-client-2.0.6.jar:2.0.6]
	at com.netflix.discovery.DiscoveryClient.<init>(DiscoveryClient.java:419) ~[eureka-client-2.0.6.jar:2.0.6]
	at com.netflix.discovery.DiscoveryClient.<init>(DiscoveryClient.java:254) ~[eureka-client-2.0.6.jar:2.0.6]
	at com.netflix.discovery.DiscoveryClient.<init>(DiscoveryClient.java:249) ~[eureka-client-2.0.6.jar:2.0.6]
	at org.springframework.cloud.netflix.eureka.CloudEurekaClient.<init>(CloudEurekaClient.java:68) ~[spring-cloud-netflix-eureka-client-5.0.2.jar:5.0.2]
	at org.springframework.cloud.netflix.eureka.EurekaClientAutoConfiguration$RefreshableEurekaClientConfiguration.eurekaClient(EurekaClientAutoConfiguration.java:324) ~[spring-cloud-netflix-eureka-client-5.0.2.jar:5.0.2]
	at java.base/jdk.internal.reflect.DirectMethodHandleAccessor.invoke(DirectMethodHandleAccessor.java:103) ~[na:na]
	at java.base/java.lang.reflect.Method.invoke(Method.java:580) ~[na:na]
	at org.springframework.beans.factory.support.SimpleInstantiationStrategy.lambda$instantiate$0(SimpleInstantiationStrategy.java:155) ~[spring-beans-7.0.8.jar:7.0.8]
	at org.springframework.beans.factory.support.SimpleInstantiationStrategy.instantiateWithFactoryMethod(SimpleInstantiationStrategy.java:72) ~[spring-beans-7.0.8.jar:7.0.8]
	at org.springframework.beans.factory.support.SimpleInstantiationStrategy.instantiate(SimpleInstantiationStrategy.java:152) ~[spring-beans-7.0.8.jar:7.0.8]
	at org.springframework.beans.factory.support.ConstructorResolver.instantiate(ConstructorResolver.java:653) ~[spring-beans-7.0.8.jar:7.0.8]
	at org.springframework.beans.factory.support.ConstructorResolver.instantiateUsingFactoryMethod(ConstructorResolver.java:645) ~[spring-beans-7.0.8.jar:7.0.8]
	at org.springframework.beans.factory.support.AbstractAutowireCapableBeanFactory.instantiateUsingFactoryMethod(AbstractAutowireCapableBeanFactory.java:1360) ~[spring-beans-7.0.8.jar:7.0.8]
	at org.springframework.beans.factory.support.AbstractAutowireCapableBeanFactory.createBeanInstance(AbstractAutowireCapableBeanFactory.java:1192) ~[spring-beans-7.0.8.jar:7.0.8]
	at org.springframework.beans.factory.support.AbstractAutowireCapableBeanFactory.doCreateBean(AbstractAutowireCapableBeanFactory.java:565) ~[spring-beans-7.0.8.jar:7.0.8]
	at org.springframework.beans.factory.support.AbstractAutowireCapableBeanFactory.createBean(AbstractAutowireCapableBeanFactory.java:525) ~[spring-beans-7.0.8.jar:7.0.8]
	at org.springframework.beans.factory.support.AbstractBeanFactory.lambda$doGetBean$1(AbstractBeanFactory.java:372) ~[spring-beans-7.0.8.jar:7.0.8]
	at org.springframework.cloud.context.scope.GenericScope$BeanLifecycleWrapper.getBean(GenericScope.java:373) ~[spring-cloud-context-5.0.3.jar:5.0.3]
	at org.springframework.cloud.context.scope.GenericScope.get(GenericScope.java:177) ~[spring-cloud-context-5.0.3.jar:5.0.3]
	at org.springframework.beans.factory.support.AbstractBeanFactory.doGetBean(AbstractBeanFactory.java:369) ~[spring-beans-7.0.8.jar:7.0.8]
	at org.springframework.beans.factory.support.AbstractBeanFactory.getBean(AbstractBeanFactory.java:196) ~[spring-beans-7.0.8.jar:7.0.8]
	at org.springframework.aop.target.SimpleBeanTargetSource.getTarget(SimpleBeanTargetSource.java:35) ~[spring-aop-7.0.8.jar:7.0.8]
	at org.springframework.cloud.netflix.eureka.serviceregistry.EurekaRegistration.getTargetObject(EurekaRegistration.java:128) ~[spring-cloud-netflix-eureka-client-5.0.2.jar:5.0.2]
	at org.springframework.cloud.netflix.eureka.serviceregistry.EurekaRegistration.getEurekaClient(EurekaRegistration.java:116) ~[spring-cloud-netflix-eureka-client-5.0.2.jar:5.0.2]
	at java.base/jdk.internal.reflect.DirectMethodHandleAccessor.invoke(DirectMethodHandleAccessor.java:103) ~[na:na]
	at java.base/java.lang.reflect.Method.invoke(Method.java:580) ~[na:na]
	at org.springframework.util.ReflectionUtils.invokeMethod(ReflectionUtils.java:281) ~[spring-core-7.0.8.jar:7.0.8]
	at org.springframework.cloud.context.scope.GenericScope$LockedScopedProxyFactoryBean.invoke(GenericScope.java:480) ~[spring-cloud-context-5.0.3.jar:5.0.3]
	at org.springframework.aop.framework.ReflectiveMethodInvocation.proceed(ReflectiveMethodInvocation.java:179) ~[spring-aop-7.0.8.jar:7.0.8]
	at org.springframework.aop.framework.CglibAopProxy$DynamicAdvisedInterceptor.intercept(CglibAopProxy.java:719) ~[spring-aop-7.0.8.jar:7.0.8]
	at org.springframework.cloud.netflix.eureka.serviceregistry.EurekaRegistration$$SpringCGLIB$$0.getEurekaClient(<generated>) ~[spring-cloud-netflix-eureka-client-5.0.2.jar:na]
	at org.springframework.cloud.netflix.eureka.serviceregistry.EurekaServiceRegistry.maybeInitializeClient(EurekaServiceRegistry.java:83) ~[spring-cloud-netflix-eureka-client-5.0.2.jar:5.0.2]
	at org.springframework.cloud.netflix.eureka.serviceregistry.EurekaServiceRegistry.register(EurekaServiceRegistry.java:66) ~[spring-cloud-netflix-eureka-client-5.0.2.jar:5.0.2]
	at org.springframework.cloud.netflix.eureka.serviceregistry.EurekaAutoServiceRegistration.start(EurekaAutoServiceRegistration.java:89) ~[spring-cloud-netflix-eureka-client-5.0.2.jar:5.0.2]
	at org.springframework.context.support.DefaultLifecycleProcessor.doStart(DefaultLifecycleProcessor.java:420) ~[spring-context-7.0.8.jar:7.0.8]
	at org.springframework.context.support.DefaultLifecycleProcessor.doStart(DefaultLifecycleProcessor.java:409) ~[spring-context-7.0.8.jar:7.0.8]
	at org.springframework.context.support.DefaultLifecycleProcessor$LifecycleGroup.start(DefaultLifecycleProcessor.java:613) ~[spring-context-7.0.8.jar:7.0.8]
	at java.base/java.lang.Iterable.forEach(Iterable.java:75) ~[na:na]
	at org.springframework.context.support.DefaultLifecycleProcessor.startBeans(DefaultLifecycleProcessor.java:379) ~[spring-context-7.0.8.jar:7.0.8]
	at org.springframework.context.support.DefaultLifecycleProcessor.onRefresh(DefaultLifecycleProcessor.java:306) ~[spring-context-7.0.8.jar:7.0.8]
	at org.springframework.context.support.AbstractApplicationContext.finishRefresh(AbstractApplicationContext.java:1013) ~[spring-context-7.0.8.jar:7.0.8]
	at org.springframework.context.support.AbstractApplicationContext.refresh(AbstractApplicationContext.java:624) ~[spring-context-7.0.8.jar:7.0.8]
	at org.springframework.boot.web.server.servlet.context.ServletWebServerApplicationContext.refresh(ServletWebServerApplicationContext.java:143) ~[spring-boot-web-server-4.1.0.jar:4.1.0]
	at org.springframework.boot.SpringApplication.refresh(SpringApplication.java:756) ~[spring-boot-4.1.0.jar:4.1.0]
	at org.springframework.boot.SpringApplication.refreshContext(SpringApplication.java:445) ~[spring-boot-4.1.0.jar:4.1.0]
	at org.springframework.boot.SpringApplication.run(SpringApplication.java:321) ~[spring-boot-4.1.0.jar:4.1.0]
	at org.springframework.boot.SpringApplication.run(SpringApplication.java:1365) ~[spring-boot-4.1.0.jar:4.1.0]
	at org.springframework.boot.SpringApplication.run(SpringApplication.java:1354) ~[spring-boot-4.1.0.jar:4.1.0]
	at com.foodapp.FoodServiceApplication.main(FoodServiceApplication.java:12) ~[classes/:na]
	at java.base/jdk.internal.reflect.DirectMethodHandleAccessor.invoke(DirectMethodHandleAccessor.java:103) ~[na:na]
	at java.base/java.lang.reflect.Method.invoke(Method.java:580) ~[na:na]
	at org.springframework.boot.devtools.restart.RestartLauncher.run(RestartLauncher.java:52) ~[spring-boot-devtools-4.1.0.jar:4.1.0]

2026-08-31T19:36:23.766+05:30  INFO 11564 --- [FoodServiceApp] [restartedMain] com.netflix.discovery.DiscoveryClient    : Initial registry fetch from primary servers failed
2026-08-31T19:36:23.766+05:30  WARN 11564 --- [FoodServiceApp] [restartedMain] com.netflix.discovery.DiscoveryClient    : Using default backup registry implementation which does not do anything.
2026-08-31T19:36:23.767+05:30  INFO 11564 --- [FoodServiceApp] [restartedMain] com.netflix.discovery.DiscoveryClient    : Initial registry fetch from backup servers failed
2026-08-31T19:36:23.768+05:30  INFO 11564 --- [FoodServiceApp] [restartedMain] com.netflix.discovery.DiscoveryClient    : Starting heartbeat executor: renew interval is: 30
2026-08-31T19:36:23.772+05:30  INFO 11564 --- [FoodServiceApp] [restartedMain] c.n.discovery.InstanceInfoReplicator     : InstanceInfoReplicator onDemand update allowed rate per min is 4
2026-08-31T19:36:23.775+05:30  INFO 11564 --- [FoodServiceApp] [restartedMain] com.netflix.discovery.DiscoveryClient    : Discovery Client initialized at timestamp 1788185183774 with initial instances count: 0
2026-08-31T19:36:23.780+05:30  INFO 11564 --- [FoodServiceApp] [restartedMain] o.s.c.n.e.s.EurekaServiceRegistry        : Registering application FOODSERVICEAPP with eureka with status UP
2026-08-31T19:36:23.782+05:30  INFO 11564 --- [FoodServiceApp] [restartedMain] com.netflix.discovery.DiscoveryClient    : Saw local status change event StatusChangeEvent [timestamp=1788185183782, current=UP, previous=STARTING]
2026-08-31T19:36:23.785+05:30  INFO 11564 --- [FoodServiceApp] [DiscoveryClient-InstanceInfoReplicator-%d] com.netflix.discovery.DiscoveryClient    : DiscoveryClient_FOODSERVICEAPP/localhost:FoodServiceApp:9091: registering service...
2026-08-31T19:36:23.798+05:30  INFO 11564 --- [FoodServiceApp] [restartedMain] o.s.c.n.e.s.EurekaServiceRegistry        : Unregistering application FOODSERVICEAPP with eureka with status DOWN
2026-08-31T19:36:23.799+05:30  INFO 11564 --- [FoodServiceApp] [restartedMain] com.netflix.discovery.DiscoveryClient    : Saw local status change event StatusChangeEvent [timestamp=1788185183799, current=DOWN, previous=UP]
2026-08-31T19:36:23.800+05:30  WARN 11564 --- [FoodServiceApp] [restartedMain] ConfigServletWebServerApplicationContext : Exception encountered during context initialization - cancelling refresh attempt: org.springframework.context.ApplicationContextException: Failed to start bean 'webServerStartStop'
2026-08-31T19:36:23.806+05:30  INFO 11564 --- [FoodServiceApp] [restartedMain] j.LocalContainerEntityManagerFactoryBean : Closing JPA EntityManagerFactory for persistence unit 'default'
2026-08-31T19:36:23.813+05:30  INFO 11564 --- [FoodServiceApp] [restartedMain] com.zaxxer.hikari.HikariDataSource       : HikariPool-1 - Shutdown initiated...
2026-08-31T19:36:23.830+05:30  INFO 11564 --- [FoodServiceApp] [restartedMain] com.zaxxer.hikari.HikariDataSource       : HikariPool-1 - Shutdown completed.
2026-08-31T19:36:23.832+05:30  INFO 11564 --- [FoodServiceApp] [restartedMain] com.netflix.discovery.DiscoveryClient    : Shutting down DiscoveryClient ...
2026-08-31T19:36:23.861+05:30  INFO 14864 --- [FoodServiceApp] [restartedMain] com.foodapp.FoodServiceApplication       : Started FoodServiceApplication in 20.796 seconds (process running for 22.866)
2026-08-31T19:36:23.924+05:30  INFO 11564 --- [FoodServiceApp] [DiscoveryClient-InstanceInfoReplicator-%d] c.n.d.s.t.d.RedirectingEurekaHttpClient  : Request execution error. endpoint=DefaultEndpoint{ serviceUrl='http://localhost:8761/eureka/}, exception=I/O error on POST request for "http://localhost:8761/eureka/apps/FOODSERVICEAPP": Connect to http://localhost:8761 failed: Connection refused: getsockopt

org.springframework.web.client.ResourceAccessException: I/O error on POST request for "http://localhost:8761/eureka/apps/FOODSERVICEAPP": Connect to http://localhost:8761 failed: Connection refused: getsockopt
	at org.springframework.web.client.DefaultRestClient$DefaultRequestBodyUriSpec.createResourceAccessException(DefaultRestClient.java:779) ~[spring-web-7.0.8.jar:7.0.8]
	at org.springframework.web.client.DefaultRestClient$DefaultRequestBodyUriSpec.exchangeInternal(DefaultRestClient.java:624) ~[spring-web-7.0.8.jar:7.0.8]
	at org.springframework.web.client.DefaultRestClient$DefaultRequestBodyUriSpec.exchange(DefaultRestClient.java:572) ~[spring-web-7.0.8.jar:7.0.8]
	at org.springframework.web.client.RestClient$RequestHeadersSpec.exchange(RestClient.java:747) ~[spring-web-7.0.8.jar:7.0.8]
	at org.springframework.web.client.DefaultRestClient$DefaultResponseSpec.executeAndExtract(DefaultRestClient.java:924) ~[spring-web-7.0.8.jar:7.0.8]
	at org.springframework.web.client.DefaultRestClient$DefaultResponseSpec.toBodilessEntity(DefaultRestClient.java:888) ~[spring-web-7.0.8.jar:7.0.8]
	at org.springframework.cloud.netflix.eureka.http.RestClientEurekaHttpClient.register(RestClientEurekaHttpClient.java:64) ~[spring-cloud-netflix-eureka-client-5.0.2.jar:5.0.2]
	at com.netflix.discovery.shared.transport.decorator.EurekaHttpClientDecorator$1.execute(EurekaHttpClientDecorator.java:59) ~[eureka-client-2.0.6.jar:2.0.6]
	at com.netflix.discovery.shared.transport.decorator.RedirectingEurekaHttpClient.executeOnNewServer(RedirectingEurekaHttpClient.java:120) ~[eureka-client-2.0.6.jar:2.0.6]
	at com.netflix.discovery.shared.transport.decorator.RedirectingEurekaHttpClient.execute(RedirectingEurekaHttpClient.java:79) ~[eureka-client-2.0.6.jar:2.0.6]
	at com.netflix.discovery.shared.transport.decorator.EurekaHttpClientDecorator.register(EurekaHttpClientDecorator.java:56) ~[eureka-client-2.0.6.jar:2.0.6]
	at com.netflix.discovery.shared.transport.decorator.EurekaHttpClientDecorator$1.execute(EurekaHttpClientDecorator.java:59) ~[eureka-client-2.0.6.jar:2.0.6]
	at com.netflix.discovery.shared.transport.decorator.RetryableEurekaHttpClient.execute(RetryableEurekaHttpClient.java:120) ~[eureka-client-2.0.6.jar:2.0.6]
	at com.netflix.discovery.shared.transport.decorator.EurekaHttpClientDecorator.register(EurekaHttpClientDecorator.java:56) ~[eureka-client-2.0.6.jar:2.0.6]
	at com.netflix.discovery.shared.transport.decorator.EurekaHttpClientDecorator$1.execute(EurekaHttpClientDecorator.java:59) ~[eureka-client-2.0.6.jar:2.0.6]
	at com.netflix.discovery.shared.transport.decorator.SessionedEurekaHttpClient.execute(SessionedEurekaHttpClient.java:76) ~[eureka-client-2.0.6.jar:2.0.6]
	at com.netflix.discovery.shared.transport.decorator.EurekaHttpClientDecorator.register(EurekaHttpClientDecorator.java:56) ~[eureka-client-2.0.6.jar:2.0.6]
	at com.netflix.discovery.DiscoveryClient.register(DiscoveryClient.java:843) ~[eureka-client-2.0.6.jar:2.0.6]
	at com.netflix.discovery.InstanceInfoReplicator.run(InstanceInfoReplicator.java:125) ~[eureka-client-2.0.6.jar:2.0.6]
	at com.netflix.discovery.InstanceInfoReplicator$2.run(InstanceInfoReplicator.java:105) ~[eureka-client-2.0.6.jar:2.0.6]
	at java.base/java.util.concurrent.Executors$RunnableAdapter.call(Executors.java:572) ~[na:na]
	at java.base/java.util.concurrent.FutureTask.run(FutureTask.java:317) ~[na:na]
	at java.base/java.util.concurrent.ScheduledThreadPoolExecutor$ScheduledFutureTask.run(ScheduledThreadPoolExecutor.java:304) ~[na:na]
	at java.base/java.util.concurrent.ThreadPoolExecutor.runWorker(ThreadPoolExecutor.java:1144) ~[na:na]
	at java.base/java.util.concurrent.ThreadPoolExecutor$Worker.run(ThreadPoolExecutor.java:642) ~[na:na]
	at java.base/java.lang.Thread.run(Thread.java:1583) ~[na:na]
Caused by: org.apache.hc.client5.http.HttpHostConnectException: Connect to http://localhost:8761 failed: Connection refused: getsockopt
	at java.base/sun.nio.ch.Net.pollConnect(Native Method) ~[na:na]
	at java.base/sun.nio.ch.Net.pollConnectNow(Net.java:682) ~[na:na]
	at java.base/sun.nio.ch.NioSocketImpl.timedFinishConnect(NioSocketImpl.java:542) ~[na:na]
	at java.base/sun.nio.ch.NioSocketImpl.connect(NioSocketImpl.java:592) ~[na:na]
	at java.base/java.net.SocksSocketImpl.connect(SocksSocketImpl.java:327) ~[na:na]
	at java.base/java.net.Socket.connect(Socket.java:751) ~[na:na]
	at org.apache.hc.client5.http.impl.io.DefaultHttpClientConnectionOperator.connect(DefaultHttpClientConnectionOperator.java:219) ~[httpclient5-5.6.1.jar:5.6.1]
	at org.apache.hc.client5.http.impl.io.PoolingHttpClientConnectionManager.connect(PoolingHttpClientConnectionManager.java:547) ~[httpclient5-5.6.1.jar:5.6.1]
	at org.apache.hc.client5.http.impl.classic.InternalExecRuntime.connectEndpoint(InternalExecRuntime.java:164) ~[httpclient5-5.6.1.jar:5.6.1]
	at org.apache.hc.client5.http.impl.classic.InternalExecRuntime.connectEndpoint(InternalExecRuntime.java:174) ~[httpclient5-5.6.1.jar:5.6.1]
	at org.apache.hc.client5.http.impl.classic.ConnectExec.execute(ConnectExec.java:144) ~[httpclient5-5.6.1.jar:5.6.1]
	at org.apache.hc.client5.http.impl.classic.ExecChainElement.execute(ExecChainElement.java:51) ~[httpclient5-5.6.1.jar:5.6.1]
	at org.apache.hc.client5.http.impl.classic.ProtocolExec.execute(ProtocolExec.java:192) ~[httpclient5-5.6.1.jar:5.6.1]
	at org.apache.hc.client5.http.impl.classic.ExecChainElement.execute(ExecChainElement.java:51) ~[httpclient5-5.6.1.jar:5.6.1]
	at org.apache.hc.client5.http.impl.classic.ContentCompressionExec.execute(ContentCompressionExec.java:138) ~[httpclient5-5.6.1.jar:5.6.1]
	at org.apache.hc.client5.http.impl.classic.ExecChainElement.execute(ExecChainElement.java:51) ~[httpclient5-5.6.1.jar:5.6.1]
	at org.apache.hc.client5.http.impl.classic.HttpRequestRetryExec.execute(HttpRequestRetryExec.java:112) ~[httpclient5-5.6.1.jar:5.6.1]
	at org.apache.hc.client5.http.impl.classic.ExecChainElement.execute(ExecChainElement.java:51) ~[httpclient5-5.6.1.jar:5.6.1]
	at org.apache.hc.client5.http.impl.classic.RedirectExec.execute(RedirectExec.java:110) ~[httpclient5-5.6.1.jar:5.6.1]
	at org.apache.hc.client5.http.impl.classic.ExecChainElement.execute(ExecChainElement.java:51) ~[httpclient5-5.6.1.jar:5.6.1]
	at org.apache.hc.client5.http.impl.classic.InternalHttpClient.doExecute(InternalHttpClient.java:185) ~[httpclient5-5.6.1.jar:5.6.1]
	at org.apache.hc.client5.http.impl.classic.CloseableHttpClient.execute(CloseableHttpClient.java:87) ~[httpclient5-5.6.1.jar:5.6.1]
	at org.apache.hc.client5.http.impl.classic.CloseableHttpClient.execute(CloseableHttpClient.java:55) ~[httpclient5-5.6.1.jar:5.6.1]
	at org.apache.hc.client5.http.classic.HttpClient.executeOpen(HttpClient.java:183) ~[httpclient5-5.6.1.jar:5.6.1]
	at org.springframework.http.client.HttpComponentsClientHttpRequest.executeInternal(HttpComponentsClientHttpRequest.java:99) ~[spring-web-7.0.8.jar:7.0.8]
	at org.springframework.http.client.AbstractStreamingClientHttpRequest.executeInternal(AbstractStreamingClientHttpRequest.java:87) ~[spring-web-7.0.8.jar:7.0.8]
	at org.springframework.http.client.AbstractClientHttpRequest.execute(AbstractClientHttpRequest.java:80) ~[spring-web-7.0.8.jar:7.0.8]
	at org.springframework.http.client.AbstractBufferingClientHttpRequest.executeWithRequestAndBody(AbstractBufferingClientHttpRequest.java:89) ~[spring-web-7.0.8.jar:7.0.8]
	at org.springframework.http.client.InterceptingClientHttpRequest$EndOfChainRequestExecution.execute(InterceptingClientHttpRequest.java:102) ~[spring-web-7.0.8.jar:7.0.8]
	at org.springframework.cloud.netflix.eureka.http.RestClientTransportClientFactory.lambda$newClient$2(RestClientTransportClientFactory.java:98) ~[spring-cloud-netflix-eureka-client-5.0.2.jar:5.0.2]
	at org.springframework.http.client.ClientHttpRequestInterceptor.lambda$apply$0(ClientHttpRequestInterceptor.java:89) ~[spring-web-7.0.8.jar:7.0.8]
	at org.springframework.http.client.InterceptingClientHttpRequest.executeInternal(InterceptingClientHttpRequest.java:73) ~[spring-web-7.0.8.jar:7.0.8]
	at org.springframework.http.client.AbstractBufferingClientHttpRequest.executeInternal(AbstractBufferingClientHttpRequest.java:50) ~[spring-web-7.0.8.jar:7.0.8]
	at org.springframework.http.client.AbstractClientHttpRequest.execute(AbstractClientHttpRequest.java:80) ~[spring-web-7.0.8.jar:7.0.8]
	at org.springframework.web.client.DefaultRestClient$DefaultRequestBodyUriSpec.exchangeInternal(DefaultRestClient.java:614) ~[spring-web-7.0.8.jar:7.0.8]
	... 24 common frames omitted

2026-08-31T19:36:23.929+05:30  WARN 11564 --- [FoodServiceApp] [DiscoveryClient-InstanceInfoReplicator-%d] c.n.d.s.t.d.RetryableEurekaHttpClient    : Request execution failed with message: I/O error on POST request for "http://localhost:8761/eureka/apps/FOODSERVICEAPP": Connect to http://localhost:8761 failed: Connection refused: getsockopt
2026-08-31T19:36:23.929+05:30  WARN 11564 --- [FoodServiceApp] [DiscoveryClient-InstanceInfoReplicator-%d] com.netflix.discovery.DiscoveryClient    : DiscoveryClient_FOODSERVICEAPP/localhost:FoodServiceApp:9091 - registration failed Cannot execute request on any known server

com.netflix.discovery.shared.transport.TransportException: Cannot execute request on any known server
	at com.netflix.discovery.shared.transport.decorator.RetryableEurekaHttpClient.execute(RetryableEurekaHttpClient.java:112) ~[eureka-client-2.0.6.jar:2.0.6]
	at com.netflix.discovery.shared.transport.decorator.EurekaHttpClientDecorator.register(EurekaHttpClientDecorator.java:56) ~[eureka-client-2.0.6.jar:2.0.6]
	at com.netflix.discovery.shared.transport.decorator.EurekaHttpClientDecorator$1.execute(EurekaHttpClientDecorator.java:59) ~[eureka-client-2.0.6.jar:2.0.6]
	at com.netflix.discovery.shared.transport.decorator.SessionedEurekaHttpClient.execute(SessionedEurekaHttpClient.java:76) ~[eureka-client-2.0.6.jar:2.0.6]
	at com.netflix.discovery.shared.transport.decorator.EurekaHttpClientDecorator.register(EurekaHttpClientDecorator.java:56) ~[eureka-client-2.0.6.jar:2.0.6]
	at com.netflix.discovery.DiscoveryClient.register(DiscoveryClient.java:843) ~[eureka-client-2.0.6.jar:2.0.6]
	at com.netflix.discovery.InstanceInfoReplicator.run(InstanceInfoReplicator.java:125) ~[eureka-client-2.0.6.jar:2.0.6]
	at com.netflix.discovery.InstanceInfoReplicator$2.run(InstanceInfoReplicator.java:105) ~[eureka-client-2.0.6.jar:2.0.6]
	at java.base/java.util.concurrent.Executors$RunnableAdapter.call(Executors.java:572) ~[na:na]
	at java.base/java.util.concurrent.FutureTask.run(FutureTask.java:317) ~[na:na]
	at java.base/java.util.concurrent.ScheduledThreadPoolExecutor$ScheduledFutureTask.run(ScheduledThreadPoolExecutor.java:304) ~[na:na]
	at java.base/java.util.concurrent.ThreadPoolExecutor.runWorker(ThreadPoolExecutor.java:1144) ~[na:na]
	at java.base/java.util.concurrent.ThreadPoolExecutor$Worker.run(ThreadPoolExecutor.java:642) ~[na:na]
	at java.base/java.lang.Thread.run(Thread.java:1583) ~[na:na]

2026-08-31T19:36:23.931+05:30  WARN 11564 --- [FoodServiceApp] [DiscoveryClient-InstanceInfoReplicator-%d] c.n.discovery.InstanceInfoReplicator     : There was a problem with the instance info replicator

com.netflix.discovery.shared.transport.TransportException: Cannot execute request on any known server
	at com.netflix.discovery.shared.transport.decorator.RetryableEurekaHttpClient.execute(RetryableEurekaHttpClient.java:112) ~[eureka-client-2.0.6.jar:2.0.6]
	at com.netflix.discovery.shared.transport.decorator.EurekaHttpClientDecorator.register(EurekaHttpClientDecorator.java:56) ~[eureka-client-2.0.6.jar:2.0.6]
	at com.netflix.discovery.shared.transport.decorator.EurekaHttpClientDecorator$1.execute(EurekaHttpClientDecorator.java:59) ~[eureka-client-2.0.6.jar:2.0.6]
	at com.netflix.discovery.shared.transport.decorator.SessionedEurekaHttpClient.execute(SessionedEurekaHttpClient.java:76) ~[eureka-client-2.0.6.jar:2.0.6]
	at com.netflix.discovery.shared.transport.decorator.EurekaHttpClientDecorator.register(EurekaHttpClientDecorator.java:56) ~[eureka-client-2.0.6.jar:2.0.6]
	at com.netflix.discovery.DiscoveryClient.register(DiscoveryClient.java:843) ~[eureka-client-2.0.6.jar:2.0.6]
	at com.netflix.discovery.InstanceInfoReplicator.run(InstanceInfoReplicator.java:125) ~[eureka-client-2.0.6.jar:2.0.6]
	at com.netflix.discovery.InstanceInfoReplicator$2.run(InstanceInfoReplicator.java:105) ~[eureka-client-2.0.6.jar:2.0.6]
	at java.base/java.util.concurrent.Executors$RunnableAdapter.call(Executors.java:572) ~[na:na]
	at java.base/java.util.concurrent.FutureTask.run(FutureTask.java:317) ~[na:na]
	at java.base/java.util.concurrent.ScheduledThreadPoolExecutor$ScheduledFutureTask.run(ScheduledThreadPoolExecutor.java:304) ~[na:na]
	at java.base/java.util.concurrent.ThreadPoolExecutor.runWorker(ThreadPoolExecutor.java:1144) ~[na:na]
	at java.base/java.util.concurrent.ThreadPoolExecutor$Worker.run(ThreadPoolExecutor.java:642) ~[na:na]
	at java.base/java.lang.Thread.run(Thread.java:1583) ~[na:na]

2026-08-31T19:36:23.932+05:30  INFO 11564 --- [FoodServiceApp] [DiscoveryClient-InstanceInfoReplicator-%d] com.netflix.discovery.DiscoveryClient    : DiscoveryClient_FOODSERVICEAPP/localhost:FoodServiceApp:9091: registering service...
2026-08-31T19:36:23.945+05:30  INFO 11564 --- [FoodServiceApp] [DiscoveryClient-InstanceInfoReplicator-%d] c.n.d.s.t.d.RedirectingEurekaHttpClient  : Request execution error. endpoint=DefaultEndpoint{ serviceUrl='http://localhost:8761/eureka/}, exception=I/O error on POST request for "http://localhost:8761/eureka/apps/FOODSERVICEAPP": Connect to http://localhost:8761 failed: Connection refused: getsockopt

org.springframework.web.client.ResourceAccessException: I/O error on POST request for "http://localhost:8761/eureka/apps/FOODSERVICEAPP": Connect to http://localhost:8761 failed: Connection refused: getsockopt
	at org.springframework.web.client.DefaultRestClient$DefaultRequestBodyUriSpec.createResourceAccessException(DefaultRestClient.java:779) ~[spring-web-7.0.8.jar:7.0.8]
	at org.springframework.web.client.DefaultRestClient$DefaultRequestBodyUriSpec.exchangeInternal(DefaultRestClient.java:624) ~[spring-web-7.0.8.jar:7.0.8]
	at org.springframework.web.client.DefaultRestClient$DefaultRequestBodyUriSpec.exchange(DefaultRestClient.java:572) ~[spring-web-7.0.8.jar:7.0.8]
	at org.springframework.web.client.RestClient$RequestHeadersSpec.exchange(RestClient.java:747) ~[spring-web-7.0.8.jar:7.0.8]
	at org.springframework.web.client.DefaultRestClient$DefaultResponseSpec.executeAndExtract(DefaultRestClient.java:924) ~[spring-web-7.0.8.jar:7.0.8]
	at org.springframework.web.client.DefaultRestClient$DefaultResponseSpec.toBodilessEntity(DefaultRestClient.java:888) ~[spring-web-7.0.8.jar:7.0.8]
	at org.springframework.cloud.netflix.eureka.http.RestClientEurekaHttpClient.register(RestClientEurekaHttpClient.java:64) ~[spring-cloud-netflix-eureka-client-5.0.2.jar:5.0.2]
	at com.netflix.discovery.shared.transport.decorator.EurekaHttpClientDecorator$1.execute(EurekaHttpClientDecorator.java:59) ~[eureka-client-2.0.6.jar:2.0.6]
	at com.netflix.discovery.shared.transport.decorator.RedirectingEurekaHttpClient.executeOnNewServer(RedirectingEurekaHttpClient.java:120) ~[eureka-client-2.0.6.jar:2.0.6]
	at com.netflix.discovery.shared.transport.decorator.RedirectingEurekaHttpClient.execute(RedirectingEurekaHttpClient.java:79) ~[eureka-client-2.0.6.jar:2.0.6]
	at com.netflix.discovery.shared.transport.decorator.EurekaHttpClientDecorator.register(EurekaHttpClientDecorator.java:56) ~[eureka-client-2.0.6.jar:2.0.6]
	at com.netflix.discovery.shared.transport.decorator.EurekaHttpClientDecorator$1.execute(EurekaHttpClientDecorator.java:59) ~[eureka-client-2.0.6.jar:2.0.6]
	at com.netflix.discovery.shared.transport.decorator.RetryableEurekaHttpClient.execute(RetryableEurekaHttpClient.java:120) ~[eureka-client-2.0.6.jar:2.0.6]
	at com.netflix.discovery.shared.transport.decorator.EurekaHttpClientDecorator.register(EurekaHttpClientDecorator.java:56) ~[eureka-client-2.0.6.jar:2.0.6]
	at com.netflix.discovery.shared.transport.decorator.EurekaHttpClientDecorator$1.execute(EurekaHttpClientDecorator.java:59) ~[eureka-client-2.0.6.jar:2.0.6]
	at com.netflix.discovery.shared.transport.decorator.SessionedEurekaHttpClient.execute(SessionedEurekaHttpClient.java:76) ~[eureka-client-2.0.6.jar:2.0.6]
	at com.netflix.discovery.shared.transport.decorator.EurekaHttpClientDecorator.register(EurekaHttpClientDecorator.java:56) ~[eureka-client-2.0.6.jar:2.0.6]
	at com.netflix.discovery.DiscoveryClient.register(DiscoveryClient.java:843) ~[eureka-client-2.0.6.jar:2.0.6]
	at com.netflix.discovery.InstanceInfoReplicator.run(InstanceInfoReplicator.java:125) ~[eureka-client-2.0.6.jar:2.0.6]
	at com.netflix.discovery.InstanceInfoReplicator$2.run(InstanceInfoReplicator.java:105) ~[eureka-client-2.0.6.jar:2.0.6]
	at java.base/java.util.concurrent.Executors$RunnableAdapter.call(Executors.java:572) ~[na:na]
	at java.base/java.util.concurrent.FutureTask.run(FutureTask.java:317) ~[na:na]
	at java.base/java.util.concurrent.ScheduledThreadPoolExecutor$ScheduledFutureTask.run(ScheduledThreadPoolExecutor.java:304) ~[na:na]
	at java.base/java.util.concurrent.ThreadPoolExecutor.runWorker(ThreadPoolExecutor.java:1144) ~[na:na]
	at java.base/java.util.concurrent.ThreadPoolExecutor$Worker.run(ThreadPoolExecutor.java:642) ~[na:na]
	at java.base/java.lang.Thread.run(Thread.java:1583) ~[na:na]
Caused by: org.apache.hc.client5.http.HttpHostConnectException: Connect to http://localhost:8761 failed: Connection refused: getsockopt
	at java.base/sun.nio.ch.Net.pollConnect(Native Method) ~[na:na]
	at java.base/sun.nio.ch.Net.pollConnectNow(Net.java:682) ~[na:na]
	at java.base/sun.nio.ch.NioSocketImpl.timedFinishConnect(NioSocketImpl.java:542) ~[na:na]
	at java.base/sun.nio.ch.NioSocketImpl.connect(NioSocketImpl.java:592) ~[na:na]
	at java.base/java.net.SocksSocketImpl.connect(SocksSocketImpl.java:327) ~[na:na]
	at java.base/java.net.Socket.connect(Socket.java:751) ~[na:na]
	at org.apache.hc.client5.http.impl.io.DefaultHttpClientConnectionOperator.connect(DefaultHttpClientConnectionOperator.java:219) ~[httpclient5-5.6.1.jar:5.6.1]
	at org.apache.hc.client5.http.impl.io.PoolingHttpClientConnectionManager.connect(PoolingHttpClientConnectionManager.java:547) ~[httpclient5-5.6.1.jar:5.6.1]
	at org.apache.hc.client5.http.impl.classic.InternalExecRuntime.connectEndpoint(InternalExecRuntime.java:164) ~[httpclient5-5.6.1.jar:5.6.1]
	at org.apache.hc.client5.http.impl.classic.InternalExecRuntime.connectEndpoint(InternalExecRuntime.java:174) ~[httpclient5-5.6.1.jar:5.6.1]
	at org.apache.hc.client5.http.impl.classic.ConnectExec.execute(ConnectExec.java:144) ~[httpclient5-5.6.1.jar:5.6.1]
	at org.apache.hc.client5.http.impl.classic.ExecChainElement.execute(ExecChainElement.java:51) ~[httpclient5-5.6.1.jar:5.6.1]
	at org.apache.hc.client5.http.impl.classic.ProtocolExec.execute(ProtocolExec.java:192) ~[httpclient5-5.6.1.jar:5.6.1]
	at org.apache.hc.client5.http.impl.classic.ExecChainElement.execute(ExecChainElement.java:51) ~[httpclient5-5.6.1.jar:5.6.1]
	at org.apache.hc.client5.http.impl.classic.ContentCompressionExec.execute(ContentCompressionExec.java:138) ~[httpclient5-5.6.1.jar:5.6.1]
	at org.apache.hc.client5.http.impl.classic.ExecChainElement.execute(ExecChainElement.java:51) ~[httpclient5-5.6.1.jar:5.6.1]
	at org.apache.hc.client5.http.impl.classic.HttpRequestRetryExec.execute(HttpRequestRetryExec.java:112) ~[httpclient5-5.6.1.jar:5.6.1]
	at org.apache.hc.client5.http.impl.classic.ExecChainElement.execute(ExecChainElement.java:51) ~[httpclient5-5.6.1.jar:5.6.1]
	at org.apache.hc.client5.http.impl.classic.RedirectExec.execute(RedirectExec.java:110) ~[httpclient5-5.6.1.jar:5.6.1]
	at org.apache.hc.client5.http.impl.classic.ExecChainElement.execute(ExecChainElement.java:51) ~[httpclient5-5.6.1.jar:5.6.1]
	at org.apache.hc.client5.http.impl.classic.InternalHttpClient.doExecute(InternalHttpClient.java:185) ~[httpclient5-5.6.1.jar:5.6.1]
	at org.apache.hc.client5.http.impl.classic.CloseableHttpClient.execute(CloseableHttpClient.java:87) ~[httpclient5-5.6.1.jar:5.6.1]
	at org.apache.hc.client5.http.impl.classic.CloseableHttpClient.execute(CloseableHttpClient.java:55) ~[httpclient5-5.6.1.jar:5.6.1]
	at org.apache.hc.client5.http.classic.HttpClient.executeOpen(HttpClient.java:183) ~[httpclient5-5.6.1.jar:5.6.1]
	at org.springframework.http.client.HttpComponentsClientHttpRequest.executeInternal(HttpComponentsClientHttpRequest.java:99) ~[spring-web-7.0.8.jar:7.0.8]
	at org.springframework.http.client.AbstractStreamingClientHttpRequest.executeInternal(AbstractStreamingClientHttpRequest.java:87) ~[spring-web-7.0.8.jar:7.0.8]
	at org.springframework.http.client.AbstractClientHttpRequest.execute(AbstractClientHttpRequest.java:80) ~[spring-web-7.0.8.jar:7.0.8]
	at org.springframework.http.client.AbstractBufferingClientHttpRequest.executeWithRequestAndBody(AbstractBufferingClientHttpRequest.java:89) ~[spring-web-7.0.8.jar:7.0.8]
	at org.springframework.http.client.InterceptingClientHttpRequest$EndOfChainRequestExecution.execute(InterceptingClientHttpRequest.java:102) ~[spring-web-7.0.8.jar:7.0.8]
	at org.springframework.cloud.netflix.eureka.http.RestClientTransportClientFactory.lambda$newClient$2(RestClientTransportClientFactory.java:98) ~[spring-cloud-netflix-eureka-client-5.0.2.jar:5.0.2]
	at org.springframework.http.client.ClientHttpRequestInterceptor.lambda$apply$0(ClientHttpRequestInterceptor.java:89) ~[spring-web-7.0.8.jar:7.0.8]
	at org.springframework.http.client.InterceptingClientHttpRequest.executeInternal(InterceptingClientHttpRequest.java:73) ~[spring-web-7.0.8.jar:7.0.8]
	at org.springframework.http.client.AbstractBufferingClientHttpRequest.executeInternal(AbstractBufferingClientHttpRequest.java:50) ~[spring-web-7.0.8.jar:7.0.8]
	at org.springframework.http.client.AbstractClientHttpRequest.execute(AbstractClientHttpRequest.java:80) ~[spring-web-7.0.8.jar:7.0.8]
	at org.springframework.web.client.DefaultRestClient$DefaultRequestBodyUriSpec.exchangeInternal(DefaultRestClient.java:614) ~[spring-web-7.0.8.jar:7.0.8]
	... 24 common frames omitted

2026-08-31T19:36:23.949+05:30  WARN 11564 --- [FoodServiceApp] [DiscoveryClient-InstanceInfoReplicator-%d] c.n.d.s.t.d.RetryableEurekaHttpClient    : Request execution failed with message: I/O error on POST request for "http://localhost:8761/eureka/apps/FOODSERVICEAPP": Connect to http://localhost:8761 failed: Connection refused: getsockopt
2026-08-31T19:36:23.949+05:30  WARN 11564 --- [FoodServiceApp] [DiscoveryClient-InstanceInfoReplicator-%d] com.netflix.discovery.DiscoveryClient    : DiscoveryClient_FOODSERVICEAPP/localhost:FoodServiceApp:9091 - registration failed Cannot execute request on any known server

com.netflix.discovery.shared.transport.TransportException: Cannot execute request on any known server
	at com.netflix.discovery.shared.transport.decorator.RetryableEurekaHttpClient.execute(RetryableEurekaHttpClient.java:112) ~[eureka-client-2.0.6.jar:2.0.6]
	at com.netflix.discovery.shared.transport.decorator.EurekaHttpClientDecorator.register(EurekaHttpClientDecorator.java:56) ~[eureka-client-2.0.6.jar:2.0.6]
	at com.netflix.discovery.shared.transport.decorator.EurekaHttpClientDecorator$1.execute(EurekaHttpClientDecorator.java:59) ~[eureka-client-2.0.6.jar:2.0.6]
	at com.netflix.discovery.shared.transport.decorator.SessionedEurekaHttpClient.execute(SessionedEurekaHttpClient.java:76) ~[eureka-client-2.0.6.jar:2.0.6]
	at com.netflix.discovery.shared.transport.decorator.EurekaHttpClientDecorator.register(EurekaHttpClientDecorator.java:56) ~[eureka-client-2.0.6.jar:2.0.6]
	at com.netflix.discovery.DiscoveryClient.register(DiscoveryClient.java:843) ~[eureka-client-2.0.6.jar:2.0.6]
	at com.netflix.discovery.InstanceInfoReplicator.run(InstanceInfoReplicator.java:125) ~[eureka-client-2.0.6.jar:2.0.6]
	at com.netflix.discovery.InstanceInfoReplicator$2.run(InstanceInfoReplicator.java:105) ~[eureka-client-2.0.6.jar:2.0.6]
	at java.base/java.util.concurrent.Executors$RunnableAdapter.call(Executors.java:572) ~[na:na]
	at java.base/java.util.concurrent.FutureTask.run(FutureTask.java:317) ~[na:na]
	at java.base/java.util.concurrent.ScheduledThreadPoolExecutor$ScheduledFutureTask.run(ScheduledThreadPoolExecutor.java:304) ~[na:na]
	at java.base/java.util.concurrent.ThreadPoolExecutor.runWorker(ThreadPoolExecutor.java:1144) ~[na:na]
	at java.base/java.util.concurrent.ThreadPoolExecutor$Worker.run(ThreadPoolExecutor.java:642) ~[na:na]
	at java.base/java.lang.Thread.run(Thread.java:1583) ~[na:na]

2026-08-31T19:36:23.950+05:30  WARN 11564 --- [FoodServiceApp] [DiscoveryClient-InstanceInfoReplicator-%d] c.n.discovery.InstanceInfoReplicator     : There was a problem with the instance info replicator

com.netflix.discovery.shared.transport.TransportException: Cannot execute request on any known server
	at com.netflix.discovery.shared.transport.decorator.RetryableEurekaHttpClient.execute(RetryableEurekaHttpClient.java:112) ~[eureka-client-2.0.6.jar:2.0.6]
	at com.netflix.discovery.shared.transport.decorator.EurekaHttpClientDecorator.register(EurekaHttpClientDecorator.java:56) ~[eureka-client-2.0.6.jar:2.0.6]
	at com.netflix.discovery.shared.transport.decorator.EurekaHttpClientDecorator$1.execute(EurekaHttpClientDecorator.java:59) ~[eureka-client-2.0.6.jar:2.0.6]
	at com.netflix.discovery.shared.transport.decorator.SessionedEurekaHttpClient.execute(SessionedEurekaHttpClient.java:76) ~[eureka-client-2.0.6.jar:2.0.6]
	at com.netflix.discovery.shared.transport.decorator.EurekaHttpClientDecorator.register(EurekaHttpClientDecorator.java:56) ~[eureka-client-2.0.6.jar:2.0.6]
	at com.netflix.discovery.DiscoveryClient.register(DiscoveryClient.java:843) ~[eureka-client-2.0.6.jar:2.0.6]
	at com.netflix.discovery.InstanceInfoReplicator.run(InstanceInfoReplicator.java:125) ~[eureka-client-2.0.6.jar:2.0.6]
	at com.netflix.discovery.InstanceInfoReplicator$2.run(InstanceInfoReplicator.java:105) ~[eureka-client-2.0.6.jar:2.0.6]
	at java.base/java.util.concurrent.Executors$RunnableAdapter.call(Executors.java:572) ~[na:na]
	at java.base/java.util.concurrent.FutureTask.run(FutureTask.java:317) ~[na:na]
	at java.base/java.util.concurrent.ScheduledThreadPoolExecutor$ScheduledFutureTask.run(ScheduledThreadPoolExecutor.java:304) ~[na:na]
	at java.base/java.util.concurrent.ThreadPoolExecutor.runWorker(ThreadPoolExecutor.java:1144) ~[na:na]
	at java.base/java.util.concurrent.ThreadPoolExecutor$Worker.run(ThreadPoolExecutor.java:642) ~[na:na]
	at java.base/java.lang.Thread.run(Thread.java:1583) ~[na:na]

2026-08-31T19:36:23.952+05:30  INFO 11564 --- [FoodServiceApp] [restartedMain] com.netflix.discovery.DiscoveryClient    : Unregistering ...
2026-08-31T19:36:23.959+05:30  INFO 11564 --- [FoodServiceApp] [restartedMain] c.n.d.s.t.d.RedirectingEurekaHttpClient  : Request execution error. endpoint=DefaultEndpoint{ serviceUrl='http://localhost:8761/eureka/}, exception=I/O error on DELETE request for "http://localhost:8761/eureka/apps/FOODSERVICEAPP/localhost:FoodServiceApp:9091": Connect to http://localhost:8761 failed: Connection refused: getsockopt

org.springframework.web.client.ResourceAccessException: I/O error on DELETE request for "http://localhost:8761/eureka/apps/FOODSERVICEAPP/localhost:FoodServiceApp:9091": Connect to http://localhost:8761 failed: Connection refused: getsockopt
	at org.springframework.web.client.DefaultRestClient$DefaultRequestBodyUriSpec.createResourceAccessException(DefaultRestClient.java:779) ~[spring-web-7.0.8.jar:7.0.8]
	at org.springframework.web.client.DefaultRestClient$DefaultRequestBodyUriSpec.exchangeInternal(DefaultRestClient.java:624) ~[spring-web-7.0.8.jar:7.0.8]
	at org.springframework.web.client.DefaultRestClient$DefaultRequestBodyUriSpec.exchange(DefaultRestClient.java:572) ~[spring-web-7.0.8.jar:7.0.8]
	at org.springframework.web.client.RestClient$RequestHeadersSpec.exchange(RestClient.java:747) ~[spring-web-7.0.8.jar:7.0.8]
	at org.springframework.web.client.DefaultRestClient$DefaultResponseSpec.executeAndExtract(DefaultRestClient.java:924) ~[spring-web-7.0.8.jar:7.0.8]
	at org.springframework.web.client.DefaultRestClient$DefaultResponseSpec.toBodilessEntity(DefaultRestClient.java:888) ~[spring-web-7.0.8.jar:7.0.8]
	at org.springframework.cloud.netflix.eureka.http.RestClientEurekaHttpClient.cancel(RestClientEurekaHttpClient.java:73) ~[spring-cloud-netflix-eureka-client-5.0.2.jar:5.0.2]
	at com.netflix.discovery.shared.transport.decorator.EurekaHttpClientDecorator$2.execute(EurekaHttpClientDecorator.java:74) ~[eureka-client-2.0.6.jar:2.0.6]
	at com.netflix.discovery.shared.transport.decorator.RedirectingEurekaHttpClient.executeOnNewServer(RedirectingEurekaHttpClient.java:120) ~[eureka-client-2.0.6.jar:2.0.6]
	at com.netflix.discovery.shared.transport.decorator.RedirectingEurekaHttpClient.execute(RedirectingEurekaHttpClient.java:79) ~[eureka-client-2.0.6.jar:2.0.6]
	at com.netflix.discovery.shared.transport.decorator.EurekaHttpClientDecorator.cancel(EurekaHttpClientDecorator.java:71) ~[eureka-client-2.0.6.jar:2.0.6]
	at com.netflix.discovery.shared.transport.decorator.EurekaHttpClientDecorator$2.execute(EurekaHttpClientDecorator.java:74) ~[eureka-client-2.0.6.jar:2.0.6]
	at com.netflix.discovery.shared.transport.decorator.RetryableEurekaHttpClient.execute(RetryableEurekaHttpClient.java:120) ~[eureka-client-2.0.6.jar:2.0.6]
	at com.netflix.discovery.shared.transport.decorator.EurekaHttpClientDecorator.cancel(EurekaHttpClientDecorator.java:71) ~[eureka-client-2.0.6.jar:2.0.6]
	at com.netflix.discovery.shared.transport.decorator.EurekaHttpClientDecorator$2.execute(EurekaHttpClientDecorator.java:74) ~[eureka-client-2.0.6.jar:2.0.6]
	at com.netflix.discovery.shared.transport.decorator.SessionedEurekaHttpClient.execute(SessionedEurekaHttpClient.java:76) ~[eureka-client-2.0.6.jar:2.0.6]
	at com.netflix.discovery.shared.transport.decorator.EurekaHttpClientDecorator.cancel(EurekaHttpClientDecorator.java:71) ~[eureka-client-2.0.6.jar:2.0.6]
	at com.netflix.discovery.DiscoveryClient.unregister(DiscoveryClient.java:934) ~[eureka-client-2.0.6.jar:2.0.6]
	at com.netflix.discovery.DiscoveryClient.shutdown(DiscoveryClient.java:915) ~[eureka-client-2.0.6.jar:2.0.6]
	at java.base/jdk.internal.reflect.DirectMethodHandleAccessor.invoke(DirectMethodHandleAccessor.java:103) ~[na:na]
	at java.base/java.lang.reflect.Method.invoke(Method.java:580) ~[na:na]
	at org.springframework.beans.factory.annotation.InitDestroyAnnotationBeanPostProcessor$LifecycleMethod.invoke(InitDestroyAnnotationBeanPostProcessor.java:453) ~[spring-beans-7.0.8.jar:7.0.8]
	at org.springframework.beans.factory.annotation.InitDestroyAnnotationBeanPostProcessor$LifecycleMetadata.invokeDestroyMethods(InitDestroyAnnotationBeanPostProcessor.java:411) ~[spring-beans-7.0.8.jar:7.0.8]
	at org.springframework.beans.factory.annotation.InitDestroyAnnotationBeanPostProcessor.postProcessBeforeDestruction(InitDestroyAnnotationBeanPostProcessor.java:237) ~[spring-beans-7.0.8.jar:7.0.8]
	at org.springframework.beans.factory.support.DisposableBeanAdapter.destroy(DisposableBeanAdapter.java:200) ~[spring-beans-7.0.8.jar:7.0.8]
	at org.springframework.beans.factory.support.DisposableBeanAdapter.run(DisposableBeanAdapter.java:193) ~[spring-beans-7.0.8.jar:7.0.8]
	at org.springframework.cloud.context.scope.GenericScope$BeanLifecycleWrapper.destroy(GenericScope.java:387) ~[spring-cloud-context-5.0.3.jar:5.0.3]
	at org.springframework.cloud.context.scope.GenericScope.destroy(GenericScope.java:134) ~[spring-cloud-context-5.0.3.jar:5.0.3]
	at org.springframework.beans.factory.support.DisposableBeanAdapter.destroy(DisposableBeanAdapter.java:209) ~[spring-beans-7.0.8.jar:7.0.8]
	at org.springframework.beans.factory.support.DefaultSingletonBeanRegistry.destroyBean(DefaultSingletonBeanRegistry.java:795) ~[spring-beans-7.0.8.jar:7.0.8]
	at org.springframework.beans.factory.support.DefaultSingletonBeanRegistry.destroySingleton(DefaultSingletonBeanRegistry.java:745) ~[spring-beans-7.0.8.jar:7.0.8]
	at org.springframework.beans.factory.support.DefaultListableBeanFactory.destroySingleton(DefaultListableBeanFactory.java:1507) ~[spring-beans-7.0.8.jar:7.0.8]
	at org.springframework.beans.factory.support.DefaultSingletonBeanRegistry.destroySingletons(DefaultSingletonBeanRegistry.java:704) ~[spring-beans-7.0.8.jar:7.0.8]
	at org.springframework.beans.factory.support.DefaultListableBeanFactory.destroySingletons(DefaultListableBeanFactory.java:1500) ~[spring-beans-7.0.8.jar:7.0.8]
	at org.springframework.context.support.AbstractApplicationContext.destroyBeans(AbstractApplicationContext.java:1246) ~[spring-context-7.0.8.jar:7.0.8]
	at org.springframework.context.support.AbstractApplicationContext.refresh(AbstractApplicationContext.java:644) ~[spring-context-7.0.8.jar:7.0.8]
	at org.springframework.boot.web.server.servlet.context.ServletWebServerApplicationContext.refresh(ServletWebServerApplicationContext.java:143) ~[spring-boot-web-server-4.1.0.jar:4.1.0]
	at org.springframework.boot.SpringApplication.refresh(SpringApplication.java:756) ~[spring-boot-4.1.0.jar:4.1.0]
	at org.springframework.boot.SpringApplication.refreshContext(SpringApplication.java:445) ~[spring-boot-4.1.0.jar:4.1.0]
	at org.springframework.boot.SpringApplication.run(SpringApplication.java:321) ~[spring-boot-4.1.0.jar:4.1.0]
	at org.springframework.boot.SpringApplication.run(SpringApplication.java:1365) ~[spring-boot-4.1.0.jar:4.1.0]
	at org.springframework.boot.SpringApplication.run(SpringApplication.java:1354) ~[spring-boot-4.1.0.jar:4.1.0]
	at com.foodapp.FoodServiceApplication.main(FoodServiceApplication.java:12) ~[classes/:na]
	at java.base/jdk.internal.reflect.DirectMethodHandleAccessor.invoke(DirectMethodHandleAccessor.java:103) ~[na:na]
	at java.base/java.lang.reflect.Method.invoke(Method.java:580) ~[na:na]
	at org.springframework.boot.devtools.restart.RestartLauncher.run(RestartLauncher.java:52) ~[spring-boot-devtools-4.1.0.jar:4.1.0]
Caused by: org.apache.hc.client5.http.HttpHostConnectException: Connect to http://localhost:8761 failed: Connection refused: getsockopt
	at java.base/sun.nio.ch.Net.pollConnect(Native Method) ~[na:na]
	at java.base/sun.nio.ch.Net.pollConnectNow(Net.java:682) ~[na:na]
	at java.base/sun.nio.ch.NioSocketImpl.timedFinishConnect(NioSocketImpl.java:542) ~[na:na]
	at java.base/sun.nio.ch.NioSocketImpl.connect(NioSocketImpl.java:592) ~[na:na]
	at java.base/java.net.SocksSocketImpl.connect(SocksSocketImpl.java:327) ~[na:na]
	at java.base/java.net.Socket.connect(Socket.java:751) ~[na:na]
	at org.apache.hc.client5.http.impl.io.DefaultHttpClientConnectionOperator.connect(DefaultHttpClientConnectionOperator.java:219) ~[httpclient5-5.6.1.jar:5.6.1]
	at org.apache.hc.client5.http.impl.io.PoolingHttpClientConnectionManager.connect(PoolingHttpClientConnectionManager.java:547) ~[httpclient5-5.6.1.jar:5.6.1]
	at org.apache.hc.client5.http.impl.classic.InternalExecRuntime.connectEndpoint(InternalExecRuntime.java:164) ~[httpclient5-5.6.1.jar:5.6.1]
	at org.apache.hc.client5.http.impl.classic.InternalExecRuntime.connectEndpoint(InternalExecRuntime.java:174) ~[httpclient5-5.6.1.jar:5.6.1]
	at org.apache.hc.client5.http.impl.classic.ConnectExec.execute(ConnectExec.java:144) ~[httpclient5-5.6.1.jar:5.6.1]
	at org.apache.hc.client5.http.impl.classic.ExecChainElement.execute(ExecChainElement.java:51) ~[httpclient5-5.6.1.jar:5.6.1]
	at org.apache.hc.client5.http.impl.classic.ProtocolExec.execute(ProtocolExec.java:192) ~[httpclient5-5.6.1.jar:5.6.1]
	at org.apache.hc.client5.http.impl.classic.ExecChainElement.execute(ExecChainElement.java:51) ~[httpclient5-5.6.1.jar:5.6.1]
	at org.apache.hc.client5.http.impl.classic.ContentCompressionExec.execute(ContentCompressionExec.java:138) ~[httpclient5-5.6.1.jar:5.6.1]
	at org.apache.hc.client5.http.impl.classic.ExecChainElement.execute(ExecChainElement.java:51) ~[httpclient5-5.6.1.jar:5.6.1]
	at org.apache.hc.client5.http.impl.classic.HttpRequestRetryExec.execute(HttpRequestRetryExec.java:112) ~[httpclient5-5.6.1.jar:5.6.1]
	at org.apache.hc.client5.http.impl.classic.ExecChainElement.execute(ExecChainElement.java:51) ~[httpclient5-5.6.1.jar:5.6.1]
	at org.apache.hc.client5.http.impl.classic.RedirectExec.execute(RedirectExec.java:110) ~[httpclient5-5.6.1.jar:5.6.1]
	at org.apache.hc.client5.http.impl.classic.ExecChainElement.execute(ExecChainElement.java:51) ~[httpclient5-5.6.1.jar:5.6.1]
	at org.apache.hc.client5.http.impl.classic.InternalHttpClient.doExecute(InternalHttpClient.java:185) ~[httpclient5-5.6.1.jar:5.6.1]
	at org.apache.hc.client5.http.impl.classic.CloseableHttpClient.execute(CloseableHttpClient.java:87) ~[httpclient5-5.6.1.jar:5.6.1]
	at org.apache.hc.client5.http.impl.classic.CloseableHttpClient.execute(CloseableHttpClient.java:55) ~[httpclient5-5.6.1.jar:5.6.1]
	at org.apache.hc.client5.http.classic.HttpClient.executeOpen(HttpClient.java:183) ~[httpclient5-5.6.1.jar:5.6.1]
	at org.springframework.http.client.HttpComponentsClientHttpRequest.executeInternal(HttpComponentsClientHttpRequest.java:99) ~[spring-web-7.0.8.jar:7.0.8]
	at org.springframework.http.client.AbstractStreamingClientHttpRequest.executeInternal(AbstractStreamingClientHttpRequest.java:87) ~[spring-web-7.0.8.jar:7.0.8]
	at org.springframework.http.client.AbstractClientHttpRequest.execute(AbstractClientHttpRequest.java:80) ~[spring-web-7.0.8.jar:7.0.8]
	at org.springframework.http.client.AbstractBufferingClientHttpRequest.executeWithRequestAndBody(AbstractBufferingClientHttpRequest.java:89) ~[spring-web-7.0.8.jar:7.0.8]
	at org.springframework.http.client.InterceptingClientHttpRequest$EndOfChainRequestExecution.execute(InterceptingClientHttpRequest.java:102) ~[spring-web-7.0.8.jar:7.0.8]
	at org.springframework.cloud.netflix.eureka.http.RestClientTransportClientFactory.lambda$newClient$2(RestClientTransportClientFactory.java:98) ~[spring-cloud-netflix-eureka-client-5.0.2.jar:5.0.2]
	at org.springframework.http.client.ClientHttpRequestInterceptor.lambda$apply$0(ClientHttpRequestInterceptor.java:89) ~[spring-web-7.0.8.jar:7.0.8]
	at org.springframework.http.client.InterceptingClientHttpRequest.executeInternal(InterceptingClientHttpRequest.java:73) ~[spring-web-7.0.8.jar:7.0.8]
	at org.springframework.http.client.AbstractBufferingClientHttpRequest.executeInternal(AbstractBufferingClientHttpRequest.java:50) ~[spring-web-7.0.8.jar:7.0.8]
	at org.springframework.http.client.AbstractClientHttpRequest.execute(AbstractClientHttpRequest.java:80) ~[spring-web-7.0.8.jar:7.0.8]
	at org.springframework.web.client.DefaultRestClient$DefaultRequestBodyUriSpec.exchangeInternal(DefaultRestClient.java:614) ~[spring-web-7.0.8.jar:7.0.8]
	... 44 common frames omitted

2026-08-31T19:36:23.963+05:30  WARN 11564 --- [FoodServiceApp] [restartedMain] c.n.d.s.t.d.RetryableEurekaHttpClient    : Request execution failed with message: I/O error on DELETE request for "http://localhost:8761/eureka/apps/FOODSERVICEAPP/localhost:FoodServiceApp:9091": Connect to http://localhost:8761 failed: Connection refused: getsockopt
2026-08-31T19:36:23.963+05:30 ERROR 11564 --- [FoodServiceApp] [restartedMain] com.netflix.discovery.DiscoveryClient    : DiscoveryClient_FOODSERVICEAPP/localhost:FoodServiceApp:9091 - de-registration failedCannot execute request on any known server

com.netflix.discovery.shared.transport.TransportException: Cannot execute request on any known server
	at com.netflix.discovery.shared.transport.decorator.RetryableEurekaHttpClient.execute(RetryableEurekaHttpClient.java:112) ~[eureka-client-2.0.6.jar:2.0.6]
	at com.netflix.discovery.shared.transport.decorator.EurekaHttpClientDecorator.cancel(EurekaHttpClientDecorator.java:71) ~[eureka-client-2.0.6.jar:2.0.6]
	at com.netflix.discovery.shared.transport.decorator.EurekaHttpClientDecorator$2.execute(EurekaHttpClientDecorator.java:74) ~[eureka-client-2.0.6.jar:2.0.6]
	at com.netflix.discovery.shared.transport.decorator.SessionedEurekaHttpClient.execute(SessionedEurekaHttpClient.java:76) ~[eureka-client-2.0.6.jar:2.0.6]
	at com.netflix.discovery.shared.transport.decorator.EurekaHttpClientDecorator.cancel(EurekaHttpClientDecorator.java:71) ~[eureka-client-2.0.6.jar:2.0.6]
	at com.netflix.discovery.DiscoveryClient.unregister(DiscoveryClient.java:934) ~[eureka-client-2.0.6.jar:2.0.6]
	at com.netflix.discovery.DiscoveryClient.shutdown(DiscoveryClient.java:915) ~[eureka-client-2.0.6.jar:2.0.6]
	at java.base/jdk.internal.reflect.DirectMethodHandleAccessor.invoke(DirectMethodHandleAccessor.java:103) ~[na:na]
	at java.base/java.lang.reflect.Method.invoke(Method.java:580) ~[na:na]
	at org.springframework.beans.factory.annotation.InitDestroyAnnotationBeanPostProcessor$LifecycleMethod.invoke(InitDestroyAnnotationBeanPostProcessor.java:453) ~[spring-beans-7.0.8.jar:7.0.8]
	at org.springframework.beans.factory.annotation.InitDestroyAnnotationBeanPostProcessor$LifecycleMetadata.invokeDestroyMethods(InitDestroyAnnotationBeanPostProcessor.java:411) ~[spring-beans-7.0.8.jar:7.0.8]
	at org.springframework.beans.factory.annotation.InitDestroyAnnotationBeanPostProcessor.postProcessBeforeDestruction(InitDestroyAnnotationBeanPostProcessor.java:237) ~[spring-beans-7.0.8.jar:7.0.8]
	at org.springframework.beans.factory.support.DisposableBeanAdapter.destroy(DisposableBeanAdapter.java:200) ~[spring-beans-7.0.8.jar:7.0.8]
	at org.springframework.beans.factory.support.DisposableBeanAdapter.run(DisposableBeanAdapter.java:193) ~[spring-beans-7.0.8.jar:7.0.8]
	at org.springframework.cloud.context.scope.GenericScope$BeanLifecycleWrapper.destroy(GenericScope.java:387) ~[spring-cloud-context-5.0.3.jar:5.0.3]
	at org.springframework.cloud.context.scope.GenericScope.destroy(GenericScope.java:134) ~[spring-cloud-context-5.0.3.jar:5.0.3]
	at org.springframework.beans.factory.support.DisposableBeanAdapter.destroy(DisposableBeanAdapter.java:209) ~[spring-beans-7.0.8.jar:7.0.8]
	at org.springframework.beans.factory.support.DefaultSingletonBeanRegistry.destroyBean(DefaultSingletonBeanRegistry.java:795) ~[spring-beans-7.0.8.jar:7.0.8]
	at org.springframework.beans.factory.support.DefaultSingletonBeanRegistry.destroySingleton(DefaultSingletonBeanRegistry.java:745) ~[spring-beans-7.0.8.jar:7.0.8]
	at org.springframework.beans.factory.support.DefaultListableBeanFactory.destroySingleton(DefaultListableBeanFactory.java:1507) ~[spring-beans-7.0.8.jar:7.0.8]
	at org.springframework.beans.factory.support.DefaultSingletonBeanRegistry.destroySingletons(DefaultSingletonBeanRegistry.java:704) ~[spring-beans-7.0.8.jar:7.0.8]
	at org.springframework.beans.factory.support.DefaultListableBeanFactory.destroySingletons(DefaultListableBeanFactory.java:1500) ~[spring-beans-7.0.8.jar:7.0.8]
	at org.springframework.context.support.AbstractApplicationContext.destroyBeans(AbstractApplicationContext.java:1246) ~[spring-context-7.0.8.jar:7.0.8]
	at org.springframework.context.support.AbstractApplicationContext.refresh(AbstractApplicationContext.java:644) ~[spring-context-7.0.8.jar:7.0.8]
	at org.springframework.boot.web.server.servlet.context.ServletWebServerApplicationContext.refresh(ServletWebServerApplicationContext.java:143) ~[spring-boot-web-server-4.1.0.jar:4.1.0]
	at org.springframework.boot.SpringApplication.refresh(SpringApplication.java:756) ~[spring-boot-4.1.0.jar:4.1.0]
	at org.springframework.boot.SpringApplication.refreshContext(SpringApplication.java:445) ~[spring-boot-4.1.0.jar:4.1.0]
	at org.springframework.boot.SpringApplication.run(SpringApplication.java:321) ~[spring-boot-4.1.0.jar:4.1.0]
	at org.springframework.boot.SpringApplication.run(SpringApplication.java:1365) ~[spring-boot-4.1.0.jar:4.1.0]
	at org.springframework.boot.SpringApplication.run(SpringApplication.java:1354) ~[spring-boot-4.1.0.jar:4.1.0]
	at com.foodapp.FoodServiceApplication.main(FoodServiceApplication.java:12) ~[classes/:na]
	at java.base/jdk.internal.reflect.DirectMethodHandleAccessor.invoke(DirectMethodHandleAccessor.java:103) ~[na:na]
	at java.base/java.lang.reflect.Method.invoke(Method.java:580) ~[na:na]
	at org.springframework.boot.devtools.restart.RestartLauncher.run(RestartLauncher.java:52) ~[spring-boot-devtools-4.1.0.jar:4.1.0]

2026-08-31T19:36:23.965+05:30  INFO 11564 --- [FoodServiceApp] [restartedMain] com.netflix.discovery.DiscoveryClient    : Completed shut down of DiscoveryClient
2026-08-31T19:36:23.991+05:30  INFO 11564 --- [FoodServiceApp] [restartedMain] .s.b.a.l.ConditionEvaluationReportLogger : 

Error starting ApplicationContext. To display the condition evaluation report re-run your application with 'debug' enabled.
2026-08-31T19:36:24.017+05:30 ERROR 11564 --- [FoodServiceApp] [restartedMain] o.s.b.d.LoggingFailureAnalysisReporter   : 

***************************
APPLICATION FAILED TO START
***************************

Description:

Web server failed to start. Port 9091 was already in use.

Action:

Identify and stop the process that's listening on port 9091 or configure this application to listen on another port.

2026-08-31T19:36:59.767+05:30  INFO 31356 --- [FoodServiceApp] [restartedMain] com.foodapp.FoodServiceApplication       : Starting FoodServiceApplication using Java 21.0.2 with PID 31356 (C:\Users\khushbu.1.sharma\eclipse-workspace\Project foodService Application\FoodServiceApp\target\classes started by KHUSHBU.1.SHARMA in C:\Users\khushbu.1.sharma\eclipse-workspace\Project foodService Application\FoodServiceApp)
2026-08-31T19:36:59.775+05:30  INFO 31356 --- [FoodServiceApp] [restartedMain] com.foodapp.FoodServiceApplication       : No active profile set, falling back to 1 default profile: "default"
2026-08-31T19:36:59.893+05:30  INFO 31356 --- [FoodServiceApp] [restartedMain] .e.DevToolsPropertyDefaultsPostProcessor : Devtools property defaults active! Set 'spring.devtools.add-properties' to 'false' to disable
2026-08-31T19:36:59.893+05:30  INFO 31356 --- [FoodServiceApp] [restartedMain] .e.DevToolsPropertyDefaultsPostProcessor : For additional web related logging consider setting the 'logging.level.web' property to 'DEBUG'
2026-08-31T19:37:01.263+05:30  INFO 31356 --- [FoodServiceApp] [restartedMain] .s.d.r.c.RepositoryConfigurationDelegate : Bootstrapping Spring Data JPA repositories in DEFAULT mode.
2026-08-31T19:37:01.448+05:30  INFO 31356 --- [FoodServiceApp] [restartedMain] .s.d.r.c.RepositoryConfigurationDelegate : Finished Spring Data repository scanning in 173 ms. Found 1 JPA repository interface.
2026-08-31T19:37:01.732+05:30  INFO 31356 --- [FoodServiceApp] [restartedMain] o.s.cloud.context.scope.GenericScope     : BeanFactory id=9931cc8f-4ea7-3474-8a12-35008d9774ef
2026-08-31T19:37:02.492+05:30  INFO 31356 --- [FoodServiceApp] [restartedMain] o.s.boot.tomcat.TomcatWebServer          : Tomcat initialized with port 9091 (http)
2026-08-31T19:37:02.520+05:30  INFO 31356 --- [FoodServiceApp] [restartedMain] o.apache.catalina.core.StandardService   : Starting service [Tomcat]
2026-08-31T19:37:02.520+05:30  INFO 31356 --- [FoodServiceApp] [restartedMain] o.apache.catalina.core.StandardEngine    : Starting Servlet engine: [Apache Tomcat/11.0.22]
2026-08-31T19:37:02.629+05:30  INFO 31356 --- [FoodServiceApp] [restartedMain] b.w.c.s.WebApplicationContextInitializer : Root WebApplicationContext: initialization completed in 2735 ms
2026-08-31T19:37:02.905+05:30  INFO 31356 --- [FoodServiceApp] [restartedMain] org.hibernate.orm.jpa                    : HHH008540: Processing PersistenceUnitInfo [name: default]
2026-08-31T19:37:02.977+05:30  INFO 31356 --- [FoodServiceApp] [restartedMain] org.hibernate.orm.core                   : HHH000001: Hibernate ORM core version 7.4.1.Final
2026-08-31T19:37:03.589+05:30  INFO 31356 --- [FoodServiceApp] [restartedMain] o.s.o.j.p.SpringPersistenceUnitInfo      : No LoadTimeWeaver setup: ignoring JPA class transformer
2026-08-31T19:37:03.629+05:30  INFO 31356 --- [FoodServiceApp] [restartedMain] com.zaxxer.hikari.HikariDataSource       : HikariPool-1 - Starting...
2026-08-31T19:37:04.052+05:30  INFO 31356 --- [FoodServiceApp] [restartedMain] com.zaxxer.hikari.pool.HikariPool        : HikariPool-1 - Added connection com.mysql.cj.jdbc.ConnectionImpl@126199c0
2026-08-31T19:37:04.055+05:30  INFO 31356 --- [FoodServiceApp] [restartedMain] com.zaxxer.hikari.HikariDataSource       : HikariPool-1 - Start completed.
2026-08-31T19:37:04.162+05:30  INFO 31356 --- [FoodServiceApp] [restartedMain] org.hibernate.orm.connections.pooling    : HHH10001005: Database info:
	Database JDBC URL [jdbc:mysql://localhost:3306/cfg11]
	Database driver: MySQL Connector/J
	Database dialect: MySQLDialect
	Database version: 8.0.46
	Default catalog/schema: cfg11/undefined
	Autocommit mode: undefined/unknown
	Isolation level: REPEATABLE_READ [default REPEATABLE_READ]
	JDBC fetch size: none
	Pool: DataSourceConnectionProvider
	Minimum pool size: undefined/unknown
	Maximum pool size: undefined/unknown
2026-08-31T19:37:05.336+05:30  INFO 31356 --- [FoodServiceApp] [restartedMain] org.hibernate.orm.core                   : HHH000489: No JTA platform available (set 'hibernate.transaction.jta.platform' to enable JTA platform integration)
2026-08-31T19:37:05.399+05:30  INFO 31356 --- [FoodServiceApp] [restartedMain] j.LocalContainerEntityManagerFactoryBean : Initialized JPA EntityManagerFactory for persistence unit 'default'
2026-08-31T19:37:05.688+05:30  WARN 31356 --- [FoodServiceApp] [restartedMain] JpaBaseConfiguration$JpaWebConfiguration : spring.jpa.open-in-view is enabled by default. Therefore, database queries may be performed during view rendering. Explicitly configure spring.jpa.open-in-view to disable this warning
2026-08-31T19:37:06.740+05:30  INFO 31356 --- [FoodServiceApp] [restartedMain] o.s.cloud.commons.util.InetUtils         : Cannot determine local hostname
2026-08-31T19:37:06.908+05:30  INFO 31356 --- [FoodServiceApp] [restartedMain] o.s.c.openfeign.FeignClientFactoryBean   : For 'APPUSER' URL not provided. Will try picking an instance via load-balancing.
2026-08-31T19:37:07.049+05:30  INFO 31356 --- [FoodServiceApp] [restartedMain] o.s.d.j.r.query.QueryEnhancerFactories   : Hibernate is in classpath; If applicable, HQL parser will be used.
2026-08-31T19:37:08.913+05:30  INFO 31356 --- [FoodServiceApp] [restartedMain] DiscoveryClientOptionalArgsConfiguration : Eureka HTTP Client uses RestClient.
2026-08-31T19:37:08.953+05:30  WARN 31356 --- [FoodServiceApp] [restartedMain] iguration$LoadBalancerCaffeineWarnLogger : Spring Cloud LoadBalancer is currently working with the default cache. While this cache implementation is useful for development and tests, it's recommended to use Caffeine cache in production.You can switch to using Caffeine cache, by adding it and org.springframework.cache.caffeine.CaffeineCacheManager to the classpath.
2026-08-31T19:37:08.995+05:30  INFO 31356 --- [FoodServiceApp] [restartedMain] o.s.c.n.eureka.InstanceInfoFactory       : Setting initial instance status as: STARTING
2026-08-31T19:37:09.032+05:30  INFO 31356 --- [FoodServiceApp] [restartedMain] com.netflix.discovery.DiscoveryClient    : Initializing Eureka in region us-east-1
2026-08-31T19:37:09.037+05:30  INFO 31356 --- [FoodServiceApp] [restartedMain] c.n.d.s.r.aws.ConfigClusterResolver      : Resolving eureka endpoints via configuration
2026-08-31T19:37:09.057+05:30  INFO 31356 --- [FoodServiceApp] [restartedMain] com.netflix.discovery.DiscoveryClient    : Disable delta property : false
2026-08-31T19:37:09.057+05:30  INFO 31356 --- [FoodServiceApp] [restartedMain] com.netflix.discovery.DiscoveryClient    : Single vip registry refresh property : null
2026-08-31T19:37:09.058+05:30  INFO 31356 --- [FoodServiceApp] [restartedMain] com.netflix.discovery.DiscoveryClient    : Force full registry fetch : false
2026-08-31T19:37:09.058+05:30  INFO 31356 --- [FoodServiceApp] [restartedMain] com.netflix.discovery.DiscoveryClient    : Application is null : false
2026-08-31T19:37:09.058+05:30  INFO 31356 --- [FoodServiceApp] [restartedMain] com.netflix.discovery.DiscoveryClient    : Registered Applications size is zero : true
2026-08-31T19:37:09.059+05:30  INFO 31356 --- [FoodServiceApp] [restartedMain] com.netflix.discovery.DiscoveryClient    : Application version is -1: true
2026-08-31T19:37:09.059+05:30  INFO 31356 --- [FoodServiceApp] [restartedMain] com.netflix.discovery.DiscoveryClient    : Getting all instance registry info from the eureka server
2026-08-31T19:37:09.312+05:30  INFO 31356 --- [FoodServiceApp] [restartedMain] c.n.d.s.t.d.RedirectingEurekaHttpClient  : Request execution error. endpoint=DefaultEndpoint{ serviceUrl='http://localhost:8761/eureka/}, exception=I/O error on GET request for "http://localhost:8761/eureka/apps/": Connect to http://localhost:8761 failed: Connection refused: getsockopt

org.springframework.web.client.ResourceAccessException: I/O error on GET request for "http://localhost:8761/eureka/apps/": Connect to http://localhost:8761 failed: Connection refused: getsockopt
	at org.springframework.web.client.DefaultRestClient$DefaultRequestBodyUriSpec.createResourceAccessException(DefaultRestClient.java:779) ~[spring-web-7.0.8.jar:7.0.8]
	at org.springframework.web.client.DefaultRestClient$DefaultRequestBodyUriSpec.exchangeInternal(DefaultRestClient.java:624) ~[spring-web-7.0.8.jar:7.0.8]
	at org.springframework.web.client.DefaultRestClient$DefaultRequestBodyUriSpec.exchange(DefaultRestClient.java:572) ~[spring-web-7.0.8.jar:7.0.8]
	at org.springframework.web.client.RestClient$RequestHeadersSpec.exchange(RestClient.java:747) ~[spring-web-7.0.8.jar:7.0.8]
	at org.springframework.web.client.DefaultRestClient$DefaultResponseSpec.executeAndExtract(DefaultRestClient.java:924) ~[spring-web-7.0.8.jar:7.0.8]
	at org.springframework.web.client.DefaultRestClient$DefaultResponseSpec.toEntityInternal(DefaultRestClient.java:870) ~[spring-web-7.0.8.jar:7.0.8]
	at org.springframework.web.client.DefaultRestClient$DefaultResponseSpec.toEntity(DefaultRestClient.java:859) ~[spring-web-7.0.8.jar:7.0.8]
	at org.springframework.cloud.netflix.eureka.http.RestClientEurekaHttpClient.getApplicationsInternal(RestClientEurekaHttpClient.java:201) ~[spring-cloud-netflix-eureka-client-5.0.2.jar:5.0.2]
	at org.springframework.cloud.netflix.eureka.http.RestClientEurekaHttpClient.getApplications(RestClientEurekaHttpClient.java:137) ~[spring-cloud-netflix-eureka-client-5.0.2.jar:5.0.2]
	at com.netflix.discovery.shared.transport.decorator.EurekaHttpClientDecorator$6.execute(EurekaHttpClientDecorator.java:137) ~[eureka-client-2.0.6.jar:2.0.6]
	at com.netflix.discovery.shared.transport.decorator.RedirectingEurekaHttpClient.executeOnNewServer(RedirectingEurekaHttpClient.java:120) ~[eureka-client-2.0.6.jar:2.0.6]
	at com.netflix.discovery.shared.transport.decorator.RedirectingEurekaHttpClient.execute(RedirectingEurekaHttpClient.java:79) ~[eureka-client-2.0.6.jar:2.0.6]
	at com.netflix.discovery.shared.transport.decorator.EurekaHttpClientDecorator.getApplications(EurekaHttpClientDecorator.java:134) ~[eureka-client-2.0.6.jar:2.0.6]
	at com.netflix.discovery.shared.transport.decorator.EurekaHttpClientDecorator$6.execute(EurekaHttpClientDecorator.java:137) ~[eureka-client-2.0.6.jar:2.0.6]
	at com.netflix.discovery.shared.transport.decorator.RetryableEurekaHttpClient.execute(RetryableEurekaHttpClient.java:120) ~[eureka-client-2.0.6.jar:2.0.6]
	at com.netflix.discovery.shared.transport.decorator.EurekaHttpClientDecorator.getApplications(EurekaHttpClientDecorator.java:134) ~[eureka-client-2.0.6.jar:2.0.6]
	at com.netflix.discovery.shared.transport.decorator.EurekaHttpClientDecorator$6.execute(EurekaHttpClientDecorator.java:137) ~[eureka-client-2.0.6.jar:2.0.6]
	at com.netflix.discovery.shared.transport.decorator.SessionedEurekaHttpClient.execute(SessionedEurekaHttpClient.java:76) ~[eureka-client-2.0.6.jar:2.0.6]
	at com.netflix.discovery.shared.transport.decorator.EurekaHttpClientDecorator.getApplications(EurekaHttpClientDecorator.java:134) ~[eureka-client-2.0.6.jar:2.0.6]
	at com.netflix.discovery.DiscoveryClient.getAndStoreFullRegistry(DiscoveryClient.java:1061) ~[eureka-client-2.0.6.jar:2.0.6]
	at com.netflix.discovery.DiscoveryClient.fetchRegistry(DiscoveryClient.java:976) ~[eureka-client-2.0.6.jar:2.0.6]
	at com.netflix.discovery.DiscoveryClient.<init>(DiscoveryClient.java:419) ~[eureka-client-2.0.6.jar:2.0.6]
	at com.netflix.discovery.DiscoveryClient.<init>(DiscoveryClient.java:254) ~[eureka-client-2.0.6.jar:2.0.6]
	at com.netflix.discovery.DiscoveryClient.<init>(DiscoveryClient.java:249) ~[eureka-client-2.0.6.jar:2.0.6]
	at org.springframework.cloud.netflix.eureka.CloudEurekaClient.<init>(CloudEurekaClient.java:68) ~[spring-cloud-netflix-eureka-client-5.0.2.jar:5.0.2]
	at org.springframework.cloud.netflix.eureka.EurekaClientAutoConfiguration$RefreshableEurekaClientConfiguration.eurekaClient(EurekaClientAutoConfiguration.java:324) ~[spring-cloud-netflix-eureka-client-5.0.2.jar:5.0.2]
	at java.base/jdk.internal.reflect.DirectMethodHandleAccessor.invoke(DirectMethodHandleAccessor.java:103) ~[na:na]
	at java.base/java.lang.reflect.Method.invoke(Method.java:580) ~[na:na]
	at org.springframework.beans.factory.support.SimpleInstantiationStrategy.lambda$instantiate$0(SimpleInstantiationStrategy.java:155) ~[spring-beans-7.0.8.jar:7.0.8]
	at org.springframework.beans.factory.support.SimpleInstantiationStrategy.instantiateWithFactoryMethod(SimpleInstantiationStrategy.java:72) ~[spring-beans-7.0.8.jar:7.0.8]
	at org.springframework.beans.factory.support.SimpleInstantiationStrategy.instantiate(SimpleInstantiationStrategy.java:152) ~[spring-beans-7.0.8.jar:7.0.8]
	at org.springframework.beans.factory.support.ConstructorResolver.instantiate(ConstructorResolver.java:653) ~[spring-beans-7.0.8.jar:7.0.8]
	at org.springframework.beans.factory.support.ConstructorResolver.instantiateUsingFactoryMethod(ConstructorResolver.java:645) ~[spring-beans-7.0.8.jar:7.0.8]
	at org.springframework.beans.factory.support.AbstractAutowireCapableBeanFactory.instantiateUsingFactoryMethod(AbstractAutowireCapableBeanFactory.java:1360) ~[spring-beans-7.0.8.jar:7.0.8]
	at org.springframework.beans.factory.support.AbstractAutowireCapableBeanFactory.createBeanInstance(AbstractAutowireCapableBeanFactory.java:1192) ~[spring-beans-7.0.8.jar:7.0.8]
	at org.springframework.beans.factory.support.AbstractAutowireCapableBeanFactory.doCreateBean(AbstractAutowireCapableBeanFactory.java:565) ~[spring-beans-7.0.8.jar:7.0.8]
	at org.springframework.beans.factory.support.AbstractAutowireCapableBeanFactory.createBean(AbstractAutowireCapableBeanFactory.java:525) ~[spring-beans-7.0.8.jar:7.0.8]
	at org.springframework.beans.factory.support.AbstractBeanFactory.lambda$doGetBean$1(AbstractBeanFactory.java:372) ~[spring-beans-7.0.8.jar:7.0.8]
	at org.springframework.cloud.context.scope.GenericScope$BeanLifecycleWrapper.getBean(GenericScope.java:373) ~[spring-cloud-context-5.0.3.jar:5.0.3]
	at org.springframework.cloud.context.scope.GenericScope.get(GenericScope.java:177) ~[spring-cloud-context-5.0.3.jar:5.0.3]
	at org.springframework.beans.factory.support.AbstractBeanFactory.doGetBean(AbstractBeanFactory.java:369) ~[spring-beans-7.0.8.jar:7.0.8]
	at org.springframework.beans.factory.support.AbstractBeanFactory.getBean(AbstractBeanFactory.java:196) ~[spring-beans-7.0.8.jar:7.0.8]
	at org.springframework.aop.target.SimpleBeanTargetSource.getTarget(SimpleBeanTargetSource.java:35) ~[spring-aop-7.0.8.jar:7.0.8]
	at org.springframework.cloud.netflix.eureka.serviceregistry.EurekaRegistration.getTargetObject(EurekaRegistration.java:128) ~[spring-cloud-netflix-eureka-client-5.0.2.jar:5.0.2]
	at org.springframework.cloud.netflix.eureka.serviceregistry.EurekaRegistration.getEurekaClient(EurekaRegistration.java:116) ~[spring-cloud-netflix-eureka-client-5.0.2.jar:5.0.2]
	at java.base/jdk.internal.reflect.DirectMethodHandleAccessor.invoke(DirectMethodHandleAccessor.java:103) ~[na:na]
	at java.base/java.lang.reflect.Method.invoke(Method.java:580) ~[na:na]
	at org.springframework.util.ReflectionUtils.invokeMethod(ReflectionUtils.java:281) ~[spring-core-7.0.8.jar:7.0.8]
	at org.springframework.cloud.context.scope.GenericScope$LockedScopedProxyFactoryBean.invoke(GenericScope.java:480) ~[spring-cloud-context-5.0.3.jar:5.0.3]
	at org.springframework.aop.framework.ReflectiveMethodInvocation.proceed(ReflectiveMethodInvocation.java:179) ~[spring-aop-7.0.8.jar:7.0.8]
	at org.springframework.aop.framework.CglibAopProxy$DynamicAdvisedInterceptor.intercept(CglibAopProxy.java:719) ~[spring-aop-7.0.8.jar:7.0.8]
	at org.springframework.cloud.netflix.eureka.serviceregistry.EurekaRegistration$$SpringCGLIB$$0.getEurekaClient(<generated>) ~[spring-cloud-netflix-eureka-client-5.0.2.jar:na]
	at org.springframework.cloud.netflix.eureka.serviceregistry.EurekaServiceRegistry.maybeInitializeClient(EurekaServiceRegistry.java:83) ~[spring-cloud-netflix-eureka-client-5.0.2.jar:5.0.2]
	at org.springframework.cloud.netflix.eureka.serviceregistry.EurekaServiceRegistry.register(EurekaServiceRegistry.java:66) ~[spring-cloud-netflix-eureka-client-5.0.2.jar:5.0.2]
	at org.springframework.cloud.netflix.eureka.serviceregistry.EurekaAutoServiceRegistration.start(EurekaAutoServiceRegistration.java:89) ~[spring-cloud-netflix-eureka-client-5.0.2.jar:5.0.2]
	at org.springframework.context.support.DefaultLifecycleProcessor.doStart(DefaultLifecycleProcessor.java:420) ~[spring-context-7.0.8.jar:7.0.8]
	at org.springframework.context.support.DefaultLifecycleProcessor.doStart(DefaultLifecycleProcessor.java:409) ~[spring-context-7.0.8.jar:7.0.8]
	at org.springframework.context.support.DefaultLifecycleProcessor$LifecycleGroup.start(DefaultLifecycleProcessor.java:613) ~[spring-context-7.0.8.jar:7.0.8]
	at java.base/java.lang.Iterable.forEach(Iterable.java:75) ~[na:na]
	at org.springframework.context.support.DefaultLifecycleProcessor.startBeans(DefaultLifecycleProcessor.java:379) ~[spring-context-7.0.8.jar:7.0.8]
	at org.springframework.context.support.DefaultLifecycleProcessor.onRefresh(DefaultLifecycleProcessor.java:306) ~[spring-context-7.0.8.jar:7.0.8]
	at org.springframework.context.support.AbstractApplicationContext.finishRefresh(AbstractApplicationContext.java:1013) ~[spring-context-7.0.8.jar:7.0.8]
	at org.springframework.context.support.AbstractApplicationContext.refresh(AbstractApplicationContext.java:624) ~[spring-context-7.0.8.jar:7.0.8]
	at org.springframework.boot.web.server.servlet.context.ServletWebServerApplicationContext.refresh(ServletWebServerApplicationContext.java:143) ~[spring-boot-web-server-4.1.0.jar:4.1.0]
	at org.springframework.boot.SpringApplication.refresh(SpringApplication.java:756) ~[spring-boot-4.1.0.jar:4.1.0]
	at org.springframework.boot.SpringApplication.refreshContext(SpringApplication.java:445) ~[spring-boot-4.1.0.jar:4.1.0]
	at org.springframework.boot.SpringApplication.run(SpringApplication.java:321) ~[spring-boot-4.1.0.jar:4.1.0]
	at org.springframework.boot.SpringApplication.run(SpringApplication.java:1365) ~[spring-boot-4.1.0.jar:4.1.0]
	at org.springframework.boot.SpringApplication.run(SpringApplication.java:1354) ~[spring-boot-4.1.0.jar:4.1.0]
	at com.foodapp.FoodServiceApplication.main(FoodServiceApplication.java:12) ~[classes/:na]
	at java.base/jdk.internal.reflect.DirectMethodHandleAccessor.invoke(DirectMethodHandleAccessor.java:103) ~[na:na]
	at java.base/java.lang.reflect.Method.invoke(Method.java:580) ~[na:na]
	at org.springframework.boot.devtools.restart.RestartLauncher.run(RestartLauncher.java:52) ~[spring-boot-devtools-4.1.0.jar:4.1.0]
Caused by: org.apache.hc.client5.http.HttpHostConnectException: Connect to http://localhost:8761 failed: Connection refused: getsockopt
	at java.base/sun.nio.ch.Net.pollConnect(Native Method) ~[na:na]
	at java.base/sun.nio.ch.Net.pollConnectNow(Net.java:682) ~[na:na]
	at java.base/sun.nio.ch.NioSocketImpl.timedFinishConnect(NioSocketImpl.java:542) ~[na:na]
	at java.base/sun.nio.ch.NioSocketImpl.connect(NioSocketImpl.java:592) ~[na:na]
	at java.base/java.net.SocksSocketImpl.connect(SocksSocketImpl.java:327) ~[na:na]
	at java.base/java.net.Socket.connect(Socket.java:751) ~[na:na]
	at org.apache.hc.client5.http.impl.io.DefaultHttpClientConnectionOperator.connect(DefaultHttpClientConnectionOperator.java:219) ~[httpclient5-5.6.1.jar:5.6.1]
	at org.apache.hc.client5.http.impl.io.PoolingHttpClientConnectionManager.connect(PoolingHttpClientConnectionManager.java:547) ~[httpclient5-5.6.1.jar:5.6.1]
	at org.apache.hc.client5.http.impl.classic.InternalExecRuntime.connectEndpoint(InternalExecRuntime.java:164) ~[httpclient5-5.6.1.jar:5.6.1]
	at org.apache.hc.client5.http.impl.classic.InternalExecRuntime.connectEndpoint(InternalExecRuntime.java:174) ~[httpclient5-5.6.1.jar:5.6.1]
	at org.apache.hc.client5.http.impl.classic.ConnectExec.execute(ConnectExec.java:144) ~[httpclient5-5.6.1.jar:5.6.1]
	at org.apache.hc.client5.http.impl.classic.ExecChainElement.execute(ExecChainElement.java:51) ~[httpclient5-5.6.1.jar:5.6.1]
	at org.apache.hc.client5.http.impl.classic.ProtocolExec.execute(ProtocolExec.java:192) ~[httpclient5-5.6.1.jar:5.6.1]
	at org.apache.hc.client5.http.impl.classic.ExecChainElement.execute(ExecChainElement.java:51) ~[httpclient5-5.6.1.jar:5.6.1]
	at org.apache.hc.client5.http.impl.classic.ContentCompressionExec.execute(ContentCompressionExec.java:138) ~[httpclient5-5.6.1.jar:5.6.1]
	at org.apache.hc.client5.http.impl.classic.ExecChainElement.execute(ExecChainElement.java:51) ~[httpclient5-5.6.1.jar:5.6.1]
	at org.apache.hc.client5.http.impl.classic.HttpRequestRetryExec.execute(HttpRequestRetryExec.java:112) ~[httpclient5-5.6.1.jar:5.6.1]
	at org.apache.hc.client5.http.impl.classic.ExecChainElement.execute(ExecChainElement.java:51) ~[httpclient5-5.6.1.jar:5.6.1]
	at org.apache.hc.client5.http.impl.classic.RedirectExec.execute(RedirectExec.java:110) ~[httpclient5-5.6.1.jar:5.6.1]
	at org.apache.hc.client5.http.impl.classic.ExecChainElement.execute(ExecChainElement.java:51) ~[httpclient5-5.6.1.jar:5.6.1]
	at org.apache.hc.client5.http.impl.classic.InternalHttpClient.doExecute(InternalHttpClient.java:185) ~[httpclient5-5.6.1.jar:5.6.1]
	at org.apache.hc.client5.http.impl.classic.CloseableHttpClient.execute(CloseableHttpClient.java:87) ~[httpclient5-5.6.1.jar:5.6.1]
	at org.apache.hc.client5.http.impl.classic.CloseableHttpClient.execute(CloseableHttpClient.java:55) ~[httpclient5-5.6.1.jar:5.6.1]
	at org.apache.hc.client5.http.classic.HttpClient.executeOpen(HttpClient.java:183) ~[httpclient5-5.6.1.jar:5.6.1]
	at org.springframework.http.client.HttpComponentsClientHttpRequest.executeInternal(HttpComponentsClientHttpRequest.java:99) ~[spring-web-7.0.8.jar:7.0.8]
	at org.springframework.http.client.AbstractStreamingClientHttpRequest.executeInternal(AbstractStreamingClientHttpRequest.java:87) ~[spring-web-7.0.8.jar:7.0.8]
	at org.springframework.http.client.AbstractClientHttpRequest.execute(AbstractClientHttpRequest.java:80) ~[spring-web-7.0.8.jar:7.0.8]
	at org.springframework.http.client.AbstractBufferingClientHttpRequest.executeWithRequestAndBody(AbstractBufferingClientHttpRequest.java:89) ~[spring-web-7.0.8.jar:7.0.8]
	at org.springframework.http.client.InterceptingClientHttpRequest$EndOfChainRequestExecution.execute(InterceptingClientHttpRequest.java:102) ~[spring-web-7.0.8.jar:7.0.8]
	at org.springframework.cloud.netflix.eureka.http.RestClientTransportClientFactory.lambda$newClient$2(RestClientTransportClientFactory.java:98) ~[spring-cloud-netflix-eureka-client-5.0.2.jar:5.0.2]
	at org.springframework.http.client.ClientHttpRequestInterceptor.lambda$apply$0(ClientHttpRequestInterceptor.java:89) ~[spring-web-7.0.8.jar:7.0.8]
	at org.springframework.http.client.InterceptingClientHttpRequest.executeInternal(InterceptingClientHttpRequest.java:73) ~[spring-web-7.0.8.jar:7.0.8]
	at org.springframework.http.client.AbstractBufferingClientHttpRequest.executeInternal(AbstractBufferingClientHttpRequest.java:50) ~[spring-web-7.0.8.jar:7.0.8]
	at org.springframework.http.client.AbstractClientHttpRequest.execute(AbstractClientHttpRequest.java:80) ~[spring-web-7.0.8.jar:7.0.8]
	at org.springframework.web.client.DefaultRestClient$DefaultRequestBodyUriSpec.exchangeInternal(DefaultRestClient.java:614) ~[spring-web-7.0.8.jar:7.0.8]
	... 71 common frames omitted

2026-08-31T19:37:09.320+05:30  WARN 31356 --- [FoodServiceApp] [restartedMain] c.n.d.s.t.d.RetryableEurekaHttpClient    : Request execution failed with message: I/O error on GET request for "http://localhost:8761/eureka/apps/": Connect to http://localhost:8761 failed: Connection refused: getsockopt
2026-08-31T19:37:09.320+05:30  INFO 31356 --- [FoodServiceApp] [restartedMain] com.netflix.discovery.DiscoveryClient    : DiscoveryClient_FOODSERVICEAPP/localhost:FoodServiceApp:9091 - was unable to refresh its cache! This periodic background refresh will be retried in 30 seconds. status = Cannot execute request on any known server

com.netflix.discovery.shared.transport.TransportException: Cannot execute request on any known server
	at com.netflix.discovery.shared.transport.decorator.RetryableEurekaHttpClient.execute(RetryableEurekaHttpClient.java:112) ~[eureka-client-2.0.6.jar:2.0.6]
	at com.netflix.discovery.shared.transport.decorator.EurekaHttpClientDecorator.getApplications(EurekaHttpClientDecorator.java:134) ~[eureka-client-2.0.6.jar:2.0.6]
	at com.netflix.discovery.shared.transport.decorator.EurekaHttpClientDecorator$6.execute(EurekaHttpClientDecorator.java:137) ~[eureka-client-2.0.6.jar:2.0.6]
	at com.netflix.discovery.shared.transport.decorator.SessionedEurekaHttpClient.execute(SessionedEurekaHttpClient.java:76) ~[eureka-client-2.0.6.jar:2.0.6]
	at com.netflix.discovery.shared.transport.decorator.EurekaHttpClientDecorator.getApplications(EurekaHttpClientDecorator.java:134) ~[eureka-client-2.0.6.jar:2.0.6]
	at com.netflix.discovery.DiscoveryClient.getAndStoreFullRegistry(DiscoveryClient.java:1061) ~[eureka-client-2.0.6.jar:2.0.6]
	at com.netflix.discovery.DiscoveryClient.fetchRegistry(DiscoveryClient.java:976) ~[eureka-client-2.0.6.jar:2.0.6]
	at com.netflix.discovery.DiscoveryClient.<init>(DiscoveryClient.java:419) ~[eureka-client-2.0.6.jar:2.0.6]
	at com.netflix.discovery.DiscoveryClient.<init>(DiscoveryClient.java:254) ~[eureka-client-2.0.6.jar:2.0.6]
	at com.netflix.discovery.DiscoveryClient.<init>(DiscoveryClient.java:249) ~[eureka-client-2.0.6.jar:2.0.6]
	at org.springframework.cloud.netflix.eureka.CloudEurekaClient.<init>(CloudEurekaClient.java:68) ~[spring-cloud-netflix-eureka-client-5.0.2.jar:5.0.2]
	at org.springframework.cloud.netflix.eureka.EurekaClientAutoConfiguration$RefreshableEurekaClientConfiguration.eurekaClient(EurekaClientAutoConfiguration.java:324) ~[spring-cloud-netflix-eureka-client-5.0.2.jar:5.0.2]
	at java.base/jdk.internal.reflect.DirectMethodHandleAccessor.invoke(DirectMethodHandleAccessor.java:103) ~[na:na]
	at java.base/java.lang.reflect.Method.invoke(Method.java:580) ~[na:na]
	at org.springframework.beans.factory.support.SimpleInstantiationStrategy.lambda$instantiate$0(SimpleInstantiationStrategy.java:155) ~[spring-beans-7.0.8.jar:7.0.8]
	at org.springframework.beans.factory.support.SimpleInstantiationStrategy.instantiateWithFactoryMethod(SimpleInstantiationStrategy.java:72) ~[spring-beans-7.0.8.jar:7.0.8]
	at org.springframework.beans.factory.support.SimpleInstantiationStrategy.instantiate(SimpleInstantiationStrategy.java:152) ~[spring-beans-7.0.8.jar:7.0.8]
	at org.springframework.beans.factory.support.ConstructorResolver.instantiate(ConstructorResolver.java:653) ~[spring-beans-7.0.8.jar:7.0.8]
	at org.springframework.beans.factory.support.ConstructorResolver.instantiateUsingFactoryMethod(ConstructorResolver.java:645) ~[spring-beans-7.0.8.jar:7.0.8]
	at org.springframework.beans.factory.support.AbstractAutowireCapableBeanFactory.instantiateUsingFactoryMethod(AbstractAutowireCapableBeanFactory.java:1360) ~[spring-beans-7.0.8.jar:7.0.8]
	at org.springframework.beans.factory.support.AbstractAutowireCapableBeanFactory.createBeanInstance(AbstractAutowireCapableBeanFactory.java:1192) ~[spring-beans-7.0.8.jar:7.0.8]
	at org.springframework.beans.factory.support.AbstractAutowireCapableBeanFactory.doCreateBean(AbstractAutowireCapableBeanFactory.java:565) ~[spring-beans-7.0.8.jar:7.0.8]
	at org.springframework.beans.factory.support.AbstractAutowireCapableBeanFactory.createBean(AbstractAutowireCapableBeanFactory.java:525) ~[spring-beans-7.0.8.jar:7.0.8]
	at org.springframework.beans.factory.support.AbstractBeanFactory.lambda$doGetBean$1(AbstractBeanFactory.java:372) ~[spring-beans-7.0.8.jar:7.0.8]
	at org.springframework.cloud.context.scope.GenericScope$BeanLifecycleWrapper.getBean(GenericScope.java:373) ~[spring-cloud-context-5.0.3.jar:5.0.3]
	at org.springframework.cloud.context.scope.GenericScope.get(GenericScope.java:177) ~[spring-cloud-context-5.0.3.jar:5.0.3]
	at org.springframework.beans.factory.support.AbstractBeanFactory.doGetBean(AbstractBeanFactory.java:369) ~[spring-beans-7.0.8.jar:7.0.8]
	at org.springframework.beans.factory.support.AbstractBeanFactory.getBean(AbstractBeanFactory.java:196) ~[spring-beans-7.0.8.jar:7.0.8]
	at org.springframework.aop.target.SimpleBeanTargetSource.getTarget(SimpleBeanTargetSource.java:35) ~[spring-aop-7.0.8.jar:7.0.8]
	at org.springframework.cloud.netflix.eureka.serviceregistry.EurekaRegistration.getTargetObject(EurekaRegistration.java:128) ~[spring-cloud-netflix-eureka-client-5.0.2.jar:5.0.2]
	at org.springframework.cloud.netflix.eureka.serviceregistry.EurekaRegistration.getEurekaClient(EurekaRegistration.java:116) ~[spring-cloud-netflix-eureka-client-5.0.2.jar:5.0.2]
	at java.base/jdk.internal.reflect.DirectMethodHandleAccessor.invoke(DirectMethodHandleAccessor.java:103) ~[na:na]
	at java.base/java.lang.reflect.Method.invoke(Method.java:580) ~[na:na]
	at org.springframework.util.ReflectionUtils.invokeMethod(ReflectionUtils.java:281) ~[spring-core-7.0.8.jar:7.0.8]
	at org.springframework.cloud.context.scope.GenericScope$LockedScopedProxyFactoryBean.invoke(GenericScope.java:480) ~[spring-cloud-context-5.0.3.jar:5.0.3]
	at org.springframework.aop.framework.ReflectiveMethodInvocation.proceed(ReflectiveMethodInvocation.java:179) ~[spring-aop-7.0.8.jar:7.0.8]
	at org.springframework.aop.framework.CglibAopProxy$DynamicAdvisedInterceptor.intercept(CglibAopProxy.java:719) ~[spring-aop-7.0.8.jar:7.0.8]
	at org.springframework.cloud.netflix.eureka.serviceregistry.EurekaRegistration$$SpringCGLIB$$0.getEurekaClient(<generated>) ~[spring-cloud-netflix-eureka-client-5.0.2.jar:na]
	at org.springframework.cloud.netflix.eureka.serviceregistry.EurekaServiceRegistry.maybeInitializeClient(EurekaServiceRegistry.java:83) ~[spring-cloud-netflix-eureka-client-5.0.2.jar:5.0.2]
	at org.springframework.cloud.netflix.eureka.serviceregistry.EurekaServiceRegistry.register(EurekaServiceRegistry.java:66) ~[spring-cloud-netflix-eureka-client-5.0.2.jar:5.0.2]
	at org.springframework.cloud.netflix.eureka.serviceregistry.EurekaAutoServiceRegistration.start(EurekaAutoServiceRegistration.java:89) ~[spring-cloud-netflix-eureka-client-5.0.2.jar:5.0.2]
	at org.springframework.context.support.DefaultLifecycleProcessor.doStart(DefaultLifecycleProcessor.java:420) ~[spring-context-7.0.8.jar:7.0.8]
	at org.springframework.context.support.DefaultLifecycleProcessor.doStart(DefaultLifecycleProcessor.java:409) ~[spring-context-7.0.8.jar:7.0.8]
	at org.springframework.context.support.DefaultLifecycleProcessor$LifecycleGroup.start(DefaultLifecycleProcessor.java:613) ~[spring-context-7.0.8.jar:7.0.8]
	at java.base/java.lang.Iterable.forEach(Iterable.java:75) ~[na:na]
	at org.springframework.context.support.DefaultLifecycleProcessor.startBeans(DefaultLifecycleProcessor.java:379) ~[spring-context-7.0.8.jar:7.0.8]
	at org.springframework.context.support.DefaultLifecycleProcessor.onRefresh(DefaultLifecycleProcessor.java:306) ~[spring-context-7.0.8.jar:7.0.8]
	at org.springframework.context.support.AbstractApplicationContext.finishRefresh(AbstractApplicationContext.java:1013) ~[spring-context-7.0.8.jar:7.0.8]
	at org.springframework.context.support.AbstractApplicationContext.refresh(AbstractApplicationContext.java:624) ~[spring-context-7.0.8.jar:7.0.8]
	at org.springframework.boot.web.server.servlet.context.ServletWebServerApplicationContext.refresh(ServletWebServerApplicationContext.java:143) ~[spring-boot-web-server-4.1.0.jar:4.1.0]
	at org.springframework.boot.SpringApplication.refresh(SpringApplication.java:756) ~[spring-boot-4.1.0.jar:4.1.0]
	at org.springframework.boot.SpringApplication.refreshContext(SpringApplication.java:445) ~[spring-boot-4.1.0.jar:4.1.0]
	at org.springframework.boot.SpringApplication.run(SpringApplication.java:321) ~[spring-boot-4.1.0.jar:4.1.0]
	at org.springframework.boot.SpringApplication.run(SpringApplication.java:1365) ~[spring-boot-4.1.0.jar:4.1.0]
	at org.springframework.boot.SpringApplication.run(SpringApplication.java:1354) ~[spring-boot-4.1.0.jar:4.1.0]
	at com.foodapp.FoodServiceApplication.main(FoodServiceApplication.java:12) ~[classes/:na]
	at java.base/jdk.internal.reflect.DirectMethodHandleAccessor.invoke(DirectMethodHandleAccessor.java:103) ~[na:na]
	at java.base/java.lang.reflect.Method.invoke(Method.java:580) ~[na:na]
	at org.springframework.boot.devtools.restart.RestartLauncher.run(RestartLauncher.java:52) ~[spring-boot-devtools-4.1.0.jar:4.1.0]

2026-08-31T19:37:09.323+05:30  INFO 31356 --- [FoodServiceApp] [restartedMain] com.netflix.discovery.DiscoveryClient    : Initial registry fetch from primary servers failed
2026-08-31T19:37:09.324+05:30  WARN 31356 --- [FoodServiceApp] [restartedMain] com.netflix.discovery.DiscoveryClient    : Using default backup registry implementation which does not do anything.
2026-08-31T19:37:09.324+05:30  INFO 31356 --- [FoodServiceApp] [restartedMain] com.netflix.discovery.DiscoveryClient    : Initial registry fetch from backup servers failed
2026-08-31T19:37:09.325+05:30  INFO 31356 --- [FoodServiceApp] [restartedMain] com.netflix.discovery.DiscoveryClient    : Starting heartbeat executor: renew interval is: 30
2026-08-31T19:37:09.327+05:30  INFO 31356 --- [FoodServiceApp] [restartedMain] c.n.discovery.InstanceInfoReplicator     : InstanceInfoReplicator onDemand update allowed rate per min is 4
2026-08-31T19:37:09.329+05:30  INFO 31356 --- [FoodServiceApp] [restartedMain] com.netflix.discovery.DiscoveryClient    : Discovery Client initialized at timestamp 1788185229328 with initial instances count: 0
2026-08-31T19:37:09.334+05:30  INFO 31356 --- [FoodServiceApp] [restartedMain] o.s.c.n.e.s.EurekaServiceRegistry        : Registering application FOODSERVICEAPP with eureka with status UP
2026-08-31T19:37:09.335+05:30  INFO 31356 --- [FoodServiceApp] [restartedMain] com.netflix.discovery.DiscoveryClient    : Saw local status change event StatusChangeEvent [timestamp=1788185229335, current=UP, previous=STARTING]
2026-08-31T19:37:09.337+05:30  INFO 31356 --- [FoodServiceApp] [DiscoveryClient-InstanceInfoReplicator-%d] com.netflix.discovery.DiscoveryClient    : DiscoveryClient_FOODSERVICEAPP/localhost:FoodServiceApp:9091: registering service...
2026-08-31T19:37:09.390+05:30  INFO 31356 --- [FoodServiceApp] [restartedMain] o.s.boot.tomcat.TomcatWebServer          : Tomcat started on port 9091 (http) with context path '/'
2026-08-31T19:37:09.391+05:30  INFO 31356 --- [FoodServiceApp] [restartedMain] .s.c.n.e.s.EurekaAutoServiceRegistration : Updating port to 9091
2026-08-31T19:37:09.489+05:30  INFO 31356 --- [FoodServiceApp] [DiscoveryClient-InstanceInfoReplicator-%d] c.n.d.s.t.d.RedirectingEurekaHttpClient  : Request execution error. endpoint=DefaultEndpoint{ serviceUrl='http://localhost:8761/eureka/}, exception=I/O error on POST request for "http://localhost:8761/eureka/apps/FOODSERVICEAPP": Connect to http://localhost:8761 failed: Connection refused: getsockopt

org.springframework.web.client.ResourceAccessException: I/O error on POST request for "http://localhost:8761/eureka/apps/FOODSERVICEAPP": Connect to http://localhost:8761 failed: Connection refused: getsockopt
	at org.springframework.web.client.DefaultRestClient$DefaultRequestBodyUriSpec.createResourceAccessException(DefaultRestClient.java:779) ~[spring-web-7.0.8.jar:7.0.8]
	at org.springframework.web.client.DefaultRestClient$DefaultRequestBodyUriSpec.exchangeInternal(DefaultRestClient.java:624) ~[spring-web-7.0.8.jar:7.0.8]
	at org.springframework.web.client.DefaultRestClient$DefaultRequestBodyUriSpec.exchange(DefaultRestClient.java:572) ~[spring-web-7.0.8.jar:7.0.8]
	at org.springframework.web.client.RestClient$RequestHeadersSpec.exchange(RestClient.java:747) ~[spring-web-7.0.8.jar:7.0.8]
	at org.springframework.web.client.DefaultRestClient$DefaultResponseSpec.executeAndExtract(DefaultRestClient.java:924) ~[spring-web-7.0.8.jar:7.0.8]
	at org.springframework.web.client.DefaultRestClient$DefaultResponseSpec.toBodilessEntity(DefaultRestClient.java:888) ~[spring-web-7.0.8.jar:7.0.8]
	at org.springframework.cloud.netflix.eureka.http.RestClientEurekaHttpClient.register(RestClientEurekaHttpClient.java:64) ~[spring-cloud-netflix-eureka-client-5.0.2.jar:5.0.2]
	at com.netflix.discovery.shared.transport.decorator.EurekaHttpClientDecorator$1.execute(EurekaHttpClientDecorator.java:59) ~[eureka-client-2.0.6.jar:2.0.6]
	at com.netflix.discovery.shared.transport.decorator.RedirectingEurekaHttpClient.executeOnNewServer(RedirectingEurekaHttpClient.java:120) ~[eureka-client-2.0.6.jar:2.0.6]
	at com.netflix.discovery.shared.transport.decorator.RedirectingEurekaHttpClient.execute(RedirectingEurekaHttpClient.java:79) ~[eureka-client-2.0.6.jar:2.0.6]
	at com.netflix.discovery.shared.transport.decorator.EurekaHttpClientDecorator.register(EurekaHttpClientDecorator.java:56) ~[eureka-client-2.0.6.jar:2.0.6]
	at com.netflix.discovery.shared.transport.decorator.EurekaHttpClientDecorator$1.execute(EurekaHttpClientDecorator.java:59) ~[eureka-client-2.0.6.jar:2.0.6]
	at com.netflix.discovery.shared.transport.decorator.RetryableEurekaHttpClient.execute(RetryableEurekaHttpClient.java:120) ~[eureka-client-2.0.6.jar:2.0.6]
	at com.netflix.discovery.shared.transport.decorator.EurekaHttpClientDecorator.register(EurekaHttpClientDecorator.java:56) ~[eureka-client-2.0.6.jar:2.0.6]
	at com.netflix.discovery.shared.transport.decorator.EurekaHttpClientDecorator$1.execute(EurekaHttpClientDecorator.java:59) ~[eureka-client-2.0.6.jar:2.0.6]
	at com.netflix.discovery.shared.transport.decorator.SessionedEurekaHttpClient.execute(SessionedEurekaHttpClient.java:76) ~[eureka-client-2.0.6.jar:2.0.6]
	at com.netflix.discovery.shared.transport.decorator.EurekaHttpClientDecorator.register(EurekaHttpClientDecorator.java:56) ~[eureka-client-2.0.6.jar:2.0.6]
	at com.netflix.discovery.DiscoveryClient.register(DiscoveryClient.java:843) ~[eureka-client-2.0.6.jar:2.0.6]
	at com.netflix.discovery.InstanceInfoReplicator.run(InstanceInfoReplicator.java:125) ~[eureka-client-2.0.6.jar:2.0.6]
	at com.netflix.discovery.InstanceInfoReplicator$2.run(InstanceInfoReplicator.java:105) ~[eureka-client-2.0.6.jar:2.0.6]
	at java.base/java.util.concurrent.Executors$RunnableAdapter.call(Executors.java:572) ~[na:na]
	at java.base/java.util.concurrent.FutureTask.run(FutureTask.java:317) ~[na:na]
	at java.base/java.util.concurrent.ScheduledThreadPoolExecutor$ScheduledFutureTask.run(ScheduledThreadPoolExecutor.java:304) ~[na:na]
	at java.base/java.util.concurrent.ThreadPoolExecutor.runWorker(ThreadPoolExecutor.java:1144) ~[na:na]
	at java.base/java.util.concurrent.ThreadPoolExecutor$Worker.run(ThreadPoolExecutor.java:642) ~[na:na]
	at java.base/java.lang.Thread.run(Thread.java:1583) ~[na:na]
Caused by: org.apache.hc.client5.http.HttpHostConnectException: Connect to http://localhost:8761 failed: Connection refused: getsockopt
	at java.base/sun.nio.ch.Net.pollConnect(Native Method) ~[na:na]
	at java.base/sun.nio.ch.Net.pollConnectNow(Net.java:682) ~[na:na]
	at java.base/sun.nio.ch.NioSocketImpl.timedFinishConnect(NioSocketImpl.java:542) ~[na:na]
	at java.base/sun.nio.ch.NioSocketImpl.connect(NioSocketImpl.java:592) ~[na:na]
	at java.base/java.net.SocksSocketImpl.connect(SocksSocketImpl.java:327) ~[na:na]
	at java.base/java.net.Socket.connect(Socket.java:751) ~[na:na]
	at org.apache.hc.client5.http.impl.io.DefaultHttpClientConnectionOperator.connect(DefaultHttpClientConnectionOperator.java:219) ~[httpclient5-5.6.1.jar:5.6.1]
	at org.apache.hc.client5.http.impl.io.PoolingHttpClientConnectionManager.connect(PoolingHttpClientConnectionManager.java:547) ~[httpclient5-5.6.1.jar:5.6.1]
	at org.apache.hc.client5.http.impl.classic.InternalExecRuntime.connectEndpoint(InternalExecRuntime.java:164) ~[httpclient5-5.6.1.jar:5.6.1]
	at org.apache.hc.client5.http.impl.classic.InternalExecRuntime.connectEndpoint(InternalExecRuntime.java:174) ~[httpclient5-5.6.1.jar:5.6.1]
	at org.apache.hc.client5.http.impl.classic.ConnectExec.execute(ConnectExec.java:144) ~[httpclient5-5.6.1.jar:5.6.1]
	at org.apache.hc.client5.http.impl.classic.ExecChainElement.execute(ExecChainElement.java:51) ~[httpclient5-5.6.1.jar:5.6.1]
	at org.apache.hc.client5.http.impl.classic.ProtocolExec.execute(ProtocolExec.java:192) ~[httpclient5-5.6.1.jar:5.6.1]
	at org.apache.hc.client5.http.impl.classic.ExecChainElement.execute(ExecChainElement.java:51) ~[httpclient5-5.6.1.jar:5.6.1]
	at org.apache.hc.client5.http.impl.classic.ContentCompressionExec.execute(ContentCompressionExec.java:138) ~[httpclient5-5.6.1.jar:5.6.1]
	at org.apache.hc.client5.http.impl.classic.ExecChainElement.execute(ExecChainElement.java:51) ~[httpclient5-5.6.1.jar:5.6.1]
	at org.apache.hc.client5.http.impl.classic.HttpRequestRetryExec.execute(HttpRequestRetryExec.java:112) ~[httpclient5-5.6.1.jar:5.6.1]
	at org.apache.hc.client5.http.impl.classic.ExecChainElement.execute(ExecChainElement.java:51) ~[httpclient5-5.6.1.jar:5.6.1]
	at org.apache.hc.client5.http.impl.classic.RedirectExec.execute(RedirectExec.java:110) ~[httpclient5-5.6.1.jar:5.6.1]
	at org.apache.hc.client5.http.impl.classic.ExecChainElement.execute(ExecChainElement.java:51) ~[httpclient5-5.6.1.jar:5.6.1]
	at org.apache.hc.client5.http.impl.classic.InternalHttpClient.doExecute(InternalHttpClient.java:185) ~[httpclient5-5.6.1.jar:5.6.1]
	at org.apache.hc.client5.http.impl.classic.CloseableHttpClient.execute(CloseableHttpClient.java:87) ~[httpclient5-5.6.1.jar:5.6.1]
	at org.apache.hc.client5.http.impl.classic.CloseableHttpClient.execute(CloseableHttpClient.java:55) ~[httpclient5-5.6.1.jar:5.6.1]
	at org.apache.hc.client5.http.classic.HttpClient.executeOpen(HttpClient.java:183) ~[httpclient5-5.6.1.jar:5.6.1]
	at org.springframework.http.client.HttpComponentsClientHttpRequest.executeInternal(HttpComponentsClientHttpRequest.java:99) ~[spring-web-7.0.8.jar:7.0.8]
	at org.springframework.http.client.AbstractStreamingClientHttpRequest.executeInternal(AbstractStreamingClientHttpRequest.java:87) ~[spring-web-7.0.8.jar:7.0.8]
	at org.springframework.http.client.AbstractClientHttpRequest.execute(AbstractClientHttpRequest.java:80) ~[spring-web-7.0.8.jar:7.0.8]
	at org.springframework.http.client.AbstractBufferingClientHttpRequest.executeWithRequestAndBody(AbstractBufferingClientHttpRequest.java:89) ~[spring-web-7.0.8.jar:7.0.8]
	at org.springframework.http.client.InterceptingClientHttpRequest$EndOfChainRequestExecution.execute(InterceptingClientHttpRequest.java:102) ~[spring-web-7.0.8.jar:7.0.8]
	at org.springframework.cloud.netflix.eureka.http.RestClientTransportClientFactory.lambda$newClient$2(RestClientTransportClientFactory.java:98) ~[spring-cloud-netflix-eureka-client-5.0.2.jar:5.0.2]
	at org.springframework.http.client.ClientHttpRequestInterceptor.lambda$apply$0(ClientHttpRequestInterceptor.java:89) ~[spring-web-7.0.8.jar:7.0.8]
	at org.springframework.http.client.InterceptingClientHttpRequest.executeInternal(InterceptingClientHttpRequest.java:73) ~[spring-web-7.0.8.jar:7.0.8]
	at org.springframework.http.client.AbstractBufferingClientHttpRequest.executeInternal(AbstractBufferingClientHttpRequest.java:50) ~[spring-web-7.0.8.jar:7.0.8]
	at org.springframework.http.client.AbstractClientHttpRequest.execute(AbstractClientHttpRequest.java:80) ~[spring-web-7.0.8.jar:7.0.8]
	at org.springframework.web.client.DefaultRestClient$DefaultRequestBodyUriSpec.exchangeInternal(DefaultRestClient.java:614) ~[spring-web-7.0.8.jar:7.0.8]
	... 24 common frames omitted

2026-08-31T19:37:09.493+05:30  WARN 31356 --- [FoodServiceApp] [DiscoveryClient-InstanceInfoReplicator-%d] c.n.d.s.t.d.RetryableEurekaHttpClient    : Request execution failed with message: I/O error on POST request for "http://localhost:8761/eureka/apps/FOODSERVICEAPP": Connect to http://localhost:8761 failed: Connection refused: getsockopt
2026-08-31T19:37:09.493+05:30  WARN 31356 --- [FoodServiceApp] [DiscoveryClient-InstanceInfoReplicator-%d] com.netflix.discovery.DiscoveryClient    : DiscoveryClient_FOODSERVICEAPP/localhost:FoodServiceApp:9091 - registration failed Cannot execute request on any known server

com.netflix.discovery.shared.transport.TransportException: Cannot execute request on any known server
	at com.netflix.discovery.shared.transport.decorator.RetryableEurekaHttpClient.execute(RetryableEurekaHttpClient.java:112) ~[eureka-client-2.0.6.jar:2.0.6]
	at com.netflix.discovery.shared.transport.decorator.EurekaHttpClientDecorator.register(EurekaHttpClientDecorator.java:56) ~[eureka-client-2.0.6.jar:2.0.6]
	at com.netflix.discovery.shared.transport.decorator.EurekaHttpClientDecorator$1.execute(EurekaHttpClientDecorator.java:59) ~[eureka-client-2.0.6.jar:2.0.6]
	at com.netflix.discovery.shared.transport.decorator.SessionedEurekaHttpClient.execute(SessionedEurekaHttpClient.java:76) ~[eureka-client-2.0.6.jar:2.0.6]
	at com.netflix.discovery.shared.transport.decorator.EurekaHttpClientDecorator.register(EurekaHttpClientDecorator.java:56) ~[eureka-client-2.0.6.jar:2.0.6]
	at com.netflix.discovery.DiscoveryClient.register(DiscoveryClient.java:843) ~[eureka-client-2.0.6.jar:2.0.6]
	at com.netflix.discovery.InstanceInfoReplicator.run(InstanceInfoReplicator.java:125) ~[eureka-client-2.0.6.jar:2.0.6]
	at com.netflix.discovery.InstanceInfoReplicator$2.run(InstanceInfoReplicator.java:105) ~[eureka-client-2.0.6.jar:2.0.6]
	at java.base/java.util.concurrent.Executors$RunnableAdapter.call(Executors.java:572) ~[na:na]
	at java.base/java.util.concurrent.FutureTask.run(FutureTask.java:317) ~[na:na]
	at java.base/java.util.concurrent.ScheduledThreadPoolExecutor$ScheduledFutureTask.run(ScheduledThreadPoolExecutor.java:304) ~[na:na]
	at java.base/java.util.concurrent.ThreadPoolExecutor.runWorker(ThreadPoolExecutor.java:1144) ~[na:na]
	at java.base/java.util.concurrent.ThreadPoolExecutor$Worker.run(ThreadPoolExecutor.java:642) ~[na:na]
	at java.base/java.lang.Thread.run(Thread.java:1583) ~[na:na]

2026-08-31T19:37:09.495+05:30  WARN 31356 --- [FoodServiceApp] [DiscoveryClient-InstanceInfoReplicator-%d] c.n.discovery.InstanceInfoReplicator     : There was a problem with the instance info replicator

com.netflix.discovery.shared.transport.TransportException: Cannot execute request on any known server
	at com.netflix.discovery.shared.transport.decorator.RetryableEurekaHttpClient.execute(RetryableEurekaHttpClient.java:112) ~[eureka-client-2.0.6.jar:2.0.6]
	at com.netflix.discovery.shared.transport.decorator.EurekaHttpClientDecorator.register(EurekaHttpClientDecorator.java:56) ~[eureka-client-2.0.6.jar:2.0.6]
	at com.netflix.discovery.shared.transport.decorator.EurekaHttpClientDecorator$1.execute(EurekaHttpClientDecorator.java:59) ~[eureka-client-2.0.6.jar:2.0.6]
	at com.netflix.discovery.shared.transport.decorator.SessionedEurekaHttpClient.execute(SessionedEurekaHttpClient.java:76) ~[eureka-client-2.0.6.jar:2.0.6]
	at com.netflix.discovery.shared.transport.decorator.EurekaHttpClientDecorator.register(EurekaHttpClientDecorator.java:56) ~[eureka-client-2.0.6.jar:2.0.6]
	at com.netflix.discovery.DiscoveryClient.register(DiscoveryClient.java:843) ~[eureka-client-2.0.6.jar:2.0.6]
	at com.netflix.discovery.InstanceInfoReplicator.run(InstanceInfoReplicator.java:125) ~[eureka-client-2.0.6.jar:2.0.6]
	at com.netflix.discovery.InstanceInfoReplicator$2.run(InstanceInfoReplicator.java:105) ~[eureka-client-2.0.6.jar:2.0.6]
	at java.base/java.util.concurrent.Executors$RunnableAdapter.call(Executors.java:572) ~[na:na]
	at java.base/java.util.concurrent.FutureTask.run(FutureTask.java:317) ~[na:na]
	at java.base/java.util.concurrent.ScheduledThreadPoolExecutor$ScheduledFutureTask.run(ScheduledThreadPoolExecutor.java:304) ~[na:na]
	at java.base/java.util.concurrent.ThreadPoolExecutor.runWorker(ThreadPoolExecutor.java:1144) ~[na:na]
	at java.base/java.util.concurrent.ThreadPoolExecutor$Worker.run(ThreadPoolExecutor.java:642) ~[na:na]
	at java.base/java.lang.Thread.run(Thread.java:1583) ~[na:na]

2026-08-31T19:37:10.289+05:30  INFO 31356 --- [FoodServiceApp] [restartedMain] com.foodapp.FoodServiceApplication       : Started FoodServiceApplication in 12.747 seconds (process running for 14.237)
2026-08-31T19:37:39.332+05:30  INFO 31356 --- [FoodServiceApp] [DiscoveryClient-CacheRefreshExecutor-%d] com.netflix.discovery.DiscoveryClient    : Disable delta property : false
2026-08-31T19:37:39.333+05:30  INFO 31356 --- [FoodServiceApp] [DiscoveryClient-CacheRefreshExecutor-%d] com.netflix.discovery.DiscoveryClient    : Single vip registry refresh property : null
2026-08-31T19:37:39.335+05:30  INFO 31356 --- [FoodServiceApp] [DiscoveryClient-CacheRefreshExecutor-%d] com.netflix.discovery.DiscoveryClient    : Force full registry fetch : false
2026-08-31T19:37:39.336+05:30  INFO 31356 --- [FoodServiceApp] [DiscoveryClient-CacheRefreshExecutor-%d] com.netflix.discovery.DiscoveryClient    : Application is null : false
2026-08-31T19:37:39.337+05:30  INFO 31356 --- [FoodServiceApp] [DiscoveryClient-CacheRefreshExecutor-%d] com.netflix.discovery.DiscoveryClient    : Registered Applications size is zero : true
2026-08-31T19:37:39.338+05:30  INFO 31356 --- [FoodServiceApp] [DiscoveryClient-CacheRefreshExecutor-%d] com.netflix.discovery.DiscoveryClient    : Application version is -1: true
2026-08-31T19:37:39.339+05:30  INFO 31356 --- [FoodServiceApp] [DiscoveryClient-CacheRefreshExecutor-%d] com.netflix.discovery.DiscoveryClient    : Getting all instance registry info from the eureka server
2026-08-31T19:37:39.354+05:30  INFO 31356 --- [FoodServiceApp] [DiscoveryClient-CacheRefreshExecutor-%d] c.n.d.s.t.d.RedirectingEurekaHttpClient  : Request execution error. endpoint=DefaultEndpoint{ serviceUrl='http://localhost:8761/eureka/}, exception=I/O error on GET request for "http://localhost:8761/eureka/apps/": Connect to http://localhost:8761 failed: Connection refused: getsockopt

org.springframework.web.client.ResourceAccessException: I/O error on GET request for "http://localhost:8761/eureka/apps/": Connect to http://localhost:8761 failed: Connection refused: getsockopt
	at org.springframework.web.client.DefaultRestClient$DefaultRequestBodyUriSpec.createResourceAccessException(DefaultRestClient.java:779) ~[spring-web-7.0.8.jar:7.0.8]
	at org.springframework.web.client.DefaultRestClient$DefaultRequestBodyUriSpec.exchangeInternal(DefaultRestClient.java:624) ~[spring-web-7.0.8.jar:7.0.8]
	at org.springframework.web.client.DefaultRestClient$DefaultRequestBodyUriSpec.exchange(DefaultRestClient.java:572) ~[spring-web-7.0.8.jar:7.0.8]
	at org.springframework.web.client.RestClient$RequestHeadersSpec.exchange(RestClient.java:747) ~[spring-web-7.0.8.jar:7.0.8]
	at org.springframework.web.client.DefaultRestClient$DefaultResponseSpec.executeAndExtract(DefaultRestClient.java:924) ~[spring-web-7.0.8.jar:7.0.8]
	at org.springframework.web.client.DefaultRestClient$DefaultResponseSpec.toEntityInternal(DefaultRestClient.java:870) ~[spring-web-7.0.8.jar:7.0.8]
	at org.springframework.web.client.DefaultRestClient$DefaultResponseSpec.toEntity(DefaultRestClient.java:859) ~[spring-web-7.0.8.jar:7.0.8]
	at org.springframework.cloud.netflix.eureka.http.RestClientEurekaHttpClient.getApplicationsInternal(RestClientEurekaHttpClient.java:201) ~[spring-cloud-netflix-eureka-client-5.0.2.jar:5.0.2]
	at org.springframework.cloud.netflix.eureka.http.RestClientEurekaHttpClient.getApplications(RestClientEurekaHttpClient.java:137) ~[spring-cloud-netflix-eureka-client-5.0.2.jar:5.0.2]
	at com.netflix.discovery.shared.transport.decorator.EurekaHttpClientDecorator$6.execute(EurekaHttpClientDecorator.java:137) ~[eureka-client-2.0.6.jar:2.0.6]
	at com.netflix.discovery.shared.transport.decorator.RedirectingEurekaHttpClient.executeOnNewServer(RedirectingEurekaHttpClient.java:120) ~[eureka-client-2.0.6.jar:2.0.6]
	at com.netflix.discovery.shared.transport.decorator.RedirectingEurekaHttpClient.execute(RedirectingEurekaHttpClient.java:79) ~[eureka-client-2.0.6.jar:2.0.6]
	at com.netflix.discovery.shared.transport.decorator.EurekaHttpClientDecorator.getApplications(EurekaHttpClientDecorator.java:134) ~[eureka-client-2.0.6.jar:2.0.6]
	at com.netflix.discovery.shared.transport.decorator.EurekaHttpClientDecorator$6.execute(EurekaHttpClientDecorator.java:137) ~[eureka-client-2.0.6.jar:2.0.6]
	at com.netflix.discovery.shared.transport.decorator.RetryableEurekaHttpClient.execute(RetryableEurekaHttpClient.java:120) ~[eureka-client-2.0.6.jar:2.0.6]
	at com.netflix.discovery.shared.transport.decorator.EurekaHttpClientDecorator.getApplications(EurekaHttpClientDecorator.java:134) ~[eureka-client-2.0.6.jar:2.0.6]
	at com.netflix.discovery.shared.transport.decorator.EurekaHttpClientDecorator$6.execute(EurekaHttpClientDecorator.java:137) ~[eureka-client-2.0.6.jar:2.0.6]
	at com.netflix.discovery.shared.transport.decorator.SessionedEurekaHttpClient.execute(SessionedEurekaHttpClient.java:76) ~[eureka-client-2.0.6.jar:2.0.6]
	at com.netflix.discovery.shared.transport.decorator.EurekaHttpClientDecorator.getApplications(EurekaHttpClientDecorator.java:134) ~[eureka-client-2.0.6.jar:2.0.6]
	at com.netflix.discovery.DiscoveryClient.getAndStoreFullRegistry(DiscoveryClient.java:1061) ~[eureka-client-2.0.6.jar:2.0.6]
	at com.netflix.discovery.DiscoveryClient.fetchRegistry(DiscoveryClient.java:976) ~[eureka-client-2.0.6.jar:2.0.6]
	at com.netflix.discovery.DiscoveryClient.refreshRegistry(DiscoveryClient.java:1489) ~[eureka-client-2.0.6.jar:2.0.6]
	at com.netflix.discovery.DiscoveryClient$CacheRefreshThread.run(DiscoveryClient.java:1457) ~[eureka-client-2.0.6.jar:2.0.6]
	at java.base/java.util.concurrent.Executors$RunnableAdapter.call(Executors.java:572) ~[na:na]
	at java.base/java.util.concurrent.FutureTask.run(FutureTask.java:317) ~[na:na]
	at java.base/java.util.concurrent.ThreadPoolExecutor.runWorker(ThreadPoolExecutor.java:1144) ~[na:na]
	at java.base/java.util.concurrent.ThreadPoolExecutor$Worker.run(ThreadPoolExecutor.java:642) ~[na:na]
	at java.base/java.lang.Thread.run(Thread.java:1583) ~[na:na]
Caused by: org.apache.hc.client5.http.HttpHostConnectException: Connect to http://localhost:8761 failed: Connection refused: getsockopt
	at java.base/sun.nio.ch.Net.pollConnect(Native Method) ~[na:na]
	at java.base/sun.nio.ch.Net.pollConnectNow(Net.java:682) ~[na:na]
	at java.base/sun.nio.ch.NioSocketImpl.timedFinishConnect(NioSocketImpl.java:542) ~[na:na]
	at java.base/sun.nio.ch.NioSocketImpl.connect(NioSocketImpl.java:592) ~[na:na]
	at java.base/java.net.SocksSocketImpl.connect(SocksSocketImpl.java:327) ~[na:na]
	at java.base/java.net.Socket.connect(Socket.java:751) ~[na:na]
	at org.apache.hc.client5.http.impl.io.DefaultHttpClientConnectionOperator.connect(DefaultHttpClientConnectionOperator.java:219) ~[httpclient5-5.6.1.jar:5.6.1]
	at org.apache.hc.client5.http.impl.io.PoolingHttpClientConnectionManager.connect(PoolingHttpClientConnectionManager.java:547) ~[httpclient5-5.6.1.jar:5.6.1]
	at org.apache.hc.client5.http.impl.classic.InternalExecRuntime.connectEndpoint(InternalExecRuntime.java:164) ~[httpclient5-5.6.1.jar:5.6.1]
	at org.apache.hc.client5.http.impl.classic.InternalExecRuntime.connectEndpoint(InternalExecRuntime.java:174) ~[httpclient5-5.6.1.jar:5.6.1]
	at org.apache.hc.client5.http.impl.classic.ConnectExec.execute(ConnectExec.java:144) ~[httpclient5-5.6.1.jar:5.6.1]
	at org.apache.hc.client5.http.impl.classic.ExecChainElement.execute(ExecChainElement.java:51) ~[httpclient5-5.6.1.jar:5.6.1]
	at org.apache.hc.client5.http.impl.classic.ProtocolExec.execute(ProtocolExec.java:192) ~[httpclient5-5.6.1.jar:5.6.1]
	at org.apache.hc.client5.http.impl.classic.ExecChainElement.execute(ExecChainElement.java:51) ~[httpclient5-5.6.1.jar:5.6.1]
	at org.apache.hc.client5.http.impl.classic.ContentCompressionExec.execute(ContentCompressionExec.java:138) ~[httpclient5-5.6.1.jar:5.6.1]
	at org.apache.hc.client5.http.impl.classic.ExecChainElement.execute(ExecChainElement.java:51) ~[httpclient5-5.6.1.jar:5.6.1]
	at org.apache.hc.client5.http.impl.classic.HttpRequestRetryExec.execute(HttpRequestRetryExec.java:112) ~[httpclient5-5.6.1.jar:5.6.1]
	at org.apache.hc.client5.http.impl.classic.ExecChainElement.execute(ExecChainElement.java:51) ~[httpclient5-5.6.1.jar:5.6.1]
	at org.apache.hc.client5.http.impl.classic.RedirectExec.execute(RedirectExec.java:110) ~[httpclient5-5.6.1.jar:5.6.1]
	at org.apache.hc.client5.http.impl.classic.ExecChainElement.execute(ExecChainElement.java:51) ~[httpclient5-5.6.1.jar:5.6.1]
	at org.apache.hc.client5.http.impl.classic.InternalHttpClient.doExecute(InternalHttpClient.java:185) ~[httpclient5-5.6.1.jar:5.6.1]
	at org.apache.hc.client5.http.impl.classic.CloseableHttpClient.execute(CloseableHttpClient.java:87) ~[httpclient5-5.6.1.jar:5.6.1]
	at org.apache.hc.client5.http.impl.classic.CloseableHttpClient.execute(CloseableHttpClient.java:55) ~[httpclient5-5.6.1.jar:5.6.1]
	at org.apache.hc.client5.http.classic.HttpClient.executeOpen(HttpClient.java:183) ~[httpclient5-5.6.1.jar:5.6.1]
	at org.springframework.http.client.HttpComponentsClientHttpRequest.executeInternal(HttpComponentsClientHttpRequest.java:99) ~[spring-web-7.0.8.jar:7.0.8]
	at org.springframework.http.client.AbstractStreamingClientHttpRequest.executeInternal(AbstractStreamingClientHttpRequest.java:87) ~[spring-web-7.0.8.jar:7.0.8]
	at org.springframework.http.client.AbstractClientHttpRequest.execute(AbstractClientHttpRequest.java:80) ~[spring-web-7.0.8.jar:7.0.8]
	at org.springframework.http.client.AbstractBufferingClientHttpRequest.executeWithRequestAndBody(AbstractBufferingClientHttpRequest.java:89) ~[spring-web-7.0.8.jar:7.0.8]
	at org.springframework.http.client.InterceptingClientHttpRequest$EndOfChainRequestExecution.execute(InterceptingClientHttpRequest.java:102) ~[spring-web-7.0.8.jar:7.0.8]
	at org.springframework.cloud.netflix.eureka.http.RestClientTransportClientFactory.lambda$newClient$2(RestClientTransportClientFactory.java:98) ~[spring-cloud-netflix-eureka-client-5.0.2.jar:5.0.2]
	at org.springframework.http.client.ClientHttpRequestInterceptor.lambda$apply$0(ClientHttpRequestInterceptor.java:89) ~[spring-web-7.0.8.jar:7.0.8]
	at org.springframework.http.client.InterceptingClientHttpRequest.executeInternal(InterceptingClientHttpRequest.java:73) ~[spring-web-7.0.8.jar:7.0.8]
	at org.springframework.http.client.AbstractBufferingClientHttpRequest.executeInternal(AbstractBufferingClientHttpRequest.java:50) ~[spring-web-7.0.8.jar:7.0.8]
	at org.springframework.http.client.AbstractClientHttpRequest.execute(AbstractClientHttpRequest.java:80) ~[spring-web-7.0.8.jar:7.0.8]
	at org.springframework.web.client.DefaultRestClient$DefaultRequestBodyUriSpec.exchangeInternal(DefaultRestClient.java:614) ~[spring-web-7.0.8.jar:7.0.8]
	... 26 common frames omitted

2026-08-31T19:37:39.360+05:30  WARN 31356 --- [FoodServiceApp] [DiscoveryClient-CacheRefreshExecutor-%d] c.n.d.s.t.d.RetryableEurekaHttpClient    : Request execution failed with message: I/O error on GET request for "http://localhost:8761/eureka/apps/": Connect to http://localhost:8761 failed: Connection refused: getsockopt
2026-08-31T19:37:39.361+05:30  INFO 31356 --- [FoodServiceApp] [DiscoveryClient-CacheRefreshExecutor-%d] com.netflix.discovery.DiscoveryClient    : DiscoveryClient_FOODSERVICEAPP/localhost:FoodServiceApp:9091 - was unable to refresh its cache! This periodic background refresh will be retried in 30 seconds. status = Cannot execute request on any known server

com.netflix.discovery.shared.transport.TransportException: Cannot execute request on any known server
	at com.netflix.discovery.shared.transport.decorator.RetryableEurekaHttpClient.execute(RetryableEurekaHttpClient.java:112) ~[eureka-client-2.0.6.jar:2.0.6]
	at com.netflix.discovery.shared.transport.decorator.EurekaHttpClientDecorator.getApplications(EurekaHttpClientDecorator.java:134) ~[eureka-client-2.0.6.jar:2.0.6]
	at com.netflix.discovery.shared.transport.decorator.EurekaHttpClientDecorator$6.execute(EurekaHttpClientDecorator.java:137) ~[eureka-client-2.0.6.jar:2.0.6]
	at com.netflix.discovery.shared.transport.decorator.SessionedEurekaHttpClient.execute(SessionedEurekaHttpClient.java:76) ~[eureka-client-2.0.6.jar:2.0.6]
	at com.netflix.discovery.shared.transport.decorator.EurekaHttpClientDecorator.getApplications(EurekaHttpClientDecorator.java:134) ~[eureka-client-2.0.6.jar:2.0.6]
	at com.netflix.discovery.DiscoveryClient.getAndStoreFullRegistry(DiscoveryClient.java:1061) ~[eureka-client-2.0.6.jar:2.0.6]
	at com.netflix.discovery.DiscoveryClient.fetchRegistry(DiscoveryClient.java:976) ~[eureka-client-2.0.6.jar:2.0.6]
	at com.netflix.discovery.DiscoveryClient.refreshRegistry(DiscoveryClient.java:1489) ~[eureka-client-2.0.6.jar:2.0.6]
	at com.netflix.discovery.DiscoveryClient$CacheRefreshThread.run(DiscoveryClient.java:1457) ~[eureka-client-2.0.6.jar:2.0.6]
	at java.base/java.util.concurrent.Executors$RunnableAdapter.call(Executors.java:572) ~[na:na]
	at java.base/java.util.concurrent.FutureTask.run(FutureTask.java:317) ~[na:na]
	at java.base/java.util.concurrent.ThreadPoolExecutor.runWorker(ThreadPoolExecutor.java:1144) ~[na:na]
	at java.base/java.util.concurrent.ThreadPoolExecutor$Worker.run(ThreadPoolExecutor.java:642) ~[na:na]
	at java.base/java.lang.Thread.run(Thread.java:1583) ~[na:na]

2026-08-31T19:37:39.377+05:30  INFO 31356 --- [FoodServiceApp] [DiscoveryClient-HeartbeatExecutor-%d] c.n.d.s.t.d.RedirectingEurekaHttpClient  : Request execution error. endpoint=DefaultEndpoint{ serviceUrl='http://localhost:8761/eureka/}, exception=I/O error on PUT request for "http://localhost:8761/eureka/apps/FOODSERVICEAPP/localhost:FoodServiceApp:9091": Connect to http://localhost:8761 failed: Connection refused: getsockopt

org.springframework.web.client.ResourceAccessException: I/O error on PUT request for "http://localhost:8761/eureka/apps/FOODSERVICEAPP/localhost:FoodServiceApp:9091": Connect to http://localhost:8761 failed: Connection refused: getsockopt
	at org.springframework.web.client.DefaultRestClient$DefaultRequestBodyUriSpec.createResourceAccessException(DefaultRestClient.java:779) ~[spring-web-7.0.8.jar:7.0.8]
	at org.springframework.web.client.DefaultRestClient$DefaultRequestBodyUriSpec.exchangeInternal(DefaultRestClient.java:624) ~[spring-web-7.0.8.jar:7.0.8]
	at org.springframework.web.client.DefaultRestClient$DefaultRequestBodyUriSpec.exchange(DefaultRestClient.java:572) ~[spring-web-7.0.8.jar:7.0.8]
	at org.springframework.web.client.RestClient$RequestHeadersSpec.exchange(RestClient.java:747) ~[spring-web-7.0.8.jar:7.0.8]
	at org.springframework.web.client.DefaultRestClient$DefaultResponseSpec.executeAndExtract(DefaultRestClient.java:924) ~[spring-web-7.0.8.jar:7.0.8]
	at org.springframework.web.client.DefaultRestClient$DefaultResponseSpec.toEntityInternal(DefaultRestClient.java:870) ~[spring-web-7.0.8.jar:7.0.8]
	at org.springframework.web.client.DefaultRestClient$DefaultResponseSpec.toEntity(DefaultRestClient.java:859) ~[spring-web-7.0.8.jar:7.0.8]
	at org.springframework.cloud.netflix.eureka.http.RestClientEurekaHttpClient.sendHeartBeat(RestClientEurekaHttpClient.java:91) ~[spring-cloud-netflix-eureka-client-5.0.2.jar:5.0.2]
	at com.netflix.discovery.shared.transport.decorator.EurekaHttpClientDecorator$3.execute(EurekaHttpClientDecorator.java:92) ~[eureka-client-2.0.6.jar:2.0.6]
	at com.netflix.discovery.shared.transport.decorator.RedirectingEurekaHttpClient.executeOnNewServer(RedirectingEurekaHttpClient.java:120) ~[eureka-client-2.0.6.jar:2.0.6]
	at com.netflix.discovery.shared.transport.decorator.RedirectingEurekaHttpClient.execute(RedirectingEurekaHttpClient.java:79) ~[eureka-client-2.0.6.jar:2.0.6]
	at com.netflix.discovery.shared.transport.decorator.EurekaHttpClientDecorator.sendHeartBeat(EurekaHttpClientDecorator.java:89) ~[eureka-client-2.0.6.jar:2.0.6]
	at com.netflix.discovery.shared.transport.decorator.EurekaHttpClientDecorator$3.execute(EurekaHttpClientDecorator.java:92) ~[eureka-client-2.0.6.jar:2.0.6]
	at com.netflix.discovery.shared.transport.decorator.RetryableEurekaHttpClient.execute(RetryableEurekaHttpClient.java:120) ~[eureka-client-2.0.6.jar:2.0.6]
	at com.netflix.discovery.shared.transport.decorator.EurekaHttpClientDecorator.sendHeartBeat(EurekaHttpClientDecorator.java:89) ~[eureka-client-2.0.6.jar:2.0.6]
	at com.netflix.discovery.shared.transport.decorator.EurekaHttpClientDecorator$3.execute(EurekaHttpClientDecorator.java:92) ~[eureka-client-2.0.6.jar:2.0.6]
	at com.netflix.discovery.shared.transport.decorator.SessionedEurekaHttpClient.execute(SessionedEurekaHttpClient.java:76) ~[eureka-client-2.0.6.jar:2.0.6]
	at com.netflix.discovery.shared.transport.decorator.EurekaHttpClientDecorator.sendHeartBeat(EurekaHttpClientDecorator.java:89) ~[eureka-client-2.0.6.jar:2.0.6]
	at com.netflix.discovery.DiscoveryClient.renew(DiscoveryClient.java:860) ~[eureka-client-2.0.6.jar:2.0.6]
	at com.netflix.discovery.DiscoveryClient$HeartbeatThread.run(DiscoveryClient.java:1418) ~[eureka-client-2.0.6.jar:2.0.6]
	at java.base/java.util.concurrent.Executors$RunnableAdapter.call(Executors.java:572) ~[na:na]
	at java.base/java.util.concurrent.FutureTask.run(FutureTask.java:317) ~[na:na]
	at java.base/java.util.concurrent.ThreadPoolExecutor.runWorker(ThreadPoolExecutor.java:1144) ~[na:na]
	at java.base/java.util.concurrent.ThreadPoolExecutor$Worker.run(ThreadPoolExecutor.java:642) ~[na:na]
	at java.base/java.lang.Thread.run(Thread.java:1583) ~[na:na]
Caused by: org.apache.hc.client5.http.HttpHostConnectException: Connect to http://localhost:8761 failed: Connection refused: getsockopt
	at java.base/sun.nio.ch.Net.pollConnect(Native Method) ~[na:na]
	at java.base/sun.nio.ch.Net.pollConnectNow(Net.java:682) ~[na:na]
	at java.base/sun.nio.ch.NioSocketImpl.timedFinishConnect(NioSocketImpl.java:542) ~[na:na]
	at java.base/sun.nio.ch.NioSocketImpl.connect(NioSocketImpl.java:592) ~[na:na]
	at java.base/java.net.SocksSocketImpl.connect(SocksSocketImpl.java:327) ~[na:na]
	at java.base/java.net.Socket.connect(Socket.java:751) ~[na:na]
	at org.apache.hc.client5.http.impl.io.DefaultHttpClientConnectionOperator.connect(DefaultHttpClientConnectionOperator.java:219) ~[httpclient5-5.6.1.jar:5.6.1]
	at org.apache.hc.client5.http.impl.io.PoolingHttpClientConnectionManager.connect(PoolingHttpClientConnectionManager.java:547) ~[httpclient5-5.6.1.jar:5.6.1]
	at org.apache.hc.client5.http.impl.classic.InternalExecRuntime.connectEndpoint(InternalExecRuntime.java:164) ~[httpclient5-5.6.1.jar:5.6.1]
	at org.apache.hc.client5.http.impl.classic.InternalExecRuntime.connectEndpoint(InternalExecRuntime.java:174) ~[httpclient5-5.6.1.jar:5.6.1]
	at org.apache.hc.client5.http.impl.classic.ConnectExec.execute(ConnectExec.java:144) ~[httpclient5-5.6.1.jar:5.6.1]
	at org.apache.hc.client5.http.impl.classic.ExecChainElement.execute(ExecChainElement.java:51) ~[httpclient5-5.6.1.jar:5.6.1]
	at org.apache.hc.client5.http.impl.classic.ProtocolExec.execute(ProtocolExec.java:192) ~[httpclient5-5.6.1.jar:5.6.1]
	at org.apache.hc.client5.http.impl.classic.ExecChainElement.execute(ExecChainElement.java:51) ~[httpclient5-5.6.1.jar:5.6.1]
	at org.apache.hc.client5.http.impl.classic.ContentCompressionExec.execute(ContentCompressionExec.java:138) ~[httpclient5-5.6.1.jar:5.6.1]
	at org.apache.hc.client5.http.impl.classic.ExecChainElement.execute(ExecChainElement.java:51) ~[httpclient5-5.6.1.jar:5.6.1]
	at org.apache.hc.client5.http.impl.classic.HttpRequestRetryExec.execute(HttpRequestRetryExec.java:112) ~[httpclient5-5.6.1.jar:5.6.1]
	at org.apache.hc.client5.http.impl.classic.ExecChainElement.execute(ExecChainElement.java:51) ~[httpclient5-5.6.1.jar:5.6.1]
	at org.apache.hc.client5.http.impl.classic.RedirectExec.execute(RedirectExec.java:110) ~[httpclient5-5.6.1.jar:5.6.1]
	at org.apache.hc.client5.http.impl.classic.ExecChainElement.execute(ExecChainElement.java:51) ~[httpclient5-5.6.1.jar:5.6.1]
	at org.apache.hc.client5.http.impl.classic.InternalHttpClient.doExecute(InternalHttpClient.java:185) ~[httpclient5-5.6.1.jar:5.6.1]
	at org.apache.hc.client5.http.impl.classic.CloseableHttpClient.execute(CloseableHttpClient.java:87) ~[httpclient5-5.6.1.jar:5.6.1]
	at org.apache.hc.client5.http.impl.classic.CloseableHttpClient.execute(CloseableHttpClient.java:55) ~[httpclient5-5.6.1.jar:5.6.1]
	at org.apache.hc.client5.http.classic.HttpClient.executeOpen(HttpClient.java:183) ~[httpclient5-5.6.1.jar:5.6.1]
	at org.springframework.http.client.HttpComponentsClientHttpRequest.executeInternal(HttpComponentsClientHttpRequest.java:99) ~[spring-web-7.0.8.jar:7.0.8]
	at org.springframework.http.client.AbstractStreamingClientHttpRequest.executeInternal(AbstractStreamingClientHttpRequest.java:87) ~[spring-web-7.0.8.jar:7.0.8]
	at org.springframework.http.client.AbstractClientHttpRequest.execute(AbstractClientHttpRequest.java:80) ~[spring-web-7.0.8.jar:7.0.8]
	at org.springframework.http.client.AbstractBufferingClientHttpRequest.executeWithRequestAndBody(AbstractBufferingClientHttpRequest.java:89) ~[spring-web-7.0.8.jar:7.0.8]
	at org.springframework.http.client.InterceptingClientHttpRequest$EndOfChainRequestExecution.execute(InterceptingClientHttpRequest.java:102) ~[spring-web-7.0.8.jar:7.0.8]
	at org.springframework.cloud.netflix.eureka.http.RestClientTransportClientFactory.lambda$newClient$2(RestClientTransportClientFactory.java:98) ~[spring-cloud-netflix-eureka-client-5.0.2.jar:5.0.2]
	at org.springframework.http.client.ClientHttpRequestInterceptor.lambda$apply$0(ClientHttpRequestInterceptor.java:89) ~[spring-web-7.0.8.jar:7.0.8]
	at org.springframework.http.client.InterceptingClientHttpRequest.executeInternal(InterceptingClientHttpRequest.java:73) ~[spring-web-7.0.8.jar:7.0.8]
	at org.springframework.http.client.AbstractBufferingClientHttpRequest.executeInternal(AbstractBufferingClientHttpRequest.java:50) ~[spring-web-7.0.8.jar:7.0.8]
	at org.springframework.http.client.AbstractClientHttpRequest.execute(AbstractClientHttpRequest.java:80) ~[spring-web-7.0.8.jar:7.0.8]
	at org.springframework.web.client.DefaultRestClient$DefaultRequestBodyUriSpec.exchangeInternal(DefaultRestClient.java:614) ~[spring-web-7.0.8.jar:7.0.8]
	... 23 common frames omitted

2026-08-31T19:37:39.381+05:30  WARN 31356 --- [FoodServiceApp] [DiscoveryClient-HeartbeatExecutor-%d] c.n.d.s.t.d.RetryableEurekaHttpClient    : Request execution failed with message: I/O error on PUT request for "http://localhost:8761/eureka/apps/FOODSERVICEAPP/localhost:FoodServiceApp:9091": Connect to http://localhost:8761 failed: Connection refused: getsockopt
2026-08-31T19:37:39.382+05:30 ERROR 31356 --- [FoodServiceApp] [DiscoveryClient-HeartbeatExecutor-%d] com.netflix.discovery.DiscoveryClient    : DiscoveryClient_FOODSERVICEAPP/localhost:FoodServiceApp:9091 - was unable to send heartbeat!

com.netflix.discovery.shared.transport.TransportException: Cannot execute request on any known server
	at com.netflix.discovery.shared.transport.decorator.RetryableEurekaHttpClient.execute(RetryableEurekaHttpClient.java:112) ~[eureka-client-2.0.6.jar:2.0.6]
	at com.netflix.discovery.shared.transport.decorator.EurekaHttpClientDecorator.sendHeartBeat(EurekaHttpClientDecorator.java:89) ~[eureka-client-2.0.6.jar:2.0.6]
	at com.netflix.discovery.shared.transport.decorator.EurekaHttpClientDecorator$3.execute(EurekaHttpClientDecorator.java:92) ~[eureka-client-2.0.6.jar:2.0.6]
	at com.netflix.discovery.shared.transport.decorator.SessionedEurekaHttpClient.execute(SessionedEurekaHttpClient.java:76) ~[eureka-client-2.0.6.jar:2.0.6]
	at com.netflix.discovery.shared.transport.decorator.EurekaHttpClientDecorator.sendHeartBeat(EurekaHttpClientDecorator.java:89) ~[eureka-client-2.0.6.jar:2.0.6]
	at com.netflix.discovery.DiscoveryClient.renew(DiscoveryClient.java:860) ~[eureka-client-2.0.6.jar:2.0.6]
	at com.netflix.discovery.DiscoveryClient$HeartbeatThread.run(DiscoveryClient.java:1418) ~[eureka-client-2.0.6.jar:2.0.6]
	at java.base/java.util.concurrent.Executors$RunnableAdapter.call(Executors.java:572) ~[na:na]
	at java.base/java.util.concurrent.FutureTask.run(FutureTask.java:317) ~[na:na]
	at java.base/java.util.concurrent.ThreadPoolExecutor.runWorker(ThreadPoolExecutor.java:1144) ~[na:na]
	at java.base/java.util.concurrent.ThreadPoolExecutor$Worker.run(ThreadPoolExecutor.java:642) ~[na:na]
	at java.base/java.lang.Thread.run(Thread.java:1583) ~[na:na]

2026-08-31T19:37:39.500+05:30  INFO 31356 --- [FoodServiceApp] [DiscoveryClient-InstanceInfoReplicator-%d] com.netflix.discovery.DiscoveryClient    : DiscoveryClient_FOODSERVICEAPP/localhost:FoodServiceApp:9091: registering service...
2026-08-31T19:37:39.511+05:30  INFO 31356 --- [FoodServiceApp] [DiscoveryClient-InstanceInfoReplicator-%d] c.n.d.s.t.d.RedirectingEurekaHttpClient  : Request execution error. endpoint=DefaultEndpoint{ serviceUrl='http://localhost:8761/eureka/}, exception=I/O error on POST request for "http://localhost:8761/eureka/apps/FOODSERVICEAPP": Connect to http://localhost:8761 failed: Connection refused: getsockopt

org.springframework.web.client.ResourceAccessException: I/O error on POST request for "http://localhost:8761/eureka/apps/FOODSERVICEAPP": Connect to http://localhost:8761 failed: Connection refused: getsockopt
	at org.springframework.web.client.DefaultRestClient$DefaultRequestBodyUriSpec.createResourceAccessException(DefaultRestClient.java:779) ~[spring-web-7.0.8.jar:7.0.8]
	at org.springframework.web.client.DefaultRestClient$DefaultRequestBodyUriSpec.exchangeInternal(DefaultRestClient.java:624) ~[spring-web-7.0.8.jar:7.0.8]
	at org.springframework.web.client.DefaultRestClient$DefaultRequestBodyUriSpec.exchange(DefaultRestClient.java:572) ~[spring-web-7.0.8.jar:7.0.8]
	at org.springframework.web.client.RestClient$RequestHeadersSpec.exchange(RestClient.java:747) ~[spring-web-7.0.8.jar:7.0.8]
	at org.springframework.web.client.DefaultRestClient$DefaultResponseSpec.executeAndExtract(DefaultRestClient.java:924) ~[spring-web-7.0.8.jar:7.0.8]
	at org.springframework.web.client.DefaultRestClient$DefaultResponseSpec.toBodilessEntity(DefaultRestClient.java:888) ~[spring-web-7.0.8.jar:7.0.8]
	at org.springframework.cloud.netflix.eureka.http.RestClientEurekaHttpClient.register(RestClientEurekaHttpClient.java:64) ~[spring-cloud-netflix-eureka-client-5.0.2.jar:5.0.2]
	at com.netflix.discovery.shared.transport.decorator.EurekaHttpClientDecorator$1.execute(EurekaHttpClientDecorator.java:59) ~[eureka-client-2.0.6.jar:2.0.6]
	at com.netflix.discovery.shared.transport.decorator.RedirectingEurekaHttpClient.executeOnNewServer(RedirectingEurekaHttpClient.java:120) ~[eureka-client-2.0.6.jar:2.0.6]
	at com.netflix.discovery.shared.transport.decorator.RedirectingEurekaHttpClient.execute(RedirectingEurekaHttpClient.java:79) ~[eureka-client-2.0.6.jar:2.0.6]
	at com.netflix.discovery.shared.transport.decorator.EurekaHttpClientDecorator.register(EurekaHttpClientDecorator.java:56) ~[eureka-client-2.0.6.jar:2.0.6]
	at com.netflix.discovery.shared.transport.decorator.EurekaHttpClientDecorator$1.execute(EurekaHttpClientDecorator.java:59) ~[eureka-client-2.0.6.jar:2.0.6]
	at com.netflix.discovery.shared.transport.decorator.RetryableEurekaHttpClient.execute(RetryableEurekaHttpClient.java:120) ~[eureka-client-2.0.6.jar:2.0.6]
	at com.netflix.discovery.shared.transport.decorator.EurekaHttpClientDecorator.register(EurekaHttpClientDecorator.java:56) ~[eureka-client-2.0.6.jar:2.0.6]
	at com.netflix.discovery.shared.transport.decorator.EurekaHttpClientDecorator$1.execute(EurekaHttpClientDecorator.java:59) ~[eureka-client-2.0.6.jar:2.0.6]
	at com.netflix.discovery.shared.transport.decorator.SessionedEurekaHttpClient.execute(SessionedEurekaHttpClient.java:76) ~[eureka-client-2.0.6.jar:2.0.6]
	at com.netflix.discovery.shared.transport.decorator.EurekaHttpClientDecorator.register(EurekaHttpClientDecorator.java:56) ~[eureka-client-2.0.6.jar:2.0.6]
	at com.netflix.discovery.DiscoveryClient.register(DiscoveryClient.java:843) ~[eureka-client-2.0.6.jar:2.0.6]
	at com.netflix.discovery.InstanceInfoReplicator.run(InstanceInfoReplicator.java:125) ~[eureka-client-2.0.6.jar:2.0.6]
	at java.base/java.util.concurrent.Executors$RunnableAdapter.call(Executors.java:572) ~[na:na]
	at java.base/java.util.concurrent.FutureTask.run(FutureTask.java:317) ~[na:na]
	at java.base/java.util.concurrent.ScheduledThreadPoolExecutor$ScheduledFutureTask.run(ScheduledThreadPoolExecutor.java:304) ~[na:na]
	at java.base/java.util.concurrent.ThreadPoolExecutor.runWorker(ThreadPoolExecutor.java:1144) ~[na:na]
	at java.base/java.util.concurrent.ThreadPoolExecutor$Worker.run(ThreadPoolExecutor.java:642) ~[na:na]
	at java.base/java.lang.Thread.run(Thread.java:1583) ~[na:na]
Caused by: org.apache.hc.client5.http.HttpHostConnectException: Connect to http://localhost:8761 failed: Connection refused: getsockopt
	at java.base/sun.nio.ch.Net.pollConnect(Native Method) ~[na:na]
	at java.base/sun.nio.ch.Net.pollConnectNow(Net.java:682) ~[na:na]
	at java.base/sun.nio.ch.NioSocketImpl.timedFinishConnect(NioSocketImpl.java:542) ~[na:na]
	at java.base/sun.nio.ch.NioSocketImpl.connect(NioSocketImpl.java:592) ~[na:na]
	at java.base/java.net.SocksSocketImpl.connect(SocksSocketImpl.java:327) ~[na:na]
	at java.base/java.net.Socket.connect(Socket.java:751) ~[na:na]
	at org.apache.hc.client5.http.impl.io.DefaultHttpClientConnectionOperator.connect(DefaultHttpClientConnectionOperator.java:219) ~[httpclient5-5.6.1.jar:5.6.1]
	at org.apache.hc.client5.http.impl.io.PoolingHttpClientConnectionManager.connect(PoolingHttpClientConnectionManager.java:547) ~[httpclient5-5.6.1.jar:5.6.1]
	at org.apache.hc.client5.http.impl.classic.InternalExecRuntime.connectEndpoint(InternalExecRuntime.java:164) ~[httpclient5-5.6.1.jar:5.6.1]
	at org.apache.hc.client5.http.impl.classic.InternalExecRuntime.connectEndpoint(InternalExecRuntime.java:174) ~[httpclient5-5.6.1.jar:5.6.1]
	at org.apache.hc.client5.http.impl.classic.ConnectExec.execute(ConnectExec.java:144) ~[httpclient5-5.6.1.jar:5.6.1]
	at org.apache.hc.client5.http.impl.classic.ExecChainElement.execute(ExecChainElement.java:51) ~[httpclient5-5.6.1.jar:5.6.1]
	at org.apache.hc.client5.http.impl.classic.ProtocolExec.execute(ProtocolExec.java:192) ~[httpclient5-5.6.1.jar:5.6.1]
	at org.apache.hc.client5.http.impl.classic.ExecChainElement.execute(ExecChainElement.java:51) ~[httpclient5-5.6.1.jar:5.6.1]
	at org.apache.hc.client5.http.impl.classic.ContentCompressionExec.execute(ContentCompressionExec.java:138) ~[httpclient5-5.6.1.jar:5.6.1]
	at org.apache.hc.client5.http.impl.classic.ExecChainElement.execute(ExecChainElement.java:51) ~[httpclient5-5.6.1.jar:5.6.1]
	at org.apache.hc.client5.http.impl.classic.HttpRequestRetryExec.execute(HttpRequestRetryExec.java:112) ~[httpclient5-5.6.1.jar:5.6.1]
	at org.apache.hc.client5.http.impl.classic.ExecChainElement.execute(ExecChainElement.java:51) ~[httpclient5-5.6.1.jar:5.6.1]
	at org.apache.hc.client5.http.impl.classic.RedirectExec.execute(RedirectExec.java:110) ~[httpclient5-5.6.1.jar:5.6.1]
	at org.apache.hc.client5.http.impl.classic.ExecChainElement.execute(ExecChainElement.java:51) ~[httpclient5-5.6.1.jar:5.6.1]
	at org.apache.hc.client5.http.impl.classic.InternalHttpClient.doExecute(InternalHttpClient.java:185) ~[httpclient5-5.6.1.jar:5.6.1]
	at org.apache.hc.client5.http.impl.classic.CloseableHttpClient.execute(CloseableHttpClient.java:87) ~[httpclient5-5.6.1.jar:5.6.1]
	at org.apache.hc.client5.http.impl.classic.CloseableHttpClient.execute(CloseableHttpClient.java:55) ~[httpclient5-5.6.1.jar:5.6.1]
	at org.apache.hc.client5.http.classic.HttpClient.executeOpen(HttpClient.java:183) ~[httpclient5-5.6.1.jar:5.6.1]
	at org.springframework.http.client.HttpComponentsClientHttpRequest.executeInternal(HttpComponentsClientHttpRequest.java:99) ~[spring-web-7.0.8.jar:7.0.8]
	at org.springframework.http.client.AbstractStreamingClientHttpRequest.executeInternal(AbstractStreamingClientHttpRequest.java:87) ~[spring-web-7.0.8.jar:7.0.8]
	at org.springframework.http.client.AbstractClientHttpRequest.execute(AbstractClientHttpRequest.java:80) ~[spring-web-7.0.8.jar:7.0.8]
	at org.springframework.http.client.AbstractBufferingClientHttpRequest.executeWithRequestAndBody(AbstractBufferingClientHttpRequest.java:89) ~[spring-web-7.0.8.jar:7.0.8]
	at org.springframework.http.client.InterceptingClientHttpRequest$EndOfChainRequestExecution.execute(InterceptingClientHttpRequest.java:102) ~[spring-web-7.0.8.jar:7.0.8]
	at org.springframework.cloud.netflix.eureka.http.RestClientTransportClientFactory.lambda$newClient$2(RestClientTransportClientFactory.java:98) ~[spring-cloud-netflix-eureka-client-5.0.2.jar:5.0.2]
	at org.springframework.http.client.ClientHttpRequestInterceptor.lambda$apply$0(ClientHttpRequestInterceptor.java:89) ~[spring-web-7.0.8.jar:7.0.8]
	at org.springframework.http.client.InterceptingClientHttpRequest.executeInternal(InterceptingClientHttpRequest.java:73) ~[spring-web-7.0.8.jar:7.0.8]
	at org.springframework.http.client.AbstractBufferingClientHttpRequest.executeInternal(AbstractBufferingClientHttpRequest.java:50) ~[spring-web-7.0.8.jar:7.0.8]
	at org.springframework.http.client.AbstractClientHttpRequest.execute(AbstractClientHttpRequest.java:80) ~[spring-web-7.0.8.jar:7.0.8]
	at org.springframework.web.client.DefaultRestClient$DefaultRequestBodyUriSpec.exchangeInternal(DefaultRestClient.java:614) ~[spring-web-7.0.8.jar:7.0.8]
	... 23 common frames omitted

2026-08-31T19:37:39.513+05:30  WARN 31356 --- [FoodServiceApp] [DiscoveryClient-InstanceInfoReplicator-%d] c.n.d.s.t.d.RetryableEurekaHttpClient    : Request execution failed with message: I/O error on POST request for "http://localhost:8761/eureka/apps/FOODSERVICEAPP": Connect to http://localhost:8761 failed: Connection refused: getsockopt
2026-08-31T19:37:39.513+05:30  WARN 31356 --- [FoodServiceApp] [DiscoveryClient-InstanceInfoReplicator-%d] com.netflix.discovery.DiscoveryClient    : DiscoveryClient_FOODSERVICEAPP/localhost:FoodServiceApp:9091 - registration failed Cannot execute request on any known server

com.netflix.discovery.shared.transport.TransportException: Cannot execute request on any known server
	at com.netflix.discovery.shared.transport.decorator.RetryableEurekaHttpClient.execute(RetryableEurekaHttpClient.java:112) ~[eureka-client-2.0.6.jar:2.0.6]
	at com.netflix.discovery.shared.transport.decorator.EurekaHttpClientDecorator.register(EurekaHttpClientDecorator.java:56) ~[eureka-client-2.0.6.jar:2.0.6]
	at com.netflix.discovery.shared.transport.decorator.EurekaHttpClientDecorator$1.execute(EurekaHttpClientDecorator.java:59) ~[eureka-client-2.0.6.jar:2.0.6]
	at com.netflix.discovery.shared.transport.decorator.SessionedEurekaHttpClient.execute(SessionedEurekaHttpClient.java:76) ~[eureka-client-2.0.6.jar:2.0.6]
	at com.netflix.discovery.shared.transport.decorator.EurekaHttpClientDecorator.register(EurekaHttpClientDecorator.java:56) ~[eureka-client-2.0.6.jar:2.0.6]
	at com.netflix.discovery.DiscoveryClient.register(DiscoveryClient.java:843) ~[eureka-client-2.0.6.jar:2.0.6]
	at com.netflix.discovery.InstanceInfoReplicator.run(InstanceInfoReplicator.java:125) ~[eureka-client-2.0.6.jar:2.0.6]
	at java.base/java.util.concurrent.Executors$RunnableAdapter.call(Executors.java:572) ~[na:na]
	at java.base/java.util.concurrent.FutureTask.run(FutureTask.java:317) ~[na:na]
	at java.base/java.util.concurrent.ScheduledThreadPoolExecutor$ScheduledFutureTask.run(ScheduledThreadPoolExecutor.java:304) ~[na:na]
	at java.base/java.util.concurrent.ThreadPoolExecutor.runWorker(ThreadPoolExecutor.java:1144) ~[na:na]
	at java.base/java.util.concurrent.ThreadPoolExecutor$Worker.run(ThreadPoolExecutor.java:642) ~[na:na]
	at java.base/java.lang.Thread.run(Thread.java:1583) ~[na:na]

2026-08-31T19:37:39.514+05:30  WARN 31356 --- [FoodServiceApp] [DiscoveryClient-InstanceInfoReplicator-%d] c.n.discovery.InstanceInfoReplicator     : There was a problem with the instance info replicator

com.netflix.discovery.shared.transport.TransportException: Cannot execute request on any known server
	at com.netflix.discovery.shared.transport.decorator.RetryableEurekaHttpClient.execute(RetryableEurekaHttpClient.java:112) ~[eureka-client-2.0.6.jar:2.0.6]
	at com.netflix.discovery.shared.transport.decorator.EurekaHttpClientDecorator.register(EurekaHttpClientDecorator.java:56) ~[eureka-client-2.0.6.jar:2.0.6]
	at com.netflix.discovery.shared.transport.decorator.EurekaHttpClientDecorator$1.execute(EurekaHttpClientDecorator.java:59) ~[eureka-client-2.0.6.jar:2.0.6]
	at com.netflix.discovery.shared.transport.decorator.SessionedEurekaHttpClient.execute(SessionedEurekaHttpClient.java:76) ~[eureka-client-2.0.6.jar:2.0.6]
	at com.netflix.discovery.shared.transport.decorator.EurekaHttpClientDecorator.register(EurekaHttpClientDecorator.java:56) ~[eureka-client-2.0.6.jar:2.0.6]
	at com.netflix.discovery.DiscoveryClient.register(DiscoveryClient.java:843) ~[eureka-client-2.0.6.jar:2.0.6]
	at com.netflix.discovery.InstanceInfoReplicator.run(InstanceInfoReplicator.java:125) ~[eureka-client-2.0.6.jar:2.0.6]
	at java.base/java.util.concurrent.Executors$RunnableAdapter.call(Executors.java:572) ~[na:na]
	at java.base/java.util.concurrent.FutureTask.run(FutureTask.java:317) ~[na:na]
	at java.base/java.util.concurrent.ScheduledThreadPoolExecutor$ScheduledFutureTask.run(ScheduledThreadPoolExecutor.java:304) ~[na:na]
	at java.base/java.util.concurrent.ThreadPoolExecutor.runWorker(ThreadPoolExecutor.java:1144) ~[na:na]
	at java.base/java.util.concurrent.ThreadPoolExecutor$Worker.run(ThreadPoolExecutor.java:642) ~[na:na]
	at java.base/java.lang.Thread.run(Thread.java:1583) ~[na:na]

2026-08-31T19:38:09.367+05:30  INFO 31356 --- [FoodServiceApp] [DiscoveryClient-CacheRefreshExecutor-%d] com.netflix.discovery.DiscoveryClient    : Disable delta property : false
2026-08-31T19:38:09.369+05:30  INFO 31356 --- [FoodServiceApp] [DiscoveryClient-CacheRefreshExecutor-%d] com.netflix.discovery.DiscoveryClient    : Single vip registry refresh property : null
2026-08-31T19:38:09.370+05:30  INFO 31356 --- [FoodServiceApp] [DiscoveryClient-CacheRefreshExecutor-%d] com.netflix.discovery.DiscoveryClient    : Force full registry fetch : false
2026-08-31T19:38:09.371+05:30  INFO 31356 --- [FoodServiceApp] [DiscoveryClient-CacheRefreshExecutor-%d] com.netflix.discovery.DiscoveryClient    : Application is null : false
2026-08-31T19:38:09.372+05:30  INFO 31356 --- [FoodServiceApp] [DiscoveryClient-CacheRefreshExecutor-%d] com.netflix.discovery.DiscoveryClient    : Registered Applications size is zero : true
2026-08-31T19:38:09.373+05:30  INFO 31356 --- [FoodServiceApp] [DiscoveryClient-CacheRefreshExecutor-%d] com.netflix.discovery.DiscoveryClient    : Application version is -1: true
2026-08-31T19:38:09.374+05:30  INFO 31356 --- [FoodServiceApp] [DiscoveryClient-CacheRefreshExecutor-%d] com.netflix.discovery.DiscoveryClient    : Getting all instance registry info from the eureka server
2026-08-31T19:38:09.417+05:30  INFO 31356 --- [FoodServiceApp] [DiscoveryClient-CacheRefreshExecutor-%d] c.n.d.s.t.d.RedirectingEurekaHttpClient  : Request execution error. endpoint=DefaultEndpoint{ serviceUrl='http://localhost:8761/eureka/}, exception=I/O error on GET request for "http://localhost:8761/eureka/apps/": Connect to http://localhost:8761 failed: Connection refused: getsockopt

org.springframework.web.client.ResourceAccessException: I/O error on GET request for "http://localhost:8761/eureka/apps/": Connect to http://localhost:8761 failed: Connection refused: getsockopt
	at org.springframework.web.client.DefaultRestClient$DefaultRequestBodyUriSpec.createResourceAccessException(DefaultRestClient.java:779) ~[spring-web-7.0.8.jar:7.0.8]
	at org.springframework.web.client.DefaultRestClient$DefaultRequestBodyUriSpec.exchangeInternal(DefaultRestClient.java:624) ~[spring-web-7.0.8.jar:7.0.8]
	at org.springframework.web.client.DefaultRestClient$DefaultRequestBodyUriSpec.exchange(DefaultRestClient.java:572) ~[spring-web-7.0.8.jar:7.0.8]
	at org.springframework.web.client.RestClient$RequestHeadersSpec.exchange(RestClient.java:747) ~[spring-web-7.0.8.jar:7.0.8]
	at org.springframework.web.client.DefaultRestClient$DefaultResponseSpec.executeAndExtract(DefaultRestClient.java:924) ~[spring-web-7.0.8.jar:7.0.8]
	at org.springframework.web.client.DefaultRestClient$DefaultResponseSpec.toEntityInternal(DefaultRestClient.java:870) ~[spring-web-7.0.8.jar:7.0.8]
	at org.springframework.web.client.DefaultRestClient$DefaultResponseSpec.toEntity(DefaultRestClient.java:859) ~[spring-web-7.0.8.jar:7.0.8]
	at org.springframework.cloud.netflix.eureka.http.RestClientEurekaHttpClient.getApplicationsInternal(RestClientEurekaHttpClient.java:201) ~[spring-cloud-netflix-eureka-client-5.0.2.jar:5.0.2]
	at org.springframework.cloud.netflix.eureka.http.RestClientEurekaHttpClient.getApplications(RestClientEurekaHttpClient.java:137) ~[spring-cloud-netflix-eureka-client-5.0.2.jar:5.0.2]
	at com.netflix.discovery.shared.transport.decorator.EurekaHttpClientDecorator$6.execute(EurekaHttpClientDecorator.java:137) ~[eureka-client-2.0.6.jar:2.0.6]
	at com.netflix.discovery.shared.transport.decorator.RedirectingEurekaHttpClient.executeOnNewServer(RedirectingEurekaHttpClient.java:120) ~[eureka-client-2.0.6.jar:2.0.6]
	at com.netflix.discovery.shared.transport.decorator.RedirectingEurekaHttpClient.execute(RedirectingEurekaHttpClient.java:79) ~[eureka-client-2.0.6.jar:2.0.6]
	at com.netflix.discovery.shared.transport.decorator.EurekaHttpClientDecorator.getApplications(EurekaHttpClientDecorator.java:134) ~[eureka-client-2.0.6.jar:2.0.6]
	at com.netflix.discovery.shared.transport.decorator.EurekaHttpClientDecorator$6.execute(EurekaHttpClientDecorator.java:137) ~[eureka-client-2.0.6.jar:2.0.6]
	at com.netflix.discovery.shared.transport.decorator.RetryableEurekaHttpClient.execute(RetryableEurekaHttpClient.java:120) ~[eureka-client-2.0.6.jar:2.0.6]
	at com.netflix.discovery.shared.transport.decorator.EurekaHttpClientDecorator.getApplications(EurekaHttpClientDecorator.java:134) ~[eureka-client-2.0.6.jar:2.0.6]
	at com.netflix.discovery.shared.transport.decorator.EurekaHttpClientDecorator$6.execute(EurekaHttpClientDecorator.java:137) ~[eureka-client-2.0.6.jar:2.0.6]
	at com.netflix.discovery.shared.transport.decorator.SessionedEurekaHttpClient.execute(SessionedEurekaHttpClient.java:76) ~[eureka-client-2.0.6.jar:2.0.6]
	at com.netflix.discovery.shared.transport.decorator.EurekaHttpClientDecorator.getApplications(EurekaHttpClientDecorator.java:134) ~[eureka-client-2.0.6.jar:2.0.6]
	at com.netflix.discovery.DiscoveryClient.getAndStoreFullRegistry(DiscoveryClient.java:1061) ~[eureka-client-2.0.6.jar:2.0.6]
	at com.netflix.discovery.DiscoveryClient.fetchRegistry(DiscoveryClient.java:976) ~[eureka-client-2.0.6.jar:2.0.6]
	at com.netflix.discovery.DiscoveryClient.refreshRegistry(DiscoveryClient.java:1489) ~[eureka-client-2.0.6.jar:2.0.6]
	at com.netflix.discovery.DiscoveryClient$CacheRefreshThread.run(DiscoveryClient.java:1457) ~[eureka-client-2.0.6.jar:2.0.6]
	at java.base/java.util.concurrent.Executors$RunnableAdapter.call(Executors.java:572) ~[na:na]
	at java.base/java.util.concurrent.FutureTask.run(FutureTask.java:317) ~[na:na]
	at java.base/java.util.concurrent.ThreadPoolExecutor.runWorker(ThreadPoolExecutor.java:1144) ~[na:na]
	at java.base/java.util.concurrent.ThreadPoolExecutor$Worker.run(ThreadPoolExecutor.java:642) ~[na:na]
	at java.base/java.lang.Thread.run(Thread.java:1583) ~[na:na]
Caused by: org.apache.hc.client5.http.HttpHostConnectException: Connect to http://localhost:8761 failed: Connection refused: getsockopt
	at java.base/sun.nio.ch.Net.pollConnect(Native Method) ~[na:na]
	at java.base/sun.nio.ch.Net.pollConnectNow(Net.java:682) ~[na:na]
	at java.base/sun.nio.ch.NioSocketImpl.timedFinishConnect(NioSocketImpl.java:542) ~[na:na]
	at java.base/sun.nio.ch.NioSocketImpl.connect(NioSocketImpl.java:592) ~[na:na]
	at java.base/java.net.SocksSocketImpl.connect(SocksSocketImpl.java:327) ~[na:na]
	at java.base/java.net.Socket.connect(Socket.java:751) ~[na:na]
	at org.apache.hc.client5.http.impl.io.DefaultHttpClientConnectionOperator.connect(DefaultHttpClientConnectionOperator.java:219) ~[httpclient5-5.6.1.jar:5.6.1]
	at org.apache.hc.client5.http.impl.io.PoolingHttpClientConnectionManager.connect(PoolingHttpClientConnectionManager.java:547) ~[httpclient5-5.6.1.jar:5.6.1]
	at org.apache.hc.client5.http.impl.classic.InternalExecRuntime.connectEndpoint(InternalExecRuntime.java:164) ~[httpclient5-5.6.1.jar:5.6.1]
	at org.apache.hc.client5.http.impl.classic.InternalExecRuntime.connectEndpoint(InternalExecRuntime.java:174) ~[httpclient5-5.6.1.jar:5.6.1]
	at org.apache.hc.client5.http.impl.classic.ConnectExec.execute(ConnectExec.java:144) ~[httpclient5-5.6.1.jar:5.6.1]
	at org.apache.hc.client5.http.impl.classic.ExecChainElement.execute(ExecChainElement.java:51) ~[httpclient5-5.6.1.jar:5.6.1]
	at org.apache.hc.client5.http.impl.classic.ProtocolExec.execute(ProtocolExec.java:192) ~[httpclient5-5.6.1.jar:5.6.1]
	at org.apache.hc.client5.http.impl.classic.ExecChainElement.execute(ExecChainElement.java:51) ~[httpclient5-5.6.1.jar:5.6.1]
	at org.apache.hc.client5.http.impl.classic.ContentCompressionExec.execute(ContentCompressionExec.java:138) ~[httpclient5-5.6.1.jar:5.6.1]
	at org.apache.hc.client5.http.impl.classic.ExecChainElement.execute(ExecChainElement.java:51) ~[httpclient5-5.6.1.jar:5.6.1]
	at org.apache.hc.client5.http.impl.classic.HttpRequestRetryExec.execute(HttpRequestRetryExec.java:112) ~[httpclient5-5.6.1.jar:5.6.1]
	at org.apache.hc.client5.http.impl.classic.ExecChainElement.execute(ExecChainElement.java:51) ~[httpclient5-5.6.1.jar:5.6.1]
	at org.apache.hc.client5.http.impl.classic.RedirectExec.execute(RedirectExec.java:110) ~[httpclient5-5.6.1.jar:5.6.1]
	at org.apache.hc.client5.http.impl.classic.ExecChainElement.execute(ExecChainElement.java:51) ~[httpclient5-5.6.1.jar:5.6.1]
	at org.apache.hc.client5.http.impl.classic.InternalHttpClient.doExecute(InternalHttpClient.java:185) ~[httpclient5-5.6.1.jar:5.6.1]
	at org.apache.hc.client5.http.impl.classic.CloseableHttpClient.execute(CloseableHttpClient.java:87) ~[httpclient5-5.6.1.jar:5.6.1]
	at org.apache.hc.client5.http.impl.classic.CloseableHttpClient.execute(CloseableHttpClient.java:55) ~[httpclient5-5.6.1.jar:5.6.1]
	at org.apache.hc.client5.http.classic.HttpClient.executeOpen(HttpClient.java:183) ~[httpclient5-5.6.1.jar:5.6.1]
	at org.springframework.http.client.HttpComponentsClientHttpRequest.executeInternal(HttpComponentsClientHttpRequest.java:99) ~[spring-web-7.0.8.jar:7.0.8]
	at org.springframework.http.client.AbstractStreamingClientHttpRequest.executeInternal(AbstractStreamingClientHttpRequest.java:87) ~[spring-web-7.0.8.jar:7.0.8]
	at org.springframework.http.client.AbstractClientHttpRequest.execute(AbstractClientHttpRequest.java:80) ~[spring-web-7.0.8.jar:7.0.8]
	at org.springframework.http.client.AbstractBufferingClientHttpRequest.executeWithRequestAndBody(AbstractBufferingClientHttpRequest.java:89) ~[spring-web-7.0.8.jar:7.0.8]
	at org.springframework.http.client.InterceptingClientHttpRequest$EndOfChainRequestExecution.execute(InterceptingClientHttpRequest.java:102) ~[spring-web-7.0.8.jar:7.0.8]
	at org.springframework.cloud.netflix.eureka.http.RestClientTransportClientFactory.lambda$newClient$2(RestClientTransportClientFactory.java:98) ~[spring-cloud-netflix-eureka-client-5.0.2.jar:5.0.2]
	at org.springframework.http.client.ClientHttpRequestInterceptor.lambda$apply$0(ClientHttpRequestInterceptor.java:89) ~[spring-web-7.0.8.jar:7.0.8]
	at org.springframework.http.client.InterceptingClientHttpRequest.executeInternal(InterceptingClientHttpRequest.java:73) ~[spring-web-7.0.8.jar:7.0.8]
	at org.springframework.http.client.AbstractBufferingClientHttpRequest.executeInternal(AbstractBufferingClientHttpRequest.java:50) ~[spring-web-7.0.8.jar:7.0.8]
	at org.springframework.http.client.AbstractClientHttpRequest.execute(AbstractClientHttpRequest.java:80) ~[spring-web-7.0.8.jar:7.0.8]
	at org.springframework.web.client.DefaultRestClient$DefaultRequestBodyUriSpec.exchangeInternal(DefaultRestClient.java:614) ~[spring-web-7.0.8.jar:7.0.8]
	... 26 common frames omitted

2026-08-31T19:38:09.434+05:30  WARN 31356 --- [FoodServiceApp] [DiscoveryClient-CacheRefreshExecutor-%d] c.n.d.s.t.d.RetryableEurekaHttpClient    : Request execution failed with message: I/O error on GET request for "http://localhost:8761/eureka/apps/": Connect to http://localhost:8761 failed: Connection refused: getsockopt
2026-08-31T19:38:09.417+05:30  INFO 31356 --- [FoodServiceApp] [DiscoveryClient-HeartbeatExecutor-%d] c.n.d.s.t.d.RedirectingEurekaHttpClient  : Request execution error. endpoint=DefaultEndpoint{ serviceUrl='http://localhost:8761/eureka/}, exception=I/O error on PUT request for "http://localhost:8761/eureka/apps/FOODSERVICEAPP/localhost:FoodServiceApp:9091": Connect to http://localhost:8761 failed: Connection refused: getsockopt

org.springframework.web.client.ResourceAccessException: I/O error on PUT request for "http://localhost:8761/eureka/apps/FOODSERVICEAPP/localhost:FoodServiceApp:9091": Connect to http://localhost:8761 failed: Connection refused: getsockopt
	at org.springframework.web.client.DefaultRestClient$DefaultRequestBodyUriSpec.createResourceAccessException(DefaultRestClient.java:779) ~[spring-web-7.0.8.jar:7.0.8]
	at org.springframework.web.client.DefaultRestClient$DefaultRequestBodyUriSpec.exchangeInternal(DefaultRestClient.java:624) ~[spring-web-7.0.8.jar:7.0.8]
	at org.springframework.web.client.DefaultRestClient$DefaultRequestBodyUriSpec.exchange(DefaultRestClient.java:572) ~[spring-web-7.0.8.jar:7.0.8]
	at org.springframework.web.client.RestClient$RequestHeadersSpec.exchange(RestClient.java:747) ~[spring-web-7.0.8.jar:7.0.8]
	at org.springframework.web.client.DefaultRestClient$DefaultResponseSpec.executeAndExtract(DefaultRestClient.java:924) ~[spring-web-7.0.8.jar:7.0.8]
	at org.springframework.web.client.DefaultRestClient$DefaultResponseSpec.toEntityInternal(DefaultRestClient.java:870) ~[spring-web-7.0.8.jar:7.0.8]
	at org.springframework.web.client.DefaultRestClient$DefaultResponseSpec.toEntity(DefaultRestClient.java:859) ~[spring-web-7.0.8.jar:7.0.8]
	at org.springframework.cloud.netflix.eureka.http.RestClientEurekaHttpClient.sendHeartBeat(RestClientEurekaHttpClient.java:91) ~[spring-cloud-netflix-eureka-client-5.0.2.jar:5.0.2]
	at com.netflix.discovery.shared.transport.decorator.EurekaHttpClientDecorator$3.execute(EurekaHttpClientDecorator.java:92) ~[eureka-client-2.0.6.jar:2.0.6]
	at com.netflix.discovery.shared.transport.decorator.RedirectingEurekaHttpClient.executeOnNewServer(RedirectingEurekaHttpClient.java:120) ~[eureka-client-2.0.6.jar:2.0.6]
	at com.netflix.discovery.shared.transport.decorator.RedirectingEurekaHttpClient.execute(RedirectingEurekaHttpClient.java:79) ~[eureka-client-2.0.6.jar:2.0.6]
	at com.netflix.discovery.shared.transport.decorator.EurekaHttpClientDecorator.sendHeartBeat(EurekaHttpClientDecorator.java:89) ~[eureka-client-2.0.6.jar:2.0.6]
	at com.netflix.discovery.shared.transport.decorator.EurekaHttpClientDecorator$3.execute(EurekaHttpClientDecorator.java:92) ~[eureka-client-2.0.6.jar:2.0.6]
	at com.netflix.discovery.shared.transport.decorator.RetryableEurekaHttpClient.execute(RetryableEurekaHttpClient.java:120) ~[eureka-client-2.0.6.jar:2.0.6]
	at com.netflix.discovery.shared.transport.decorator.EurekaHttpClientDecorator.sendHeartBeat(EurekaHttpClientDecorator.java:89) ~[eureka-client-2.0.6.jar:2.0.6]
	at com.netflix.discovery.shared.transport.decorator.EurekaHttpClientDecorator$3.execute(EurekaHttpClientDecorator.java:92) ~[eureka-client-2.0.6.jar:2.0.6]
	at com.netflix.discovery.shared.transport.decorator.SessionedEurekaHttpClient.execute(SessionedEurekaHttpClient.java:76) ~[eureka-client-2.0.6.jar:2.0.6]
	at com.netflix.discovery.shared.transport.decorator.EurekaHttpClientDecorator.sendHeartBeat(EurekaHttpClientDecorator.java:89) ~[eureka-client-2.0.6.jar:2.0.6]
	at com.netflix.discovery.DiscoveryClient.renew(DiscoveryClient.java:860) ~[eureka-client-2.0.6.jar:2.0.6]
	at com.netflix.discovery.DiscoveryClient$HeartbeatThread.run(DiscoveryClient.java:1418) ~[eureka-client-2.0.6.jar:2.0.6]
	at java.base/java.util.concurrent.Executors$RunnableAdapter.call(Executors.java:572) ~[na:na]
	at java.base/java.util.concurrent.FutureTask.run(FutureTask.java:317) ~[na:na]
	at java.base/java.util.concurrent.ThreadPoolExecutor.runWorker(ThreadPoolExecutor.java:1144) ~[na:na]
	at java.base/java.util.concurrent.ThreadPoolExecutor$Worker.run(ThreadPoolExecutor.java:642) ~[na:na]
	at java.base/java.lang.Thread.run(Thread.java:1583) ~[na:na]
Caused by: org.apache.hc.client5.http.HttpHostConnectException: Connect to http://localhost:8761 failed: Connection refused: getsockopt
	at java.base/sun.nio.ch.Net.pollConnect(Native Method) ~[na:na]
	at java.base/sun.nio.ch.Net.pollConnectNow(Net.java:682) ~[na:na]
	at java.base/sun.nio.ch.NioSocketImpl.timedFinishConnect(NioSocketImpl.java:542) ~[na:na]
	at java.base/sun.nio.ch.NioSocketImpl.connect(NioSocketImpl.java:592) ~[na:na]
	at java.base/java.net.SocksSocketImpl.connect(SocksSocketImpl.java:327) ~[na:na]
	at java.base/java.net.Socket.connect(Socket.java:751) ~[na:na]
	at org.apache.hc.client5.http.impl.io.DefaultHttpClientConnectionOperator.connect(DefaultHttpClientConnectionOperator.java:219) ~[httpclient5-5.6.1.jar:5.6.1]
	at org.apache.hc.client5.http.impl.io.PoolingHttpClientConnectionManager.connect(PoolingHttpClientConnectionManager.java:547) ~[httpclient5-5.6.1.jar:5.6.1]
	at org.apache.hc.client5.http.impl.classic.InternalExecRuntime.connectEndpoint(InternalExecRuntime.java:164) ~[httpclient5-5.6.1.jar:5.6.1]
	at org.apache.hc.client5.http.impl.classic.InternalExecRuntime.connectEndpoint(InternalExecRuntime.java:174) ~[httpclient5-5.6.1.jar:5.6.1]
	at org.apache.hc.client5.http.impl.classic.ConnectExec.execute(ConnectExec.java:144) ~[httpclient5-5.6.1.jar:5.6.1]
	at org.apache.hc.client5.http.impl.classic.ExecChainElement.execute(ExecChainElement.java:51) ~[httpclient5-5.6.1.jar:5.6.1]
	at org.apache.hc.client5.http.impl.classic.ProtocolExec.execute(ProtocolExec.java:192) ~[httpclient5-5.6.1.jar:5.6.1]
	at org.apache.hc.client5.http.impl.classic.ExecChainElement.execute(ExecChainElement.java:51) ~[httpclient5-5.6.1.jar:5.6.1]
	at org.apache.hc.client5.http.impl.classic.ContentCompressionExec.execute(ContentCompressionExec.java:138) ~[httpclient5-5.6.1.jar:5.6.1]
	at org.apache.hc.client5.http.impl.classic.ExecChainElement.execute(ExecChainElement.java:51) ~[httpclient5-5.6.1.jar:5.6.1]
	at org.apache.hc.client5.http.impl.classic.HttpRequestRetryExec.execute(HttpRequestRetryExec.java:112) ~[httpclient5-5.6.1.jar:5.6.1]
	at org.apache.hc.client5.http.impl.classic.ExecChainElement.execute(ExecChainElement.java:51) ~[httpclient5-5.6.1.jar:5.6.1]
	at org.apache.hc.client5.http.impl.classic.RedirectExec.execute(RedirectExec.java:110) ~[httpclient5-5.6.1.jar:5.6.1]
	at org.apache.hc.client5.http.impl.classic.ExecChainElement.execute(ExecChainElement.java:51) ~[httpclient5-5.6.1.jar:5.6.1]
	at org.apache.hc.client5.http.impl.classic.InternalHttpClient.doExecute(InternalHttpClient.java:185) ~[httpclient5-5.6.1.jar:5.6.1]
	at org.apache.hc.client5.http.impl.classic.CloseableHttpClient.execute(CloseableHttpClient.java:87) ~[httpclient5-5.6.1.jar:5.6.1]
	at org.apache.hc.client5.http.impl.classic.CloseableHttpClient.execute(CloseableHttpClient.java:55) ~[httpclient5-5.6.1.jar:5.6.1]
	at org.apache.hc.client5.http.classic.HttpClient.executeOpen(HttpClient.java:183) ~[httpclient5-5.6.1.jar:5.6.1]
	at org.springframework.http.client.HttpComponentsClientHttpRequest.executeInternal(HttpComponentsClientHttpRequest.java:99) ~[spring-web-7.0.8.jar:7.0.8]
	at org.springframework.http.client.AbstractStreamingClientHttpRequest.executeInternal(AbstractStreamingClientHttpRequest.java:87) ~[spring-web-7.0.8.jar:7.0.8]
	at org.springframework.http.client.AbstractClientHttpRequest.execute(AbstractClientHttpRequest.java:80) ~[spring-web-7.0.8.jar:7.0.8]
	at org.springframework.http.client.AbstractBufferingClientHttpRequest.executeWithRequestAndBody(AbstractBufferingClientHttpRequest.java:89) ~[spring-web-7.0.8.jar:7.0.8]
	at org.springframework.http.client.InterceptingClientHttpRequest$EndOfChainRequestExecution.execute(InterceptingClientHttpRequest.java:102) ~[spring-web-7.0.8.jar:7.0.8]
	at org.springframework.cloud.netflix.eureka.http.RestClientTransportClientFactory.lambda$newClient$2(RestClientTransportClientFactory.java:98) ~[spring-cloud-netflix-eureka-client-5.0.2.jar:5.0.2]
	at org.springframework.http.client.ClientHttpRequestInterceptor.lambda$apply$0(ClientHttpRequestInterceptor.java:89) ~[spring-web-7.0.8.jar:7.0.8]
	at org.springframework.http.client.InterceptingClientHttpRequest.executeInternal(InterceptingClientHttpRequest.java:73) ~[spring-web-7.0.8.jar:7.0.8]
	at org.springframework.http.client.AbstractBufferingClientHttpRequest.executeInternal(AbstractBufferingClientHttpRequest.java:50) ~[spring-web-7.0.8.jar:7.0.8]
	at org.springframework.http.client.AbstractClientHttpRequest.execute(AbstractClientHttpRequest.java:80) ~[spring-web-7.0.8.jar:7.0.8]
	at org.springframework.web.client.DefaultRestClient$DefaultRequestBodyUriSpec.exchangeInternal(DefaultRestClient.java:614) ~[spring-web-7.0.8.jar:7.0.8]
	... 23 common frames omitted

2026-08-31T19:38:09.436+05:30  WARN 31356 --- [FoodServiceApp] [DiscoveryClient-HeartbeatExecutor-%d] c.n.d.s.t.d.RetryableEurekaHttpClient    : Request execution failed with message: I/O error on PUT request for "http://localhost:8761/eureka/apps/FOODSERVICEAPP/localhost:FoodServiceApp:9091": Connect to http://localhost:8761 failed: Connection refused: getsockopt
2026-08-31T19:38:09.435+05:30  INFO 31356 --- [FoodServiceApp] [DiscoveryClient-CacheRefreshExecutor-%d] com.netflix.discovery.DiscoveryClient    : DiscoveryClient_FOODSERVICEAPP/localhost:FoodServiceApp:9091 - was unable to refresh its cache! This periodic background refresh will be retried in 30 seconds. status = Cannot execute request on any known server

com.netflix.discovery.shared.transport.TransportException: Cannot execute request on any known server
	at com.netflix.discovery.shared.transport.decorator.RetryableEurekaHttpClient.execute(RetryableEurekaHttpClient.java:112) ~[eureka-client-2.0.6.jar:2.0.6]
	at com.netflix.discovery.shared.transport.decorator.EurekaHttpClientDecorator.getApplications(EurekaHttpClientDecorator.java:134) ~[eureka-client-2.0.6.jar:2.0.6]
	at com.netflix.discovery.shared.transport.decorator.EurekaHttpClientDecorator$6.execute(EurekaHttpClientDecorator.java:137) ~[eureka-client-2.0.6.jar:2.0.6]
	at com.netflix.discovery.shared.transport.decorator.SessionedEurekaHttpClient.execute(SessionedEurekaHttpClient.java:76) ~[eureka-client-2.0.6.jar:2.0.6]
	at com.netflix.discovery.shared.transport.decorator.EurekaHttpClientDecorator.getApplications(EurekaHttpClientDecorator.java:134) ~[eureka-client-2.0.6.jar:2.0.6]
	at com.netflix.discovery.DiscoveryClient.getAndStoreFullRegistry(DiscoveryClient.java:1061) ~[eureka-client-2.0.6.jar:2.0.6]
	at com.netflix.discovery.DiscoveryClient.fetchRegistry(DiscoveryClient.java:976) ~[eureka-client-2.0.6.jar:2.0.6]
	at com.netflix.discovery.DiscoveryClient.refreshRegistry(DiscoveryClient.java:1489) ~[eureka-client-2.0.6.jar:2.0.6]
	at com.netflix.discovery.DiscoveryClient$CacheRefreshThread.run(DiscoveryClient.java:1457) ~[eureka-client-2.0.6.jar:2.0.6]
	at java.base/java.util.concurrent.Executors$RunnableAdapter.call(Executors.java:572) ~[na:na]
	at java.base/java.util.concurrent.FutureTask.run(FutureTask.java:317) ~[na:na]
	at java.base/java.util.concurrent.ThreadPoolExecutor.runWorker(ThreadPoolExecutor.java:1144) ~[na:na]
	at java.base/java.util.concurrent.ThreadPoolExecutor$Worker.run(ThreadPoolExecutor.java:642) ~[na:na]
	at java.base/java.lang.Thread.run(Thread.java:1583) ~[na:na]

2026-08-31T19:38:09.437+05:30 ERROR 31356 --- [FoodServiceApp] [DiscoveryClient-HeartbeatExecutor-%d] com.netflix.discovery.DiscoveryClient    : DiscoveryClient_FOODSERVICEAPP/localhost:FoodServiceApp:9091 - was unable to send heartbeat!

com.netflix.discovery.shared.transport.TransportException: Cannot execute request on any known server
	at com.netflix.discovery.shared.transport.decorator.RetryableEurekaHttpClient.execute(RetryableEurekaHttpClient.java:112) ~[eureka-client-2.0.6.jar:2.0.6]
	at com.netflix.discovery.shared.transport.decorator.EurekaHttpClientDecorator.sendHeartBeat(EurekaHttpClientDecorator.java:89) ~[eureka-client-2.0.6.jar:2.0.6]
	at com.netflix.discovery.shared.transport.decorator.EurekaHttpClientDecorator$3.execute(EurekaHttpClientDecorator.java:92) ~[eureka-client-2.0.6.jar:2.0.6]
	at com.netflix.discovery.shared.transport.decorator.SessionedEurekaHttpClient.execute(SessionedEurekaHttpClient.java:76) ~[eureka-client-2.0.6.jar:2.0.6]
	at com.netflix.discovery.shared.transport.decorator.EurekaHttpClientDecorator.sendHeartBeat(EurekaHttpClientDecorator.java:89) ~[eureka-client-2.0.6.jar:2.0.6]
	at com.netflix.discovery.DiscoveryClient.renew(DiscoveryClient.java:860) ~[eureka-client-2.0.6.jar:2.0.6]
	at com.netflix.discovery.DiscoveryClient$HeartbeatThread.run(DiscoveryClient.java:1418) ~[eureka-client-2.0.6.jar:2.0.6]
	at java.base/java.util.concurrent.Executors$RunnableAdapter.call(Executors.java:572) ~[na:na]
	at java.base/java.util.concurrent.FutureTask.run(FutureTask.java:317) ~[na:na]
	at java.base/java.util.concurrent.ThreadPoolExecutor.runWorker(ThreadPoolExecutor.java:1144) ~[na:na]
	at java.base/java.util.concurrent.ThreadPoolExecutor$Worker.run(ThreadPoolExecutor.java:642) ~[na:na]
	at java.base/java.lang.Thread.run(Thread.java:1583) ~[na:na]

2026-08-31T19:38:09.523+05:30  INFO 31356 --- [FoodServiceApp] [DiscoveryClient-InstanceInfoReplicator-%d] com.netflix.discovery.DiscoveryClient    : DiscoveryClient_FOODSERVICEAPP/localhost:FoodServiceApp:9091: registering service...
2026-08-31T19:38:09.565+05:30  INFO 31356 --- [FoodServiceApp] [DiscoveryClient-InstanceInfoReplicator-%d] c.n.d.s.t.d.RedirectingEurekaHttpClient  : Request execution error. endpoint=DefaultEndpoint{ serviceUrl='http://localhost:8761/eureka/}, exception=I/O error on POST request for "http://localhost:8761/eureka/apps/FOODSERVICEAPP": Connect to http://localhost:8761 failed: Connection refused: getsockopt

org.springframework.web.client.ResourceAccessException: I/O error on POST request for "http://localhost:8761/eureka/apps/FOODSERVICEAPP": Connect to http://localhost:8761 failed: Connection refused: getsockopt
	at org.springframework.web.client.DefaultRestClient$DefaultRequestBodyUriSpec.createResourceAccessException(DefaultRestClient.java:779) ~[spring-web-7.0.8.jar:7.0.8]
	at org.springframework.web.client.DefaultRestClient$DefaultRequestBodyUriSpec.exchangeInternal(DefaultRestClient.java:624) ~[spring-web-7.0.8.jar:7.0.8]
	at org.springframework.web.client.DefaultRestClient$DefaultRequestBodyUriSpec.exchange(DefaultRestClient.java:572) ~[spring-web-7.0.8.jar:7.0.8]
	at org.springframework.web.client.RestClient$RequestHeadersSpec.exchange(RestClient.java:747) ~[spring-web-7.0.8.jar:7.0.8]
	at org.springframework.web.client.DefaultRestClient$DefaultResponseSpec.executeAndExtract(DefaultRestClient.java:924) ~[spring-web-7.0.8.jar:7.0.8]
	at org.springframework.web.client.DefaultRestClient$DefaultResponseSpec.toBodilessEntity(DefaultRestClient.java:888) ~[spring-web-7.0.8.jar:7.0.8]
	at org.springframework.cloud.netflix.eureka.http.RestClientEurekaHttpClient.register(RestClientEurekaHttpClient.java:64) ~[spring-cloud-netflix-eureka-client-5.0.2.jar:5.0.2]
	at com.netflix.discovery.shared.transport.decorator.EurekaHttpClientDecorator$1.execute(EurekaHttpClientDecorator.java:59) ~[eureka-client-2.0.6.jar:2.0.6]
	at com.netflix.discovery.shared.transport.decorator.RedirectingEurekaHttpClient.executeOnNewServer(RedirectingEurekaHttpClient.java:120) ~[eureka-client-2.0.6.jar:2.0.6]
	at com.netflix.discovery.shared.transport.decorator.RedirectingEurekaHttpClient.execute(RedirectingEurekaHttpClient.java:79) ~[eureka-client-2.0.6.jar:2.0.6]
	at com.netflix.discovery.shared.transport.decorator.EurekaHttpClientDecorator.register(EurekaHttpClientDecorator.java:56) ~[eureka-client-2.0.6.jar:2.0.6]
	at com.netflix.discovery.shared.transport.decorator.EurekaHttpClientDecorator$1.execute(EurekaHttpClientDecorator.java:59) ~[eureka-client-2.0.6.jar:2.0.6]
	at com.netflix.discovery.shared.transport.decorator.RetryableEurekaHttpClient.execute(RetryableEurekaHttpClient.java:120) ~[eureka-client-2.0.6.jar:2.0.6]
	at com.netflix.discovery.shared.transport.decorator.EurekaHttpClientDecorator.register(EurekaHttpClientDecorator.java:56) ~[eureka-client-2.0.6.jar:2.0.6]
	at com.netflix.discovery.shared.transport.decorator.EurekaHttpClientDecorator$1.execute(EurekaHttpClientDecorator.java:59) ~[eureka-client-2.0.6.jar:2.0.6]
	at com.netflix.discovery.shared.transport.decorator.SessionedEurekaHttpClient.execute(SessionedEurekaHttpClient.java:76) ~[eureka-client-2.0.6.jar:2.0.6]
	at com.netflix.discovery.shared.transport.decorator.EurekaHttpClientDecorator.register(EurekaHttpClientDecorator.java:56) ~[eureka-client-2.0.6.jar:2.0.6]
	at com.netflix.discovery.DiscoveryClient.register(DiscoveryClient.java:843) ~[eureka-client-2.0.6.jar:2.0.6]
	at com.netflix.discovery.InstanceInfoReplicator.run(InstanceInfoReplicator.java:125) ~[eureka-client-2.0.6.jar:2.0.6]
	at java.base/java.util.concurrent.Executors$RunnableAdapter.call(Executors.java:572) ~[na:na]
	at java.base/java.util.concurrent.FutureTask.run(FutureTask.java:317) ~[na:na]
	at java.base/java.util.concurrent.ScheduledThreadPoolExecutor$ScheduledFutureTask.run(ScheduledThreadPoolExecutor.java:304) ~[na:na]
	at java.base/java.util.concurrent.ThreadPoolExecutor.runWorker(ThreadPoolExecutor.java:1144) ~[na:na]
	at java.base/java.util.concurrent.ThreadPoolExecutor$Worker.run(ThreadPoolExecutor.java:642) ~[na:na]
	at java.base/java.lang.Thread.run(Thread.java:1583) ~[na:na]
Caused by: org.apache.hc.client5.http.HttpHostConnectException: Connect to http://localhost:8761 failed: Connection refused: getsockopt
	at java.base/sun.nio.ch.Net.pollConnect(Native Method) ~[na:na]
	at java.base/sun.nio.ch.Net.pollConnectNow(Net.java:682) ~[na:na]
	at java.base/sun.nio.ch.NioSocketImpl.timedFinishConnect(NioSocketImpl.java:542) ~[na:na]
	at java.base/sun.nio.ch.NioSocketImpl.connect(NioSocketImpl.java:592) ~[na:na]
	at java.base/java.net.SocksSocketImpl.connect(SocksSocketImpl.java:327) ~[na:na]
	at java.base/java.net.Socket.connect(Socket.java:751) ~[na:na]
	at org.apache.hc.client5.http.impl.io.DefaultHttpClientConnectionOperator.connect(DefaultHttpClientConnectionOperator.java:219) ~[httpclient5-5.6.1.jar:5.6.1]
	at org.apache.hc.client5.http.impl.io.PoolingHttpClientConnectionManager.connect(PoolingHttpClientConnectionManager.java:547) ~[httpclient5-5.6.1.jar:5.6.1]
	at org.apache.hc.client5.http.impl.classic.InternalExecRuntime.connectEndpoint(InternalExecRuntime.java:164) ~[httpclient5-5.6.1.jar:5.6.1]
	at org.apache.hc.client5.http.impl.classic.InternalExecRuntime.connectEndpoint(InternalExecRuntime.java:174) ~[httpclient5-5.6.1.jar:5.6.1]
	at org.apache.hc.client5.http.impl.classic.ConnectExec.execute(ConnectExec.java:144) ~[httpclient5-5.6.1.jar:5.6.1]
	at org.apache.hc.client5.http.impl.classic.ExecChainElement.execute(ExecChainElement.java:51) ~[httpclient5-5.6.1.jar:5.6.1]
	at org.apache.hc.client5.http.impl.classic.ProtocolExec.execute(ProtocolExec.java:192) ~[httpclient5-5.6.1.jar:5.6.1]
	at org.apache.hc.client5.http.impl.classic.ExecChainElement.execute(ExecChainElement.java:51) ~[httpclient5-5.6.1.jar:5.6.1]
	at org.apache.hc.client5.http.impl.classic.ContentCompressionExec.execute(ContentCompressionExec.java:138) ~[httpclient5-5.6.1.jar:5.6.1]
	at org.apache.hc.client5.http.impl.classic.ExecChainElement.execute(ExecChainElement.java:51) ~[httpclient5-5.6.1.jar:5.6.1]
	at org.apache.hc.client5.http.impl.classic.HttpRequestRetryExec.execute(HttpRequestRetryExec.java:112) ~[httpclient5-5.6.1.jar:5.6.1]
	at org.apache.hc.client5.http.impl.classic.ExecChainElement.execute(ExecChainElement.java:51) ~[httpclient5-5.6.1.jar:5.6.1]
	at org.apache.hc.client5.http.impl.classic.RedirectExec.execute(RedirectExec.java:110) ~[httpclient5-5.6.1.jar:5.6.1]
	at org.apache.hc.client5.http.impl.classic.ExecChainElement.execute(ExecChainElement.java:51) ~[httpclient5-5.6.1.jar:5.6.1]
	at org.apache.hc.client5.http.impl.classic.InternalHttpClient.doExecute(InternalHttpClient.java:185) ~[httpclient5-5.6.1.jar:5.6.1]
	at org.apache.hc.client5.http.impl.classic.CloseableHttpClient.execute(CloseableHttpClient.java:87) ~[httpclient5-5.6.1.jar:5.6.1]
	at org.apache.hc.client5.http.impl.classic.CloseableHttpClient.execute(CloseableHttpClient.java:55) ~[httpclient5-5.6.1.jar:5.6.1]
	at org.apache.hc.client5.http.classic.HttpClient.executeOpen(HttpClient.java:183) ~[httpclient5-5.6.1.jar:5.6.1]
	at org.springframework.http.client.HttpComponentsClientHttpRequest.executeInternal(HttpComponentsClientHttpRequest.java:99) ~[spring-web-7.0.8.jar:7.0.8]
	at org.springframework.http.client.AbstractStreamingClientHttpRequest.executeInternal(AbstractStreamingClientHttpRequest.java:87) ~[spring-web-7.0.8.jar:7.0.8]
	at org.springframework.http.client.AbstractClientHttpRequest.execute(AbstractClientHttpRequest.java:80) ~[spring-web-7.0.8.jar:7.0.8]
	at org.springframework.http.client.AbstractBufferingClientHttpRequest.executeWithRequestAndBody(AbstractBufferingClientHttpRequest.java:89) ~[spring-web-7.0.8.jar:7.0.8]
	at org.springframework.http.client.InterceptingClientHttpRequest$EndOfChainRequestExecution.execute(InterceptingClientHttpRequest.java:102) ~[spring-web-7.0.8.jar:7.0.8]
	at org.springframework.cloud.netflix.eureka.http.RestClientTransportClientFactory.lambda$newClient$2(RestClientTransportClientFactory.java:98) ~[spring-cloud-netflix-eureka-client-5.0.2.jar:5.0.2]
	at org.springframework.http.client.ClientHttpRequestInterceptor.lambda$apply$0(ClientHttpRequestInterceptor.java:89) ~[spring-web-7.0.8.jar:7.0.8]
	at org.springframework.http.client.InterceptingClientHttpRequest.executeInternal(InterceptingClientHttpRequest.java:73) ~[spring-web-7.0.8.jar:7.0.8]
	at org.springframework.http.client.AbstractBufferingClientHttpRequest.executeInternal(AbstractBufferingClientHttpRequest.java:50) ~[spring-web-7.0.8.jar:7.0.8]
	at org.springframework.http.client.AbstractClientHttpRequest.execute(AbstractClientHttpRequest.java:80) ~[spring-web-7.0.8.jar:7.0.8]
	at org.springframework.web.client.DefaultRestClient$DefaultRequestBodyUriSpec.exchangeInternal(DefaultRestClient.java:614) ~[spring-web-7.0.8.jar:7.0.8]
	... 23 common frames omitted

2026-08-31T19:38:09.569+05:30  WARN 31356 --- [FoodServiceApp] [DiscoveryClient-InstanceInfoReplicator-%d] c.n.d.s.t.d.RetryableEurekaHttpClient    : Request execution failed with message: I/O error on POST request for "http://localhost:8761/eureka/apps/FOODSERVICEAPP": Connect to http://localhost:8761 failed: Connection refused: getsockopt
2026-08-31T19:38:09.569+05:30  WARN 31356 --- [FoodServiceApp] [DiscoveryClient-InstanceInfoReplicator-%d] com.netflix.discovery.DiscoveryClient    : DiscoveryClient_FOODSERVICEAPP/localhost:FoodServiceApp:9091 - registration failed Cannot execute request on any known server

com.netflix.discovery.shared.transport.TransportException: Cannot execute request on any known server
	at com.netflix.discovery.shared.transport.decorator.RetryableEurekaHttpClient.execute(RetryableEurekaHttpClient.java:112) ~[eureka-client-2.0.6.jar:2.0.6]
	at com.netflix.discovery.shared.transport.decorator.EurekaHttpClientDecorator.register(EurekaHttpClientDecorator.java:56) ~[eureka-client-2.0.6.jar:2.0.6]
	at com.netflix.discovery.shared.transport.decorator.EurekaHttpClientDecorator$1.execute(EurekaHttpClientDecorator.java:59) ~[eureka-client-2.0.6.jar:2.0.6]
	at com.netflix.discovery.shared.transport.decorator.SessionedEurekaHttpClient.execute(SessionedEurekaHttpClient.java:76) ~[eureka-client-2.0.6.jar:2.0.6]
	at com.netflix.discovery.shared.transport.decorator.EurekaHttpClientDecorator.register(EurekaHttpClientDecorator.java:56) ~[eureka-client-2.0.6.jar:2.0.6]
	at com.netflix.discovery.DiscoveryClient.register(DiscoveryClient.java:843) ~[eureka-client-2.0.6.jar:2.0.6]
	at com.netflix.discovery.InstanceInfoReplicator.run(InstanceInfoReplicator.java:125) ~[eureka-client-2.0.6.jar:2.0.6]
	at java.base/java.util.concurrent.Executors$RunnableAdapter.call(Executors.java:572) ~[na:na]
	at java.base/java.util.concurrent.FutureTask.run(FutureTask.java:317) ~[na:na]
	at java.base/java.util.concurrent.ScheduledThreadPoolExecutor$ScheduledFutureTask.run(ScheduledThreadPoolExecutor.java:304) ~[na:na]
	at java.base/java.util.concurrent.ThreadPoolExecutor.runWorker(ThreadPoolExecutor.java:1144) ~[na:na]
	at java.base/java.util.concurrent.ThreadPoolExecutor$Worker.run(ThreadPoolExecutor.java:642) ~[na:na]
	at java.base/java.lang.Thread.run(Thread.java:1583) ~[na:na]

2026-08-31T19:38:09.572+05:30  WARN 31356 --- [FoodServiceApp] [DiscoveryClient-InstanceInfoReplicator-%d] c.n.discovery.InstanceInfoReplicator     : There was a problem with the instance info replicator

com.netflix.discovery.shared.transport.TransportException: Cannot execute request on any known server
	at com.netflix.discovery.shared.transport.decorator.RetryableEurekaHttpClient.execute(RetryableEurekaHttpClient.java:112) ~[eureka-client-2.0.6.jar:2.0.6]
	at com.netflix.discovery.shared.transport.decorator.EurekaHttpClientDecorator.register(EurekaHttpClientDecorator.java:56) ~[eureka-client-2.0.6.jar:2.0.6]
	at com.netflix.discovery.shared.transport.decorator.EurekaHttpClientDecorator$1.execute(EurekaHttpClientDecorator.java:59) ~[eureka-client-2.0.6.jar:2.0.6]
	at com.netflix.discovery.shared.transport.decorator.SessionedEurekaHttpClient.execute(SessionedEurekaHttpClient.java:76) ~[eureka-client-2.0.6.jar:2.0.6]
	at com.netflix.discovery.shared.transport.decorator.EurekaHttpClientDecorator.register(EurekaHttpClientDecorator.java:56) ~[eureka-client-2.0.6.jar:2.0.6]
	at com.netflix.discovery.DiscoveryClient.register(DiscoveryClient.java:843) ~[eureka-client-2.0.6.jar:2.0.6]
	at com.netflix.discovery.InstanceInfoReplicator.run(InstanceInfoReplicator.java:125) ~[eureka-client-2.0.6.jar:2.0.6]
	at java.base/java.util.concurrent.Executors$RunnableAdapter.call(Executors.java:572) ~[na:na]
	at java.base/java.util.concurrent.FutureTask.run(FutureTask.java:317) ~[na:na]
	at java.base/java.util.concurrent.ScheduledThreadPoolExecutor$ScheduledFutureTask.run(ScheduledThreadPoolExecutor.java:304) ~[na:na]
	at java.base/java.util.concurrent.ThreadPoolExecutor.runWorker(ThreadPoolExecutor.java:1144) ~[na:na]
	at java.base/java.util.concurrent.ThreadPoolExecutor$Worker.run(ThreadPoolExecutor.java:642) ~[na:na]
	at java.base/java.lang.Thread.run(Thread.java:1583) ~[na:na]

2026-08-31T19:38:39.448+05:30  INFO 31356 --- [FoodServiceApp] [DiscoveryClient-CacheRefreshExecutor-%d] com.netflix.discovery.DiscoveryClient    : Disable delta property : false
2026-08-31T19:38:39.448+05:30  INFO 31356 --- [FoodServiceApp] [DiscoveryClient-CacheRefreshExecutor-%d] com.netflix.discovery.DiscoveryClient    : Single vip registry refresh property : null
2026-08-31T19:38:39.449+05:30  INFO 31356 --- [FoodServiceApp] [DiscoveryClient-CacheRefreshExecutor-%d] com.netflix.discovery.DiscoveryClient    : Force full registry fetch : false
2026-08-31T19:38:39.449+05:30  INFO 31356 --- [FoodServiceApp] [DiscoveryClient-CacheRefreshExecutor-%d] com.netflix.discovery.DiscoveryClient    : Application is null : false
2026-08-31T19:38:39.449+05:30  INFO 31356 --- [FoodServiceApp] [DiscoveryClient-CacheRefreshExecutor-%d] com.netflix.discovery.DiscoveryClient    : Registered Applications size is zero : true
2026-08-31T19:38:39.450+05:30  INFO 31356 --- [FoodServiceApp] [DiscoveryClient-CacheRefreshExecutor-%d] com.netflix.discovery.DiscoveryClient    : Application version is -1: true
2026-08-31T19:38:39.450+05:30  INFO 31356 --- [FoodServiceApp] [DiscoveryClient-CacheRefreshExecutor-%d] com.netflix.discovery.DiscoveryClient    : Getting all instance registry info from the eureka server
2026-08-31T19:38:39.456+05:30  INFO 31356 --- [FoodServiceApp] [DiscoveryClient-HeartbeatExecutor-%d] c.n.d.s.t.d.RedirectingEurekaHttpClient  : Request execution error. endpoint=DefaultEndpoint{ serviceUrl='http://localhost:8761/eureka/}, exception=I/O error on PUT request for "http://localhost:8761/eureka/apps/FOODSERVICEAPP/localhost:FoodServiceApp:9091": Connect to http://localhost:8761 failed: Connection refused: getsockopt

org.springframework.web.client.ResourceAccessException: I/O error on PUT request for "http://localhost:8761/eureka/apps/FOODSERVICEAPP/localhost:FoodServiceApp:9091": Connect to http://localhost:8761 failed: Connection refused: getsockopt
	at org.springframework.web.client.DefaultRestClient$DefaultRequestBodyUriSpec.createResourceAccessException(DefaultRestClient.java:779) ~[spring-web-7.0.8.jar:7.0.8]
	at org.springframework.web.client.DefaultRestClient$DefaultRequestBodyUriSpec.exchangeInternal(DefaultRestClient.java:624) ~[spring-web-7.0.8.jar:7.0.8]
	at org.springframework.web.client.DefaultRestClient$DefaultRequestBodyUriSpec.exchange(DefaultRestClient.java:572) ~[spring-web-7.0.8.jar:7.0.8]
	at org.springframework.web.client.RestClient$RequestHeadersSpec.exchange(RestClient.java:747) ~[spring-web-7.0.8.jar:7.0.8]
	at org.springframework.web.client.DefaultRestClient$DefaultResponseSpec.executeAndExtract(DefaultRestClient.java:924) ~[spring-web-7.0.8.jar:7.0.8]
	at org.springframework.web.client.DefaultRestClient$DefaultResponseSpec.toEntityInternal(DefaultRestClient.java:870) ~[spring-web-7.0.8.jar:7.0.8]
	at org.springframework.web.client.DefaultRestClient$DefaultResponseSpec.toEntity(DefaultRestClient.java:859) ~[spring-web-7.0.8.jar:7.0.8]
	at org.springframework.cloud.netflix.eureka.http.RestClientEurekaHttpClient.sendHeartBeat(RestClientEurekaHttpClient.java:91) ~[spring-cloud-netflix-eureka-client-5.0.2.jar:5.0.2]
	at com.netflix.discovery.shared.transport.decorator.EurekaHttpClientDecorator$3.execute(EurekaHttpClientDecorator.java:92) ~[eureka-client-2.0.6.jar:2.0.6]
	at com.netflix.discovery.shared.transport.decorator.RedirectingEurekaHttpClient.executeOnNewServer(RedirectingEurekaHttpClient.java:120) ~[eureka-client-2.0.6.jar:2.0.6]
	at com.netflix.discovery.shared.transport.decorator.RedirectingEurekaHttpClient.execute(RedirectingEurekaHttpClient.java:79) ~[eureka-client-2.0.6.jar:2.0.6]
	at com.netflix.discovery.shared.transport.decorator.EurekaHttpClientDecorator.sendHeartBeat(EurekaHttpClientDecorator.java:89) ~[eureka-client-2.0.6.jar:2.0.6]
	at com.netflix.discovery.shared.transport.decorator.EurekaHttpClientDecorator$3.execute(EurekaHttpClientDecorator.java:92) ~[eureka-client-2.0.6.jar:2.0.6]
	at com.netflix.discovery.shared.transport.decorator.RetryableEurekaHttpClient.execute(RetryableEurekaHttpClient.java:120) ~[eureka-client-2.0.6.jar:2.0.6]
	at com.netflix.discovery.shared.transport.decorator.EurekaHttpClientDecorator.sendHeartBeat(EurekaHttpClientDecorator.java:89) ~[eureka-client-2.0.6.jar:2.0.6]
	at com.netflix.discovery.shared.transport.decorator.EurekaHttpClientDecorator$3.execute(EurekaHttpClientDecorator.java:92) ~[eureka-client-2.0.6.jar:2.0.6]
	at com.netflix.discovery.shared.transport.decorator.SessionedEurekaHttpClient.execute(SessionedEurekaHttpClient.java:76) ~[eureka-client-2.0.6.jar:2.0.6]
	at com.netflix.discovery.shared.transport.decorator.EurekaHttpClientDecorator.sendHeartBeat(EurekaHttpClientDecorator.java:89) ~[eureka-client-2.0.6.jar:2.0.6]
	at com.netflix.discovery.DiscoveryClient.renew(DiscoveryClient.java:860) ~[eureka-client-2.0.6.jar:2.0.6]
	at com.netflix.discovery.DiscoveryClient$HeartbeatThread.run(DiscoveryClient.java:1418) ~[eureka-client-2.0.6.jar:2.0.6]
	at java.base/java.util.concurrent.Executors$RunnableAdapter.call(Executors.java:572) ~[na:na]
	at java.base/java.util.concurrent.FutureTask.run(FutureTask.java:317) ~[na:na]
	at java.base/java.util.concurrent.ThreadPoolExecutor.runWorker(ThreadPoolExecutor.java:1144) ~[na:na]
	at java.base/java.util.concurrent.ThreadPoolExecutor$Worker.run(ThreadPoolExecutor.java:642) ~[na:na]
	at java.base/java.lang.Thread.run(Thread.java:1583) ~[na:na]
Caused by: org.apache.hc.client5.http.HttpHostConnectException: Connect to http://localhost:8761 failed: Connection refused: getsockopt
	at java.base/sun.nio.ch.Net.pollConnect(Native Method) ~[na:na]
	at java.base/sun.nio.ch.Net.pollConnectNow(Net.java:682) ~[na:na]
	at java.base/sun.nio.ch.NioSocketImpl.timedFinishConnect(NioSocketImpl.java:542) ~[na:na]
	at java.base/sun.nio.ch.NioSocketImpl.connect(NioSocketImpl.java:592) ~[na:na]
	at java.base/java.net.SocksSocketImpl.connect(SocksSocketImpl.java:327) ~[na:na]
	at java.base/java.net.Socket.connect(Socket.java:751) ~[na:na]
	at org.apache.hc.client5.http.impl.io.DefaultHttpClientConnectionOperator.connect(DefaultHttpClientConnectionOperator.java:219) ~[httpclient5-5.6.1.jar:5.6.1]
	at org.apache.hc.client5.http.impl.io.PoolingHttpClientConnectionManager.connect(PoolingHttpClientConnectionManager.java:547) ~[httpclient5-5.6.1.jar:5.6.1]
	at org.apache.hc.client5.http.impl.classic.InternalExecRuntime.connectEndpoint(InternalExecRuntime.java:164) ~[httpclient5-5.6.1.jar:5.6.1]
	at org.apache.hc.client5.http.impl.classic.InternalExecRuntime.connectEndpoint(InternalExecRuntime.java:174) ~[httpclient5-5.6.1.jar:5.6.1]
	at org.apache.hc.client5.http.impl.classic.ConnectExec.execute(ConnectExec.java:144) ~[httpclient5-5.6.1.jar:5.6.1]
	at org.apache.hc.client5.http.impl.classic.ExecChainElement.execute(ExecChainElement.java:51) ~[httpclient5-5.6.1.jar:5.6.1]
	at org.apache.hc.client5.http.impl.classic.ProtocolExec.execute(ProtocolExec.java:192) ~[httpclient5-5.6.1.jar:5.6.1]
	at org.apache.hc.client5.http.impl.classic.ExecChainElement.execute(ExecChainElement.java:51) ~[httpclient5-5.6.1.jar:5.6.1]
	at org.apache.hc.client5.http.impl.classic.ContentCompressionExec.execute(ContentCompressionExec.java:138) ~[httpclient5-5.6.1.jar:5.6.1]
	at org.apache.hc.client5.http.impl.classic.ExecChainElement.execute(ExecChainElement.java:51) ~[httpclient5-5.6.1.jar:5.6.1]
	at org.apache.hc.client5.http.impl.classic.HttpRequestRetryExec.execute(HttpRequestRetryExec.java:112) ~[httpclient5-5.6.1.jar:5.6.1]
	at org.apache.hc.client5.http.impl.classic.ExecChainElement.execute(ExecChainElement.java:51) ~[httpclient5-5.6.1.jar:5.6.1]
	at org.apache.hc.client5.http.impl.classic.RedirectExec.execute(RedirectExec.java:110) ~[httpclient5-5.6.1.jar:5.6.1]
	at org.apache.hc.client5.http.impl.classic.ExecChainElement.execute(ExecChainElement.java:51) ~[httpclient5-5.6.1.jar:5.6.1]
	at org.apache.hc.client5.http.impl.classic.InternalHttpClient.doExecute(InternalHttpClient.java:185) ~[httpclient5-5.6.1.jar:5.6.1]
	at org.apache.hc.client5.http.impl.classic.CloseableHttpClient.execute(CloseableHttpClient.java:87) ~[httpclient5-5.6.1.jar:5.6.1]
	at org.apache.hc.client5.http.impl.classic.CloseableHttpClient.execute(CloseableHttpClient.java:55) ~[httpclient5-5.6.1.jar:5.6.1]
	at org.apache.hc.client5.http.classic.HttpClient.executeOpen(HttpClient.java:183) ~[httpclient5-5.6.1.jar:5.6.1]
	at org.springframework.http.client.HttpComponentsClientHttpRequest.executeInternal(HttpComponentsClientHttpRequest.java:99) ~[spring-web-7.0.8.jar:7.0.8]
	at org.springframework.http.client.AbstractStreamingClientHttpRequest.executeInternal(AbstractStreamingClientHttpRequest.java:87) ~[spring-web-7.0.8.jar:7.0.8]
	at org.springframework.http.client.AbstractClientHttpRequest.execute(AbstractClientHttpRequest.java:80) ~[spring-web-7.0.8.jar:7.0.8]
	at org.springframework.http.client.AbstractBufferingClientHttpRequest.executeWithRequestAndBody(AbstractBufferingClientHttpRequest.java:89) ~[spring-web-7.0.8.jar:7.0.8]
	at org.springframework.http.client.InterceptingClientHttpRequest$EndOfChainRequestExecution.execute(InterceptingClientHttpRequest.java:102) ~[spring-web-7.0.8.jar:7.0.8]
	at org.springframework.cloud.netflix.eureka.http.RestClientTransportClientFactory.lambda$newClient$2(RestClientTransportClientFactory.java:98) ~[spring-cloud-netflix-eureka-client-5.0.2.jar:5.0.2]
	at org.springframework.http.client.ClientHttpRequestInterceptor.lambda$apply$0(ClientHttpRequestInterceptor.java:89) ~[spring-web-7.0.8.jar:7.0.8]
	at org.springframework.http.client.InterceptingClientHttpRequest.executeInternal(InterceptingClientHttpRequest.java:73) ~[spring-web-7.0.8.jar:7.0.8]
	at org.springframework.http.client.AbstractBufferingClientHttpRequest.executeInternal(AbstractBufferingClientHttpRequest.java:50) ~[spring-web-7.0.8.jar:7.0.8]
	at org.springframework.http.client.AbstractClientHttpRequest.execute(AbstractClientHttpRequest.java:80) ~[spring-web-7.0.8.jar:7.0.8]
	at org.springframework.web.client.DefaultRestClient$DefaultRequestBodyUriSpec.exchangeInternal(DefaultRestClient.java:614) ~[spring-web-7.0.8.jar:7.0.8]
	... 23 common frames omitted

2026-08-31T19:38:39.462+05:30  WARN 31356 --- [FoodServiceApp] [DiscoveryClient-HeartbeatExecutor-%d] c.n.d.s.t.d.RetryableEurekaHttpClient    : Request execution failed with message: I/O error on PUT request for "http://localhost:8761/eureka/apps/FOODSERVICEAPP/localhost:FoodServiceApp:9091": Connect to http://localhost:8761 failed: Connection refused: getsockopt
2026-08-31T19:38:39.462+05:30 ERROR 31356 --- [FoodServiceApp] [DiscoveryClient-HeartbeatExecutor-%d] com.netflix.discovery.DiscoveryClient    : DiscoveryClient_FOODSERVICEAPP/localhost:FoodServiceApp:9091 - was unable to send heartbeat!

com.netflix.discovery.shared.transport.TransportException: Cannot execute request on any known server
	at com.netflix.discovery.shared.transport.decorator.RetryableEurekaHttpClient.execute(RetryableEurekaHttpClient.java:112) ~[eureka-client-2.0.6.jar:2.0.6]
	at com.netflix.discovery.shared.transport.decorator.EurekaHttpClientDecorator.sendHeartBeat(EurekaHttpClientDecorator.java:89) ~[eureka-client-2.0.6.jar:2.0.6]
	at com.netflix.discovery.shared.transport.decorator.EurekaHttpClientDecorator$3.execute(EurekaHttpClientDecorator.java:92) ~[eureka-client-2.0.6.jar:2.0.6]
	at com.netflix.discovery.shared.transport.decorator.SessionedEurekaHttpClient.execute(SessionedEurekaHttpClient.java:76) ~[eureka-client-2.0.6.jar:2.0.6]
	at com.netflix.discovery.shared.transport.decorator.EurekaHttpClientDecorator.sendHeartBeat(EurekaHttpClientDecorator.java:89) ~[eureka-client-2.0.6.jar:2.0.6]
	at com.netflix.discovery.DiscoveryClient.renew(DiscoveryClient.java:860) ~[eureka-client-2.0.6.jar:2.0.6]
	at com.netflix.discovery.DiscoveryClient$HeartbeatThread.run(DiscoveryClient.java:1418) ~[eureka-client-2.0.6.jar:2.0.6]
	at java.base/java.util.concurrent.Executors$RunnableAdapter.call(Executors.java:572) ~[na:na]
	at java.base/java.util.concurrent.FutureTask.run(FutureTask.java:317) ~[na:na]
	at java.base/java.util.concurrent.ThreadPoolExecutor.runWorker(ThreadPoolExecutor.java:1144) ~[na:na]
	at java.base/java.util.concurrent.ThreadPoolExecutor$Worker.run(ThreadPoolExecutor.java:642) ~[na:na]
	at java.base/java.lang.Thread.run(Thread.java:1583) ~[na:na]

2026-08-31T19:38:39.459+05:30  INFO 31356 --- [FoodServiceApp] [DiscoveryClient-CacheRefreshExecutor-%d] c.n.d.s.t.d.RedirectingEurekaHttpClient  : Request execution error. endpoint=DefaultEndpoint{ serviceUrl='http://localhost:8761/eureka/}, exception=I/O error on GET request for "http://localhost:8761/eureka/apps/": Connect to http://localhost:8761 failed: Connection refused: getsockopt

org.springframework.web.client.ResourceAccessException: I/O error on GET request for "http://localhost:8761/eureka/apps/": Connect to http://localhost:8761 failed: Connection refused: getsockopt
	at org.springframework.web.client.DefaultRestClient$DefaultRequestBodyUriSpec.createResourceAccessException(DefaultRestClient.java:779) ~[spring-web-7.0.8.jar:7.0.8]
	at org.springframework.web.client.DefaultRestClient$DefaultRequestBodyUriSpec.exchangeInternal(DefaultRestClient.java:624) ~[spring-web-7.0.8.jar:7.0.8]
	at org.springframework.web.client.DefaultRestClient$DefaultRequestBodyUriSpec.exchange(DefaultRestClient.java:572) ~[spring-web-7.0.8.jar:7.0.8]
	at org.springframework.web.client.RestClient$RequestHeadersSpec.exchange(RestClient.java:747) ~[spring-web-7.0.8.jar:7.0.8]
	at org.springframework.web.client.DefaultRestClient$DefaultResponseSpec.executeAndExtract(DefaultRestClient.java:924) ~[spring-web-7.0.8.jar:7.0.8]
	at org.springframework.web.client.DefaultRestClient$DefaultResponseSpec.toEntityInternal(DefaultRestClient.java:870) ~[spring-web-7.0.8.jar:7.0.8]
	at org.springframework.web.client.DefaultRestClient$DefaultResponseSpec.toEntity(DefaultRestClient.java:859) ~[spring-web-7.0.8.jar:7.0.8]
	at org.springframework.cloud.netflix.eureka.http.RestClientEurekaHttpClient.getApplicationsInternal(RestClientEurekaHttpClient.java:201) ~[spring-cloud-netflix-eureka-client-5.0.2.jar:5.0.2]
	at org.springframework.cloud.netflix.eureka.http.RestClientEurekaHttpClient.getApplications(RestClientEurekaHttpClient.java:137) ~[spring-cloud-netflix-eureka-client-5.0.2.jar:5.0.2]
	at com.netflix.discovery.shared.transport.decorator.EurekaHttpClientDecorator$6.execute(EurekaHttpClientDecorator.java:137) ~[eureka-client-2.0.6.jar:2.0.6]
	at com.netflix.discovery.shared.transport.decorator.RedirectingEurekaHttpClient.executeOnNewServer(RedirectingEurekaHttpClient.java:120) ~[eureka-client-2.0.6.jar:2.0.6]
	at com.netflix.discovery.shared.transport.decorator.RedirectingEurekaHttpClient.execute(RedirectingEurekaHttpClient.java:79) ~[eureka-client-2.0.6.jar:2.0.6]
	at com.netflix.discovery.shared.transport.decorator.EurekaHttpClientDecorator.getApplications(EurekaHttpClientDecorator.java:134) ~[eureka-client-2.0.6.jar:2.0.6]
	at com.netflix.discovery.shared.transport.decorator.EurekaHttpClientDecorator$6.execute(EurekaHttpClientDecorator.java:137) ~[eureka-client-2.0.6.jar:2.0.6]
	at com.netflix.discovery.shared.transport.decorator.RetryableEurekaHttpClient.execute(RetryableEurekaHttpClient.java:120) ~[eureka-client-2.0.6.jar:2.0.6]
	at com.netflix.discovery.shared.transport.decorator.EurekaHttpClientDecorator.getApplications(EurekaHttpClientDecorator.java:134) ~[eureka-client-2.0.6.jar:2.0.6]
	at com.netflix.discovery.shared.transport.decorator.EurekaHttpClientDecorator$6.execute(EurekaHttpClientDecorator.java:137) ~[eureka-client-2.0.6.jar:2.0.6]
	at com.netflix.discovery.shared.transport.decorator.SessionedEurekaHttpClient.execute(SessionedEurekaHttpClient.java:76) ~[eureka-client-2.0.6.jar:2.0.6]
	at com.netflix.discovery.shared.transport.decorator.EurekaHttpClientDecorator.getApplications(EurekaHttpClientDecorator.java:134) ~[eureka-client-2.0.6.jar:2.0.6]
	at com.netflix.discovery.DiscoveryClient.getAndStoreFullRegistry(DiscoveryClient.java:1061) ~[eureka-client-2.0.6.jar:2.0.6]
	at com.netflix.discovery.DiscoveryClient.fetchRegistry(DiscoveryClient.java:976) ~[eureka-client-2.0.6.jar:2.0.6]
	at com.netflix.discovery.DiscoveryClient.refreshRegistry(DiscoveryClient.java:1489) ~[eureka-client-2.0.6.jar:2.0.6]
	at com.netflix.discovery.DiscoveryClient$CacheRefreshThread.run(DiscoveryClient.java:1457) ~[eureka-client-2.0.6.jar:2.0.6]
	at java.base/java.util.concurrent.Executors$RunnableAdapter.call(Executors.java:572) ~[na:na]
	at java.base/java.util.concurrent.FutureTask.run(FutureTask.java:317) ~[na:na]
	at java.base/java.util.concurrent.ThreadPoolExecutor.runWorker(ThreadPoolExecutor.java:1144) ~[na:na]
	at java.base/java.util.concurrent.ThreadPoolExecutor$Worker.run(ThreadPoolExecutor.java:642) ~[na:na]
	at java.base/java.lang.Thread.run(Thread.java:1583) ~[na:na]
Caused by: org.apache.hc.client5.http.HttpHostConnectException: Connect to http://localhost:8761 failed: Connection refused: getsockopt
	at java.base/sun.nio.ch.Net.pollConnect(Native Method) ~[na:na]
	at java.base/sun.nio.ch.Net.pollConnectNow(Net.java:682) ~[na:na]
	at java.base/sun.nio.ch.NioSocketImpl.timedFinishConnect(NioSocketImpl.java:542) ~[na:na]
	at java.base/sun.nio.ch.NioSocketImpl.connect(NioSocketImpl.java:592) ~[na:na]
	at java.base/java.net.SocksSocketImpl.connect(SocksSocketImpl.java:327) ~[na:na]
	at java.base/java.net.Socket.connect(Socket.java:751) ~[na:na]
	at org.apache.hc.client5.http.impl.io.DefaultHttpClientConnectionOperator.connect(DefaultHttpClientConnectionOperator.java:219) ~[httpclient5-5.6.1.jar:5.6.1]
	at org.apache.hc.client5.http.impl.io.PoolingHttpClientConnectionManager.connect(PoolingHttpClientConnectionManager.java:547) ~[httpclient5-5.6.1.jar:5.6.1]
	at org.apache.hc.client5.http.impl.classic.InternalExecRuntime.connectEndpoint(InternalExecRuntime.java:164) ~[httpclient5-5.6.1.jar:5.6.1]
	at org.apache.hc.client5.http.impl.classic.InternalExecRuntime.connectEndpoint(InternalExecRuntime.java:174) ~[httpclient5-5.6.1.jar:5.6.1]
	at org.apache.hc.client5.http.impl.classic.ConnectExec.execute(ConnectExec.java:144) ~[httpclient5-5.6.1.jar:5.6.1]
	at org.apache.hc.client5.http.impl.classic.ExecChainElement.execute(ExecChainElement.java:51) ~[httpclient5-5.6.1.jar:5.6.1]
	at org.apache.hc.client5.http.impl.classic.ProtocolExec.execute(ProtocolExec.java:192) ~[httpclient5-5.6.1.jar:5.6.1]
	at org.apache.hc.client5.http.impl.classic.ExecChainElement.execute(ExecChainElement.java:51) ~[httpclient5-5.6.1.jar:5.6.1]
	at org.apache.hc.client5.http.impl.classic.ContentCompressionExec.execute(ContentCompressionExec.java:138) ~[httpclient5-5.6.1.jar:5.6.1]
	at org.apache.hc.client5.http.impl.classic.ExecChainElement.execute(ExecChainElement.java:51) ~[httpclient5-5.6.1.jar:5.6.1]
	at org.apache.hc.client5.http.impl.classic.HttpRequestRetryExec.execute(HttpRequestRetryExec.java:112) ~[httpclient5-5.6.1.jar:5.6.1]
	at org.apache.hc.client5.http.impl.classic.ExecChainElement.execute(ExecChainElement.java:51) ~[httpclient5-5.6.1.jar:5.6.1]
	at org.apache.hc.client5.http.impl.classic.RedirectExec.execute(RedirectExec.java:110) ~[httpclient5-5.6.1.jar:5.6.1]
	at org.apache.hc.client5.http.impl.classic.ExecChainElement.execute(ExecChainElement.java:51) ~[httpclient5-5.6.1.jar:5.6.1]
	at org.apache.hc.client5.http.impl.classic.InternalHttpClient.doExecute(InternalHttpClient.java:185) ~[httpclient5-5.6.1.jar:5.6.1]
	at org.apache.hc.client5.http.impl.classic.CloseableHttpClient.execute(CloseableHttpClient.java:87) ~[httpclient5-5.6.1.jar:5.6.1]
	at org.apache.hc.client5.http.impl.classic.CloseableHttpClient.execute(CloseableHttpClient.java:55) ~[httpclient5-5.6.1.jar:5.6.1]
	at org.apache.hc.client5.http.classic.HttpClient.executeOpen(HttpClient.java:183) ~[httpclient5-5.6.1.jar:5.6.1]
	at org.springframework.http.client.HttpComponentsClientHttpRequest.executeInternal(HttpComponentsClientHttpRequest.java:99) ~[spring-web-7.0.8.jar:7.0.8]
	at org.springframework.http.client.AbstractStreamingClientHttpRequest.executeInternal(AbstractStreamingClientHttpRequest.java:87) ~[spring-web-7.0.8.jar:7.0.8]
	at org.springframework.http.client.AbstractClientHttpRequest.execute(AbstractClientHttpRequest.java:80) ~[spring-web-7.0.8.jar:7.0.8]
	at org.springframework.http.client.AbstractBufferingClientHttpRequest.executeWithRequestAndBody(AbstractBufferingClientHttpRequest.java:89) ~[spring-web-7.0.8.jar:7.0.8]
	at org.springframework.http.client.InterceptingClientHttpRequest$EndOfChainRequestExecution.execute(InterceptingClientHttpRequest.java:102) ~[spring-web-7.0.8.jar:7.0.8]
	at org.springframework.cloud.netflix.eureka.http.RestClientTransportClientFactory.lambda$newClient$2(RestClientTransportClientFactory.java:98) ~[spring-cloud-netflix-eureka-client-5.0.2.jar:5.0.2]
	at org.springframework.http.client.ClientHttpRequestInterceptor.lambda$apply$0(ClientHttpRequestInterceptor.java:89) ~[spring-web-7.0.8.jar:7.0.8]
	at org.springframework.http.client.InterceptingClientHttpRequest.executeInternal(InterceptingClientHttpRequest.java:73) ~[spring-web-7.0.8.jar:7.0.8]
	at org.springframework.http.client.AbstractBufferingClientHttpRequest.executeInternal(AbstractBufferingClientHttpRequest.java:50) ~[spring-web-7.0.8.jar:7.0.8]
	at org.springframework.http.client.AbstractClientHttpRequest.execute(AbstractClientHttpRequest.java:80) ~[spring-web-7.0.8.jar:7.0.8]
	at org.springframework.web.client.DefaultRestClient$DefaultRequestBodyUriSpec.exchangeInternal(DefaultRestClient.java:614) ~[spring-web-7.0.8.jar:7.0.8]
	... 26 common frames omitted

2026-08-31T19:38:39.468+05:30  WARN 31356 --- [FoodServiceApp] [DiscoveryClient-CacheRefreshExecutor-%d] c.n.d.s.t.d.RetryableEurekaHttpClient    : Request execution failed with message: I/O error on GET request for "http://localhost:8761/eureka/apps/": Connect to http://localhost:8761 failed: Connection refused: getsockopt
2026-08-31T19:38:39.469+05:30  INFO 31356 --- [FoodServiceApp] [DiscoveryClient-CacheRefreshExecutor-%d] com.netflix.discovery.DiscoveryClient    : DiscoveryClient_FOODSERVICEAPP/localhost:FoodServiceApp:9091 - was unable to refresh its cache! This periodic background refresh will be retried in 30 seconds. status = Cannot execute request on any known server

com.netflix.discovery.shared.transport.TransportException: Cannot execute request on any known server
	at com.netflix.discovery.shared.transport.decorator.RetryableEurekaHttpClient.execute(RetryableEurekaHttpClient.java:112) ~[eureka-client-2.0.6.jar:2.0.6]
	at com.netflix.discovery.shared.transport.decorator.EurekaHttpClientDecorator.getApplications(EurekaHttpClientDecorator.java:134) ~[eureka-client-2.0.6.jar:2.0.6]
	at com.netflix.discovery.shared.transport.decorator.EurekaHttpClientDecorator$6.execute(EurekaHttpClientDecorator.java:137) ~[eureka-client-2.0.6.jar:2.0.6]
	at com.netflix.discovery.shared.transport.decorator.SessionedEurekaHttpClient.execute(SessionedEurekaHttpClient.java:76) ~[eureka-client-2.0.6.jar:2.0.6]
	at com.netflix.discovery.shared.transport.decorator.EurekaHttpClientDecorator.getApplications(EurekaHttpClientDecorator.java:134) ~[eureka-client-2.0.6.jar:2.0.6]
	at com.netflix.discovery.DiscoveryClient.getAndStoreFullRegistry(DiscoveryClient.java:1061) ~[eureka-client-2.0.6.jar:2.0.6]
	at com.netflix.discovery.DiscoveryClient.fetchRegistry(DiscoveryClient.java:976) ~[eureka-client-2.0.6.jar:2.0.6]
	at com.netflix.discovery.DiscoveryClient.refreshRegistry(DiscoveryClient.java:1489) ~[eureka-client-2.0.6.jar:2.0.6]
	at com.netflix.discovery.DiscoveryClient$CacheRefreshThread.run(DiscoveryClient.java:1457) ~[eureka-client-2.0.6.jar:2.0.6]
	at java.base/java.util.concurrent.Executors$RunnableAdapter.call(Executors.java:572) ~[na:na]
	at java.base/java.util.concurrent.FutureTask.run(FutureTask.java:317) ~[na:na]
	at java.base/java.util.concurrent.ThreadPoolExecutor.runWorker(ThreadPoolExecutor.java:1144) ~[na:na]
	at java.base/java.util.concurrent.ThreadPoolExecutor$Worker.run(ThreadPoolExecutor.java:642) ~[na:na]
	at java.base/java.lang.Thread.run(Thread.java:1583) ~[na:na]

2026-08-31T19:38:39.586+05:30  INFO 31356 --- [FoodServiceApp] [DiscoveryClient-InstanceInfoReplicator-%d] com.netflix.discovery.DiscoveryClient    : DiscoveryClient_FOODSERVICEAPP/localhost:FoodServiceApp:9091: registering service...
2026-08-31T19:38:39.608+05:30  INFO 31356 --- [FoodServiceApp] [DiscoveryClient-InstanceInfoReplicator-%d] c.n.d.s.t.d.RedirectingEurekaHttpClient  : Request execution error. endpoint=DefaultEndpoint{ serviceUrl='http://localhost:8761/eureka/}, exception=I/O error on POST request for "http://localhost:8761/eureka/apps/FOODSERVICEAPP": Connect to http://localhost:8761 failed: Connection refused: getsockopt

org.springframework.web.client.ResourceAccessException: I/O error on POST request for "http://localhost:8761/eureka/apps/FOODSERVICEAPP": Connect to http://localhost:8761 failed: Connection refused: getsockopt
	at org.springframework.web.client.DefaultRestClient$DefaultRequestBodyUriSpec.createResourceAccessException(DefaultRestClient.java:779) ~[spring-web-7.0.8.jar:7.0.8]
	at org.springframework.web.client.DefaultRestClient$DefaultRequestBodyUriSpec.exchangeInternal(DefaultRestClient.java:624) ~[spring-web-7.0.8.jar:7.0.8]
	at org.springframework.web.client.DefaultRestClient$DefaultRequestBodyUriSpec.exchange(DefaultRestClient.java:572) ~[spring-web-7.0.8.jar:7.0.8]
	at org.springframework.web.client.RestClient$RequestHeadersSpec.exchange(RestClient.java:747) ~[spring-web-7.0.8.jar:7.0.8]
	at org.springframework.web.client.DefaultRestClient$DefaultResponseSpec.executeAndExtract(DefaultRestClient.java:924) ~[spring-web-7.0.8.jar:7.0.8]
	at org.springframework.web.client.DefaultRestClient$DefaultResponseSpec.toBodilessEntity(DefaultRestClient.java:888) ~[spring-web-7.0.8.jar:7.0.8]
	at org.springframework.cloud.netflix.eureka.http.RestClientEurekaHttpClient.register(RestClientEurekaHttpClient.java:64) ~[spring-cloud-netflix-eureka-client-5.0.2.jar:5.0.2]
	at com.netflix.discovery.shared.transport.decorator.EurekaHttpClientDecorator$1.execute(EurekaHttpClientDecorator.java:59) ~[eureka-client-2.0.6.jar:2.0.6]
	at com.netflix.discovery.shared.transport.decorator.RedirectingEurekaHttpClient.executeOnNewServer(RedirectingEurekaHttpClient.java:120) ~[eureka-client-2.0.6.jar:2.0.6]
	at com.netflix.discovery.shared.transport.decorator.RedirectingEurekaHttpClient.execute(RedirectingEurekaHttpClient.java:79) ~[eureka-client-2.0.6.jar:2.0.6]
	at com.netflix.discovery.shared.transport.decorator.EurekaHttpClientDecorator.register(EurekaHttpClientDecorator.java:56) ~[eureka-client-2.0.6.jar:2.0.6]
	at com.netflix.discovery.shared.transport.decorator.EurekaHttpClientDecorator$1.execute(EurekaHttpClientDecorator.java:59) ~[eureka-client-2.0.6.jar:2.0.6]
	at com.netflix.discovery.shared.transport.decorator.RetryableEurekaHttpClient.execute(RetryableEurekaHttpClient.java:120) ~[eureka-client-2.0.6.jar:2.0.6]
	at com.netflix.discovery.shared.transport.decorator.EurekaHttpClientDecorator.register(EurekaHttpClientDecorator.java:56) ~[eureka-client-2.0.6.jar:2.0.6]
	at com.netflix.discovery.shared.transport.decorator.EurekaHttpClientDecorator$1.execute(EurekaHttpClientDecorator.java:59) ~[eureka-client-2.0.6.jar:2.0.6]
	at com.netflix.discovery.shared.transport.decorator.SessionedEurekaHttpClient.execute(SessionedEurekaHttpClient.java:76) ~[eureka-client-2.0.6.jar:2.0.6]
	at com.netflix.discovery.shared.transport.decorator.EurekaHttpClientDecorator.register(EurekaHttpClientDecorator.java:56) ~[eureka-client-2.0.6.jar:2.0.6]
	at com.netflix.discovery.DiscoveryClient.register(DiscoveryClient.java:843) ~[eureka-client-2.0.6.jar:2.0.6]
	at com.netflix.discovery.InstanceInfoReplicator.run(InstanceInfoReplicator.java:125) ~[eureka-client-2.0.6.jar:2.0.6]
	at java.base/java.util.concurrent.Executors$RunnableAdapter.call(Executors.java:572) ~[na:na]
	at java.base/java.util.concurrent.FutureTask.run(FutureTask.java:317) ~[na:na]
	at java.base/java.util.concurrent.ScheduledThreadPoolExecutor$ScheduledFutureTask.run(ScheduledThreadPoolExecutor.java:304) ~[na:na]
	at java.base/java.util.concurrent.ThreadPoolExecutor.runWorker(ThreadPoolExecutor.java:1144) ~[na:na]
	at java.base/java.util.concurrent.ThreadPoolExecutor$Worker.run(ThreadPoolExecutor.java:642) ~[na:na]
	at java.base/java.lang.Thread.run(Thread.java:1583) ~[na:na]
Caused by: org.apache.hc.client5.http.HttpHostConnectException: Connect to http://localhost:8761 failed: Connection refused: getsockopt
	at java.base/sun.nio.ch.Net.pollConnect(Native Method) ~[na:na]
	at java.base/sun.nio.ch.Net.pollConnectNow(Net.java:682) ~[na:na]
	at java.base/sun.nio.ch.NioSocketImpl.timedFinishConnect(NioSocketImpl.java:542) ~[na:na]
	at java.base/sun.nio.ch.NioSocketImpl.connect(NioSocketImpl.java:592) ~[na:na]
	at java.base/java.net.SocksSocketImpl.connect(SocksSocketImpl.java:327) ~[na:na]
	at java.base/java.net.Socket.connect(Socket.java:751) ~[na:na]
	at org.apache.hc.client5.http.impl.io.DefaultHttpClientConnectionOperator.connect(DefaultHttpClientConnectionOperator.java:219) ~[httpclient5-5.6.1.jar:5.6.1]
	at org.apache.hc.client5.http.impl.io.PoolingHttpClientConnectionManager.connect(PoolingHttpClientConnectionManager.java:547) ~[httpclient5-5.6.1.jar:5.6.1]
	at org.apache.hc.client5.http.impl.classic.InternalExecRuntime.connectEndpoint(InternalExecRuntime.java:164) ~[httpclient5-5.6.1.jar:5.6.1]
	at org.apache.hc.client5.http.impl.classic.InternalExecRuntime.connectEndpoint(InternalExecRuntime.java:174) ~[httpclient5-5.6.1.jar:5.6.1]
	at org.apache.hc.client5.http.impl.classic.ConnectExec.execute(ConnectExec.java:144) ~[httpclient5-5.6.1.jar:5.6.1]
	at org.apache.hc.client5.http.impl.classic.ExecChainElement.execute(ExecChainElement.java:51) ~[httpclient5-5.6.1.jar:5.6.1]
	at org.apache.hc.client5.http.impl.classic.ProtocolExec.execute(ProtocolExec.java:192) ~[httpclient5-5.6.1.jar:5.6.1]
	at org.apache.hc.client5.http.impl.classic.ExecChainElement.execute(ExecChainElement.java:51) ~[httpclient5-5.6.1.jar:5.6.1]
	at org.apache.hc.client5.http.impl.classic.ContentCompressionExec.execute(ContentCompressionExec.java:138) ~[httpclient5-5.6.1.jar:5.6.1]
	at org.apache.hc.client5.http.impl.classic.ExecChainElement.execute(ExecChainElement.java:51) ~[httpclient5-5.6.1.jar:5.6.1]
	at org.apache.hc.client5.http.impl.classic.HttpRequestRetryExec.execute(HttpRequestRetryExec.java:112) ~[httpclient5-5.6.1.jar:5.6.1]
	at org.apache.hc.client5.http.impl.classic.ExecChainElement.execute(ExecChainElement.java:51) ~[httpclient5-5.6.1.jar:5.6.1]
	at org.apache.hc.client5.http.impl.classic.RedirectExec.execute(RedirectExec.java:110) ~[httpclient5-5.6.1.jar:5.6.1]
	at org.apache.hc.client5.http.impl.classic.ExecChainElement.execute(ExecChainElement.java:51) ~[httpclient5-5.6.1.jar:5.6.1]
	at org.apache.hc.client5.http.impl.classic.InternalHttpClient.doExecute(InternalHttpClient.java:185) ~[httpclient5-5.6.1.jar:5.6.1]
	at org.apache.hc.client5.http.impl.classic.CloseableHttpClient.execute(CloseableHttpClient.java:87) ~[httpclient5-5.6.1.jar:5.6.1]
	at org.apache.hc.client5.http.impl.classic.CloseableHttpClient.execute(CloseableHttpClient.java:55) ~[httpclient5-5.6.1.jar:5.6.1]
	at org.apache.hc.client5.http.classic.HttpClient.executeOpen(HttpClient.java:183) ~[httpclient5-5.6.1.jar:5.6.1]
	at org.springframework.http.client.HttpComponentsClientHttpRequest.executeInternal(HttpComponentsClientHttpRequest.java:99) ~[spring-web-7.0.8.jar:7.0.8]
	at org.springframework.http.client.AbstractStreamingClientHttpRequest.executeInternal(AbstractStreamingClientHttpRequest.java:87) ~[spring-web-7.0.8.jar:7.0.8]
	at org.springframework.http.client.AbstractClientHttpRequest.execute(AbstractClientHttpRequest.java:80) ~[spring-web-7.0.8.jar:7.0.8]
	at org.springframework.http.client.AbstractBufferingClientHttpRequest.executeWithRequestAndBody(AbstractBufferingClientHttpRequest.java:89) ~[spring-web-7.0.8.jar:7.0.8]
	at org.springframework.http.client.InterceptingClientHttpRequest$EndOfChainRequestExecution.execute(InterceptingClientHttpRequest.java:102) ~[spring-web-7.0.8.jar:7.0.8]
	at org.springframework.cloud.netflix.eureka.http.RestClientTransportClientFactory.lambda$newClient$2(RestClientTransportClientFactory.java:98) ~[spring-cloud-netflix-eureka-client-5.0.2.jar:5.0.2]
	at org.springframework.http.client.ClientHttpRequestInterceptor.lambda$apply$0(ClientHttpRequestInterceptor.java:89) ~[spring-web-7.0.8.jar:7.0.8]
	at org.springframework.http.client.InterceptingClientHttpRequest.executeInternal(InterceptingClientHttpRequest.java:73) ~[spring-web-7.0.8.jar:7.0.8]
	at org.springframework.http.client.AbstractBufferingClientHttpRequest.executeInternal(AbstractBufferingClientHttpRequest.java:50) ~[spring-web-7.0.8.jar:7.0.8]
	at org.springframework.http.client.AbstractClientHttpRequest.execute(AbstractClientHttpRequest.java:80) ~[spring-web-7.0.8.jar:7.0.8]
	at org.springframework.web.client.DefaultRestClient$DefaultRequestBodyUriSpec.exchangeInternal(DefaultRestClient.java:614) ~[spring-web-7.0.8.jar:7.0.8]
	... 23 common frames omitted

2026-08-31T19:38:39.611+05:30  WARN 31356 --- [FoodServiceApp] [DiscoveryClient-InstanceInfoReplicator-%d] c.n.d.s.t.d.RetryableEurekaHttpClient    : Request execution failed with message: I/O error on POST request for "http://localhost:8761/eureka/apps/FOODSERVICEAPP": Connect to http://localhost:8761 failed: Connection refused: getsockopt
2026-08-31T19:38:39.611+05:30  WARN 31356 --- [FoodServiceApp] [DiscoveryClient-InstanceInfoReplicator-%d] com.netflix.discovery.DiscoveryClient    : DiscoveryClient_FOODSERVICEAPP/localhost:FoodServiceApp:9091 - registration failed Cannot execute request on any known server

com.netflix.discovery.shared.transport.TransportException: Cannot execute request on any known server
	at com.netflix.discovery.shared.transport.decorator.RetryableEurekaHttpClient.execute(RetryableEurekaHttpClient.java:112) ~[eureka-client-2.0.6.jar:2.0.6]
	at com.netflix.discovery.shared.transport.decorator.EurekaHttpClientDecorator.register(EurekaHttpClientDecorator.java:56) ~[eureka-client-2.0.6.jar:2.0.6]
	at com.netflix.discovery.shared.transport.decorator.EurekaHttpClientDecorator$1.execute(EurekaHttpClientDecorator.java:59) ~[eureka-client-2.0.6.jar:2.0.6]
	at com.netflix.discovery.shared.transport.decorator.SessionedEurekaHttpClient.execute(SessionedEurekaHttpClient.java:76) ~[eureka-client-2.0.6.jar:2.0.6]
	at com.netflix.discovery.shared.transport.decorator.EurekaHttpClientDecorator.register(EurekaHttpClientDecorator.java:56) ~[eureka-client-2.0.6.jar:2.0.6]
	at com.netflix.discovery.DiscoveryClient.register(DiscoveryClient.java:843) ~[eureka-client-2.0.6.jar:2.0.6]
	at com.netflix.discovery.InstanceInfoReplicator.run(InstanceInfoReplicator.java:125) ~[eureka-client-2.0.6.jar:2.0.6]
	at java.base/java.util.concurrent.Executors$RunnableAdapter.call(Executors.java:572) ~[na:na]
	at java.base/java.util.concurrent.FutureTask.run(FutureTask.java:317) ~[na:na]
	at java.base/java.util.concurrent.ScheduledThreadPoolExecutor$ScheduledFutureTask.run(ScheduledThreadPoolExecutor.java:304) ~[na:na]
	at java.base/java.util.concurrent.ThreadPoolExecutor.runWorker(ThreadPoolExecutor.java:1144) ~[na:na]
	at java.base/java.util.concurrent.ThreadPoolExecutor$Worker.run(ThreadPoolExecutor.java:642) ~[na:na]
	at java.base/java.lang.Thread.run(Thread.java:1583) ~[na:na]

2026-08-31T19:38:39.612+05:30  WARN 31356 --- [FoodServiceApp] [DiscoveryClient-InstanceInfoReplicator-%d] c.n.discovery.InstanceInfoReplicator     : There was a problem with the instance info replicator

com.netflix.discovery.shared.transport.TransportException: Cannot execute request on any known server
	at com.netflix.discovery.shared.transport.decorator.RetryableEurekaHttpClient.execute(RetryableEurekaHttpClient.java:112) ~[eureka-client-2.0.6.jar:2.0.6]
	at com.netflix.discovery.shared.transport.decorator.EurekaHttpClientDecorator.register(EurekaHttpClientDecorator.java:56) ~[eureka-client-2.0.6.jar:2.0.6]
	at com.netflix.discovery.shared.transport.decorator.EurekaHttpClientDecorator$1.execute(EurekaHttpClientDecorator.java:59) ~[eureka-client-2.0.6.jar:2.0.6]
	at com.netflix.discovery.shared.transport.decorator.SessionedEurekaHttpClient.execute(SessionedEurekaHttpClient.java:76) ~[eureka-client-2.0.6.jar:2.0.6]
	at com.netflix.discovery.shared.transport.decorator.EurekaHttpClientDecorator.register(EurekaHttpClientDecorator.java:56) ~[eureka-client-2.0.6.jar:2.0.6]
	at com.netflix.discovery.DiscoveryClient.register(DiscoveryClient.java:843) ~[eureka-client-2.0.6.jar:2.0.6]
	at com.netflix.discovery.InstanceInfoReplicator.run(InstanceInfoReplicator.java:125) ~[eureka-client-2.0.6.jar:2.0.6]
	at java.base/java.util.concurrent.Executors$RunnableAdapter.call(Executors.java:572) ~[na:na]
	at java.base/java.util.concurrent.FutureTask.run(FutureTask.java:317) ~[na:na]
	at java.base/java.util.concurrent.ScheduledThreadPoolExecutor$ScheduledFutureTask.run(ScheduledThreadPoolExecutor.java:304) ~[na:na]
	at java.base/java.util.concurrent.ThreadPoolExecutor.runWorker(ThreadPoolExecutor.java:1144) ~[na:na]
	at java.base/java.util.concurrent.ThreadPoolExecutor$Worker.run(ThreadPoolExecutor.java:642) ~[na:na]
	at java.base/java.lang.Thread.run(Thread.java:1583) ~[na:na]

2026-08-31T19:39:09.473+05:30  INFO 31356 --- [FoodServiceApp] [DiscoveryClient-CacheRefreshExecutor-%d] com.netflix.discovery.DiscoveryClient    : Disable delta property : false
2026-08-31T19:39:09.474+05:30  INFO 31356 --- [FoodServiceApp] [DiscoveryClient-CacheRefreshExecutor-%d] com.netflix.discovery.DiscoveryClient    : Single vip registry refresh property : null
2026-08-31T19:39:09.474+05:30  INFO 31356 --- [FoodServiceApp] [DiscoveryClient-CacheRefreshExecutor-%d] com.netflix.discovery.DiscoveryClient    : Force full registry fetch : false
2026-08-31T19:39:09.475+05:30  INFO 31356 --- [FoodServiceApp] [DiscoveryClient-CacheRefreshExecutor-%d] com.netflix.discovery.DiscoveryClient    : Application is null : false
2026-08-31T19:39:09.475+05:30  INFO 31356 --- [FoodServiceApp] [DiscoveryClient-CacheRefreshExecutor-%d] com.netflix.discovery.DiscoveryClient    : Registered Applications size is zero : true
2026-08-31T19:39:09.475+05:30  INFO 31356 --- [FoodServiceApp] [DiscoveryClient-CacheRefreshExecutor-%d] com.netflix.discovery.DiscoveryClient    : Application version is -1: true
2026-08-31T19:39:09.476+05:30  INFO 31356 --- [FoodServiceApp] [DiscoveryClient-CacheRefreshExecutor-%d] com.netflix.discovery.DiscoveryClient    : Getting all instance registry info from the eureka server
2026-08-31T19:39:09.487+05:30  INFO 31356 --- [FoodServiceApp] [DiscoveryClient-HeartbeatExecutor-%d] c.n.d.s.t.d.RedirectingEurekaHttpClient  : Request execution error. endpoint=DefaultEndpoint{ serviceUrl='http://localhost:8761/eureka/}, exception=I/O error on PUT request for "http://localhost:8761/eureka/apps/FOODSERVICEAPP/localhost:FoodServiceApp:9091": Connect to http://localhost:8761 failed: Connection refused: getsockopt

org.springframework.web.client.ResourceAccessException: I/O error on PUT request for "http://localhost:8761/eureka/apps/FOODSERVICEAPP/localhost:FoodServiceApp:9091": Connect to http://localhost:8761 failed: Connection refused: getsockopt
	at org.springframework.web.client.DefaultRestClient$DefaultRequestBodyUriSpec.createResourceAccessException(DefaultRestClient.java:779) ~[spring-web-7.0.8.jar:7.0.8]
	at org.springframework.web.client.DefaultRestClient$DefaultRequestBodyUriSpec.exchangeInternal(DefaultRestClient.java:624) ~[spring-web-7.0.8.jar:7.0.8]
	at org.springframework.web.client.DefaultRestClient$DefaultRequestBodyUriSpec.exchange(DefaultRestClient.java:572) ~[spring-web-7.0.8.jar:7.0.8]
	at org.springframework.web.client.RestClient$RequestHeadersSpec.exchange(RestClient.java:747) ~[spring-web-7.0.8.jar:7.0.8]
	at org.springframework.web.client.DefaultRestClient$DefaultResponseSpec.executeAndExtract(DefaultRestClient.java:924) ~[spring-web-7.0.8.jar:7.0.8]
	at org.springframework.web.client.DefaultRestClient$DefaultResponseSpec.toEntityInternal(DefaultRestClient.java:870) ~[spring-web-7.0.8.jar:7.0.8]
	at org.springframework.web.client.DefaultRestClient$DefaultResponseSpec.toEntity(DefaultRestClient.java:859) ~[spring-web-7.0.8.jar:7.0.8]
	at org.springframework.cloud.netflix.eureka.http.RestClientEurekaHttpClient.sendHeartBeat(RestClientEurekaHttpClient.java:91) ~[spring-cloud-netflix-eureka-client-5.0.2.jar:5.0.2]
	at com.netflix.discovery.shared.transport.decorator.EurekaHttpClientDecorator$3.execute(EurekaHttpClientDecorator.java:92) ~[eureka-client-2.0.6.jar:2.0.6]
	at com.netflix.discovery.shared.transport.decorator.RedirectingEurekaHttpClient.executeOnNewServer(RedirectingEurekaHttpClient.java:120) ~[eureka-client-2.0.6.jar:2.0.6]
	at com.netflix.discovery.shared.transport.decorator.RedirectingEurekaHttpClient.execute(RedirectingEurekaHttpClient.java:79) ~[eureka-client-2.0.6.jar:2.0.6]
	at com.netflix.discovery.shared.transport.decorator.EurekaHttpClientDecorator.sendHeartBeat(EurekaHttpClientDecorator.java:89) ~[eureka-client-2.0.6.jar:2.0.6]
	at com.netflix.discovery.shared.transport.decorator.EurekaHttpClientDecorator$3.execute(EurekaHttpClientDecorator.java:92) ~[eureka-client-2.0.6.jar:2.0.6]
	at com.netflix.discovery.shared.transport.decorator.RetryableEurekaHttpClient.execute(RetryableEurekaHttpClient.java:120) ~[eureka-client-2.0.6.jar:2.0.6]
	at com.netflix.discovery.shared.transport.decorator.EurekaHttpClientDecorator.sendHeartBeat(EurekaHttpClientDecorator.java:89) ~[eureka-client-2.0.6.jar:2.0.6]
	at com.netflix.discovery.shared.transport.decorator.EurekaHttpClientDecorator$3.execute(EurekaHttpClientDecorator.java:92) ~[eureka-client-2.0.6.jar:2.0.6]
	at com.netflix.discovery.shared.transport.decorator.SessionedEurekaHttpClient.execute(SessionedEurekaHttpClient.java:76) ~[eureka-client-2.0.6.jar:2.0.6]
	at com.netflix.discovery.shared.transport.decorator.EurekaHttpClientDecorator.sendHeartBeat(EurekaHttpClientDecorator.java:89) ~[eureka-client-2.0.6.jar:2.0.6]
	at com.netflix.discovery.DiscoveryClient.renew(DiscoveryClient.java:860) ~[eureka-client-2.0.6.jar:2.0.6]
	at com.netflix.discovery.DiscoveryClient$HeartbeatThread.run(DiscoveryClient.java:1418) ~[eureka-client-2.0.6.jar:2.0.6]
	at java.base/java.util.concurrent.Executors$RunnableAdapter.call(Executors.java:572) ~[na:na]
	at java.base/java.util.concurrent.FutureTask.run(FutureTask.java:317) ~[na:na]
	at java.base/java.util.concurrent.ThreadPoolExecutor.runWorker(ThreadPoolExecutor.java:1144) ~[na:na]
	at java.base/java.util.concurrent.ThreadPoolExecutor$Worker.run(ThreadPoolExecutor.java:642) ~[na:na]
	at java.base/java.lang.Thread.run(Thread.java:1583) ~[na:na]
Caused by: org.apache.hc.client5.http.HttpHostConnectException: Connect to http://localhost:8761 failed: Connection refused: getsockopt
	at java.base/sun.nio.ch.Net.pollConnect(Native Method) ~[na:na]
	at java.base/sun.nio.ch.Net.pollConnectNow(Net.java:682) ~[na:na]
	at java.base/sun.nio.ch.NioSocketImpl.timedFinishConnect(NioSocketImpl.java:542) ~[na:na]
	at java.base/sun.nio.ch.NioSocketImpl.connect(NioSocketImpl.java:592) ~[na:na]
	at java.base/java.net.SocksSocketImpl.connect(SocksSocketImpl.java:327) ~[na:na]
	at java.base/java.net.Socket.connect(Socket.java:751) ~[na:na]
	at org.apache.hc.client5.http.impl.io.DefaultHttpClientConnectionOperator.connect(DefaultHttpClientConnectionOperator.java:219) ~[httpclient5-5.6.1.jar:5.6.1]
	at org.apache.hc.client5.http.impl.io.PoolingHttpClientConnectionManager.connect(PoolingHttpClientConnectionManager.java:547) ~[httpclient5-5.6.1.jar:5.6.1]
	at org.apache.hc.client5.http.impl.classic.InternalExecRuntime.connectEndpoint(InternalExecRuntime.java:164) ~[httpclient5-5.6.1.jar:5.6.1]
	at org.apache.hc.client5.http.impl.classic.InternalExecRuntime.connectEndpoint(InternalExecRuntime.java:174) ~[httpclient5-5.6.1.jar:5.6.1]
	at org.apache.hc.client5.http.impl.classic.ConnectExec.execute(ConnectExec.java:144) ~[httpclient5-5.6.1.jar:5.6.1]
	at org.apache.hc.client5.http.impl.classic.ExecChainElement.execute(ExecChainElement.java:51) ~[httpclient5-5.6.1.jar:5.6.1]
	at org.apache.hc.client5.http.impl.classic.ProtocolExec.execute(ProtocolExec.java:192) ~[httpclient5-5.6.1.jar:5.6.1]
	at org.apache.hc.client5.http.impl.classic.ExecChainElement.execute(ExecChainElement.java:51) ~[httpclient5-5.6.1.jar:5.6.1]
	at org.apache.hc.client5.http.impl.classic.ContentCompressionExec.execute(ContentCompressionExec.java:138) ~[httpclient5-5.6.1.jar:5.6.1]
	at org.apache.hc.client5.http.impl.classic.ExecChainElement.execute(ExecChainElement.java:51) ~[httpclient5-5.6.1.jar:5.6.1]
	at org.apache.hc.client5.http.impl.classic.HttpRequestRetryExec.execute(HttpRequestRetryExec.java:112) ~[httpclient5-5.6.1.jar:5.6.1]
	at org.apache.hc.client5.http.impl.classic.ExecChainElement.execute(ExecChainElement.java:51) ~[httpclient5-5.6.1.jar:5.6.1]
	at org.apache.hc.client5.http.impl.classic.RedirectExec.execute(RedirectExec.java:110) ~[httpclient5-5.6.1.jar:5.6.1]
	at org.apache.hc.client5.http.impl.classic.ExecChainElement.execute(ExecChainElement.java:51) ~[httpclient5-5.6.1.jar:5.6.1]
	at org.apache.hc.client5.http.impl.classic.InternalHttpClient.doExecute(InternalHttpClient.java:185) ~[httpclient5-5.6.1.jar:5.6.1]
	at org.apache.hc.client5.http.impl.classic.CloseableHttpClient.execute(CloseableHttpClient.java:87) ~[httpclient5-5.6.1.jar:5.6.1]
	at org.apache.hc.client5.http.impl.classic.CloseableHttpClient.execute(CloseableHttpClient.java:55) ~[httpclient5-5.6.1.jar:5.6.1]
	at org.apache.hc.client5.http.classic.HttpClient.executeOpen(HttpClient.java:183) ~[httpclient5-5.6.1.jar:5.6.1]
	at org.springframework.http.client.HttpComponentsClientHttpRequest.executeInternal(HttpComponentsClientHttpRequest.java:99) ~[spring-web-7.0.8.jar:7.0.8]
	at org.springframework.http.client.AbstractStreamingClientHttpRequest.executeInternal(AbstractStreamingClientHttpRequest.java:87) ~[spring-web-7.0.8.jar:7.0.8]
	at org.springframework.http.client.AbstractClientHttpRequest.execute(AbstractClientHttpRequest.java:80) ~[spring-web-7.0.8.jar:7.0.8]
	at org.springframework.http.client.AbstractBufferingClientHttpRequest.executeWithRequestAndBody(AbstractBufferingClientHttpRequest.java:89) ~[spring-web-7.0.8.jar:7.0.8]
	at org.springframework.http.client.InterceptingClientHttpRequest$EndOfChainRequestExecution.execute(InterceptingClientHttpRequest.java:102) ~[spring-web-7.0.8.jar:7.0.8]
	at org.springframework.cloud.netflix.eureka.http.RestClientTransportClientFactory.lambda$newClient$2(RestClientTransportClientFactory.java:98) ~[spring-cloud-netflix-eureka-client-5.0.2.jar:5.0.2]
	at org.springframework.http.client.ClientHttpRequestInterceptor.lambda$apply$0(ClientHttpRequestInterceptor.java:89) ~[spring-web-7.0.8.jar:7.0.8]
	at org.springframework.http.client.InterceptingClientHttpRequest.executeInternal(InterceptingClientHttpRequest.java:73) ~[spring-web-7.0.8.jar:7.0.8]
	at org.springframework.http.client.AbstractBufferingClientHttpRequest.executeInternal(AbstractBufferingClientHttpRequest.java:50) ~[spring-web-7.0.8.jar:7.0.8]
	at org.springframework.http.client.AbstractClientHttpRequest.execute(AbstractClientHttpRequest.java:80) ~[spring-web-7.0.8.jar:7.0.8]
	at org.springframework.web.client.DefaultRestClient$DefaultRequestBodyUriSpec.exchangeInternal(DefaultRestClient.java:614) ~[spring-web-7.0.8.jar:7.0.8]
	... 23 common frames omitted

2026-08-31T19:39:09.495+05:30  WARN 31356 --- [FoodServiceApp] [DiscoveryClient-HeartbeatExecutor-%d] c.n.d.s.t.d.RetryableEurekaHttpClient    : Request execution failed with message: I/O error on PUT request for "http://localhost:8761/eureka/apps/FOODSERVICEAPP/localhost:FoodServiceApp:9091": Connect to http://localhost:8761 failed: Connection refused: getsockopt
2026-08-31T19:39:09.496+05:30 ERROR 31356 --- [FoodServiceApp] [DiscoveryClient-HeartbeatExecutor-%d] com.netflix.discovery.DiscoveryClient    : DiscoveryClient_FOODSERVICEAPP/localhost:FoodServiceApp:9091 - was unable to send heartbeat!

com.netflix.discovery.shared.transport.TransportException: Cannot execute request on any known server
	at com.netflix.discovery.shared.transport.decorator.RetryableEurekaHttpClient.execute(RetryableEurekaHttpClient.java:112) ~[eureka-client-2.0.6.jar:2.0.6]
	at com.netflix.discovery.shared.transport.decorator.EurekaHttpClientDecorator.sendHeartBeat(EurekaHttpClientDecorator.java:89) ~[eureka-client-2.0.6.jar:2.0.6]
	at com.netflix.discovery.shared.transport.decorator.EurekaHttpClientDecorator$3.execute(EurekaHttpClientDecorator.java:92) ~[eureka-client-2.0.6.jar:2.0.6]
	at com.netflix.discovery.shared.transport.decorator.SessionedEurekaHttpClient.execute(SessionedEurekaHttpClient.java:76) ~[eureka-client-2.0.6.jar:2.0.6]
	at com.netflix.discovery.shared.transport.decorator.EurekaHttpClientDecorator.sendHeartBeat(EurekaHttpClientDecorator.java:89) ~[eureka-client-2.0.6.jar:2.0.6]
	at com.netflix.discovery.DiscoveryClient.renew(DiscoveryClient.java:860) ~[eureka-client-2.0.6.jar:2.0.6]
	at com.netflix.discovery.DiscoveryClient$HeartbeatThread.run(DiscoveryClient.java:1418) ~[eureka-client-2.0.6.jar:2.0.6]
	at java.base/java.util.concurrent.Executors$RunnableAdapter.call(Executors.java:572) ~[na:na]
	at java.base/java.util.concurrent.FutureTask.run(FutureTask.java:317) ~[na:na]
	at java.base/java.util.concurrent.ThreadPoolExecutor.runWorker(ThreadPoolExecutor.java:1144) ~[na:na]
	at java.base/java.util.concurrent.ThreadPoolExecutor$Worker.run(ThreadPoolExecutor.java:642) ~[na:na]
	at java.base/java.lang.Thread.run(Thread.java:1583) ~[na:na]

2026-08-31T19:39:09.489+05:30  INFO 31356 --- [FoodServiceApp] [DiscoveryClient-CacheRefreshExecutor-%d] c.n.d.s.t.d.RedirectingEurekaHttpClient  : Request execution error. endpoint=DefaultEndpoint{ serviceUrl='http://localhost:8761/eureka/}, exception=I/O error on GET request for "http://localhost:8761/eureka/apps/": Connect to http://localhost:8761 failed: Connection refused: getsockopt

org.springframework.web.client.ResourceAccessException: I/O error on GET request for "http://localhost:8761/eureka/apps/": Connect to http://localhost:8761 failed: Connection refused: getsockopt
	at org.springframework.web.client.DefaultRestClient$DefaultRequestBodyUriSpec.createResourceAccessException(DefaultRestClient.java:779) ~[spring-web-7.0.8.jar:7.0.8]
	at org.springframework.web.client.DefaultRestClient$DefaultRequestBodyUriSpec.exchangeInternal(DefaultRestClient.java:624) ~[spring-web-7.0.8.jar:7.0.8]
	at org.springframework.web.client.DefaultRestClient$DefaultRequestBodyUriSpec.exchange(DefaultRestClient.java:572) ~[spring-web-7.0.8.jar:7.0.8]
	at org.springframework.web.client.RestClient$RequestHeadersSpec.exchange(RestClient.java:747) ~[spring-web-7.0.8.jar:7.0.8]
	at org.springframework.web.client.DefaultRestClient$DefaultResponseSpec.executeAndExtract(DefaultRestClient.java:924) ~[spring-web-7.0.8.jar:7.0.8]
	at org.springframework.web.client.DefaultRestClient$DefaultResponseSpec.toEntityInternal(DefaultRestClient.java:870) ~[spring-web-7.0.8.jar:7.0.8]
	at org.springframework.web.client.DefaultRestClient$DefaultResponseSpec.toEntity(DefaultRestClient.java:859) ~[spring-web-7.0.8.jar:7.0.8]
	at org.springframework.cloud.netflix.eureka.http.RestClientEurekaHttpClient.getApplicationsInternal(RestClientEurekaHttpClient.java:201) ~[spring-cloud-netflix-eureka-client-5.0.2.jar:5.0.2]
	at org.springframework.cloud.netflix.eureka.http.RestClientEurekaHttpClient.getApplications(RestClientEurekaHttpClient.java:137) ~[spring-cloud-netflix-eureka-client-5.0.2.jar:5.0.2]
	at com.netflix.discovery.shared.transport.decorator.EurekaHttpClientDecorator$6.execute(EurekaHttpClientDecorator.java:137) ~[eureka-client-2.0.6.jar:2.0.6]
	at com.netflix.discovery.shared.transport.decorator.RedirectingEurekaHttpClient.executeOnNewServer(RedirectingEurekaHttpClient.java:120) ~[eureka-client-2.0.6.jar:2.0.6]
	at com.netflix.discovery.shared.transport.decorator.RedirectingEurekaHttpClient.execute(RedirectingEurekaHttpClient.java:79) ~[eureka-client-2.0.6.jar:2.0.6]
	at com.netflix.discovery.shared.transport.decorator.EurekaHttpClientDecorator.getApplications(EurekaHttpClientDecorator.java:134) ~[eureka-client-2.0.6.jar:2.0.6]
	at com.netflix.discovery.shared.transport.decorator.EurekaHttpClientDecorator$6.execute(EurekaHttpClientDecorator.java:137) ~[eureka-client-2.0.6.jar:2.0.6]
	at com.netflix.discovery.shared.transport.decorator.RetryableEurekaHttpClient.execute(RetryableEurekaHttpClient.java:120) ~[eureka-client-2.0.6.jar:2.0.6]
	at com.netflix.discovery.shared.transport.decorator.EurekaHttpClientDecorator.getApplications(EurekaHttpClientDecorator.java:134) ~[eureka-client-2.0.6.jar:2.0.6]
	at com.netflix.discovery.shared.transport.decorator.EurekaHttpClientDecorator$6.execute(EurekaHttpClientDecorator.java:137) ~[eureka-client-2.0.6.jar:2.0.6]
	at com.netflix.discovery.shared.transport.decorator.SessionedEurekaHttpClient.execute(SessionedEurekaHttpClient.java:76) ~[eureka-client-2.0.6.jar:2.0.6]
	at com.netflix.discovery.shared.transport.decorator.EurekaHttpClientDecorator.getApplications(EurekaHttpClientDecorator.java:134) ~[eureka-client-2.0.6.jar:2.0.6]
	at com.netflix.discovery.DiscoveryClient.getAndStoreFullRegistry(DiscoveryClient.java:1061) ~[eureka-client-2.0.6.jar:2.0.6]
	at com.netflix.discovery.DiscoveryClient.fetchRegistry(DiscoveryClient.java:976) ~[eureka-client-2.0.6.jar:2.0.6]
	at com.netflix.discovery.DiscoveryClient.refreshRegistry(DiscoveryClient.java:1489) ~[eureka-client-2.0.6.jar:2.0.6]
	at com.netflix.discovery.DiscoveryClient$CacheRefreshThread.run(DiscoveryClient.java:1457) ~[eureka-client-2.0.6.jar:2.0.6]
	at java.base/java.util.concurrent.Executors$RunnableAdapter.call(Executors.java:572) ~[na:na]
	at java.base/java.util.concurrent.FutureTask.run(FutureTask.java:317) ~[na:na]
	at java.base/java.util.concurrent.ThreadPoolExecutor.runWorker(ThreadPoolExecutor.java:1144) ~[na:na]
	at java.base/java.util.concurrent.ThreadPoolExecutor$Worker.run(ThreadPoolExecutor.java:642) ~[na:na]
	at java.base/java.lang.Thread.run(Thread.java:1583) ~[na:na]
Caused by: org.apache.hc.client5.http.HttpHostConnectException: Connect to http://localhost:8761 failed: Connection refused: getsockopt
	at java.base/sun.nio.ch.Net.pollConnect(Native Method) ~[na:na]
	at java.base/sun.nio.ch.Net.pollConnectNow(Net.java:682) ~[na:na]
	at java.base/sun.nio.ch.NioSocketImpl.timedFinishConnect(NioSocketImpl.java:542) ~[na:na]
	at java.base/sun.nio.ch.NioSocketImpl.connect(NioSocketImpl.java:592) ~[na:na]
	at java.base/java.net.SocksSocketImpl.connect(SocksSocketImpl.java:327) ~[na:na]
	at java.base/java.net.Socket.connect(Socket.java:751) ~[na:na]
	at org.apache.hc.client5.http.impl.io.DefaultHttpClientConnectionOperator.connect(DefaultHttpClientConnectionOperator.java:219) ~[httpclient5-5.6.1.jar:5.6.1]
	at org.apache.hc.client5.http.impl.io.PoolingHttpClientConnectionManager.connect(PoolingHttpClientConnectionManager.java:547) ~[httpclient5-5.6.1.jar:5.6.1]
	at org.apache.hc.client5.http.impl.classic.InternalExecRuntime.connectEndpoint(InternalExecRuntime.java:164) ~[httpclient5-5.6.1.jar:5.6.1]
	at org.apache.hc.client5.http.impl.classic.InternalExecRuntime.connectEndpoint(InternalExecRuntime.java:174) ~[httpclient5-5.6.1.jar:5.6.1]
	at org.apache.hc.client5.http.impl.classic.ConnectExec.execute(ConnectExec.java:144) ~[httpclient5-5.6.1.jar:5.6.1]
	at org.apache.hc.client5.http.impl.classic.ExecChainElement.execute(ExecChainElement.java:51) ~[httpclient5-5.6.1.jar:5.6.1]
	at org.apache.hc.client5.http.impl.classic.ProtocolExec.execute(ProtocolExec.java:192) ~[httpclient5-5.6.1.jar:5.6.1]
	at org.apache.hc.client5.http.impl.classic.ExecChainElement.execute(ExecChainElement.java:51) ~[httpclient5-5.6.1.jar:5.6.1]
	at org.apache.hc.client5.http.impl.classic.ContentCompressionExec.execute(ContentCompressionExec.java:138) ~[httpclient5-5.6.1.jar:5.6.1]
	at org.apache.hc.client5.http.impl.classic.ExecChainElement.execute(ExecChainElement.java:51) ~[httpclient5-5.6.1.jar:5.6.1]
	at org.apache.hc.client5.http.impl.classic.HttpRequestRetryExec.execute(HttpRequestRetryExec.java:112) ~[httpclient5-5.6.1.jar:5.6.1]
	at org.apache.hc.client5.http.impl.classic.ExecChainElement.execute(ExecChainElement.java:51) ~[httpclient5-5.6.1.jar:5.6.1]
	at org.apache.hc.client5.http.impl.classic.RedirectExec.execute(RedirectExec.java:110) ~[httpclient5-5.6.1.jar:5.6.1]
	at org.apache.hc.client5.http.impl.classic.ExecChainElement.execute(ExecChainElement.java:51) ~[httpclient5-5.6.1.jar:5.6.1]
	at org.apache.hc.client5.http.impl.classic.InternalHttpClient.doExecute(InternalHttpClient.java:185) ~[httpclient5-5.6.1.jar:5.6.1]
	at org.apache.hc.client5.http.impl.classic.CloseableHttpClient.execute(CloseableHttpClient.java:87) ~[httpclient5-5.6.1.jar:5.6.1]
	at org.apache.hc.client5.http.impl.classic.CloseableHttpClient.execute(CloseableHttpClient.java:55) ~[httpclient5-5.6.1.jar:5.6.1]
	at org.apache.hc.client5.http.classic.HttpClient.executeOpen(HttpClient.java:183) ~[httpclient5-5.6.1.jar:5.6.1]
	at org.springframework.http.client.HttpComponentsClientHttpRequest.executeInternal(HttpComponentsClientHttpRequest.java:99) ~[spring-web-7.0.8.jar:7.0.8]
	at org.springframework.http.client.AbstractStreamingClientHttpRequest.executeInternal(AbstractStreamingClientHttpRequest.java:87) ~[spring-web-7.0.8.jar:7.0.8]
	at org.springframework.http.client.AbstractClientHttpRequest.execute(AbstractClientHttpRequest.java:80) ~[spring-web-7.0.8.jar:7.0.8]
	at org.springframework.http.client.AbstractBufferingClientHttpRequest.executeWithRequestAndBody(AbstractBufferingClientHttpRequest.java:89) ~[spring-web-7.0.8.jar:7.0.8]
	at org.springframework.http.client.InterceptingClientHttpRequest$EndOfChainRequestExecution.execute(InterceptingClientHttpRequest.java:102) ~[spring-web-7.0.8.jar:7.0.8]
	at org.springframework.cloud.netflix.eureka.http.RestClientTransportClientFactory.lambda$newClient$2(RestClientTransportClientFactory.java:98) ~[spring-cloud-netflix-eureka-client-5.0.2.jar:5.0.2]
	at org.springframework.http.client.ClientHttpRequestInterceptor.lambda$apply$0(ClientHttpRequestInterceptor.java:89) ~[spring-web-7.0.8.jar:7.0.8]
	at org.springframework.http.client.InterceptingClientHttpRequest.executeInternal(InterceptingClientHttpRequest.java:73) ~[spring-web-7.0.8.jar:7.0.8]
	at org.springframework.http.client.AbstractBufferingClientHttpRequest.executeInternal(AbstractBufferingClientHttpRequest.java:50) ~[spring-web-7.0.8.jar:7.0.8]
	at org.springframework.http.client.AbstractClientHttpRequest.execute(AbstractClientHttpRequest.java:80) ~[spring-web-7.0.8.jar:7.0.8]
	at org.springframework.web.client.DefaultRestClient$DefaultRequestBodyUriSpec.exchangeInternal(DefaultRestClient.java:614) ~[spring-web-7.0.8.jar:7.0.8]
	... 26 common frames omitted

2026-08-31T19:39:09.504+05:30  WARN 31356 --- [FoodServiceApp] [DiscoveryClient-CacheRefreshExecutor-%d] c.n.d.s.t.d.RetryableEurekaHttpClient    : Request execution failed with message: I/O error on GET request for "http://localhost:8761/eureka/apps/": Connect to http://localhost:8761 failed: Connection refused: getsockopt
2026-08-31T19:39:09.505+05:30  INFO 31356 --- [FoodServiceApp] [DiscoveryClient-CacheRefreshExecutor-%d] com.netflix.discovery.DiscoveryClient    : DiscoveryClient_FOODSERVICEAPP/localhost:FoodServiceApp:9091 - was unable to refresh its cache! This periodic background refresh will be retried in 30 seconds. status = Cannot execute request on any known server

com.netflix.discovery.shared.transport.TransportException: Cannot execute request on any known server
	at com.netflix.discovery.shared.transport.decorator.RetryableEurekaHttpClient.execute(RetryableEurekaHttpClient.java:112) ~[eureka-client-2.0.6.jar:2.0.6]
	at com.netflix.discovery.shared.transport.decorator.EurekaHttpClientDecorator.getApplications(EurekaHttpClientDecorator.java:134) ~[eureka-client-2.0.6.jar:2.0.6]
	at com.netflix.discovery.shared.transport.decorator.EurekaHttpClientDecorator$6.execute(EurekaHttpClientDecorator.java:137) ~[eureka-client-2.0.6.jar:2.0.6]
	at com.netflix.discovery.shared.transport.decorator.SessionedEurekaHttpClient.execute(SessionedEurekaHttpClient.java:76) ~[eureka-client-2.0.6.jar:2.0.6]
	at com.netflix.discovery.shared.transport.decorator.EurekaHttpClientDecorator.getApplications(EurekaHttpClientDecorator.java:134) ~[eureka-client-2.0.6.jar:2.0.6]
	at com.netflix.discovery.DiscoveryClient.getAndStoreFullRegistry(DiscoveryClient.java:1061) ~[eureka-client-2.0.6.jar:2.0.6]
	at com.netflix.discovery.DiscoveryClient.fetchRegistry(DiscoveryClient.java:976) ~[eureka-client-2.0.6.jar:2.0.6]
	at com.netflix.discovery.DiscoveryClient.refreshRegistry(DiscoveryClient.java:1489) ~[eureka-client-2.0.6.jar:2.0.6]
	at com.netflix.discovery.DiscoveryClient$CacheRefreshThread.run(DiscoveryClient.java:1457) ~[eureka-client-2.0.6.jar:2.0.6]
	at java.base/java.util.concurrent.Executors$RunnableAdapter.call(Executors.java:572) ~[na:na]
	at java.base/java.util.concurrent.FutureTask.run(FutureTask.java:317) ~[na:na]
	at java.base/java.util.concurrent.ThreadPoolExecutor.runWorker(ThreadPoolExecutor.java:1144) ~[na:na]
	at java.base/java.util.concurrent.ThreadPoolExecutor$Worker.run(ThreadPoolExecutor.java:642) ~[na:na]
	at java.base/java.lang.Thread.run(Thread.java:1583) ~[na:na]

2026-08-31T19:39:09.615+05:30  INFO 31356 --- [FoodServiceApp] [DiscoveryClient-InstanceInfoReplicator-%d] com.netflix.discovery.DiscoveryClient    : DiscoveryClient_FOODSERVICEAPP/localhost:FoodServiceApp:9091: registering service...
2026-08-31T19:39:09.663+05:30  INFO 31356 --- [FoodServiceApp] [DiscoveryClient-InstanceInfoReplicator-%d] c.n.d.s.t.d.RedirectingEurekaHttpClient  : Request execution error. endpoint=DefaultEndpoint{ serviceUrl='http://localhost:8761/eureka/}, exception=I/O error on POST request for "http://localhost:8761/eureka/apps/FOODSERVICEAPP": Connect to http://localhost:8761 failed: Connection refused: getsockopt

org.springframework.web.client.ResourceAccessException: I/O error on POST request for "http://localhost:8761/eureka/apps/FOODSERVICEAPP": Connect to http://localhost:8761 failed: Connection refused: getsockopt
	at org.springframework.web.client.DefaultRestClient$DefaultRequestBodyUriSpec.createResourceAccessException(DefaultRestClient.java:779) ~[spring-web-7.0.8.jar:7.0.8]
	at org.springframework.web.client.DefaultRestClient$DefaultRequestBodyUriSpec.exchangeInternal(DefaultRestClient.java:624) ~[spring-web-7.0.8.jar:7.0.8]
	at org.springframework.web.client.DefaultRestClient$DefaultRequestBodyUriSpec.exchange(DefaultRestClient.java:572) ~[spring-web-7.0.8.jar:7.0.8]
	at org.springframework.web.client.RestClient$RequestHeadersSpec.exchange(RestClient.java:747) ~[spring-web-7.0.8.jar:7.0.8]
	at org.springframework.web.client.DefaultRestClient$DefaultResponseSpec.executeAndExtract(DefaultRestClient.java:924) ~[spring-web-7.0.8.jar:7.0.8]
	at org.springframework.web.client.DefaultRestClient$DefaultResponseSpec.toBodilessEntity(DefaultRestClient.java:888) ~[spring-web-7.0.8.jar:7.0.8]
	at org.springframework.cloud.netflix.eureka.http.RestClientEurekaHttpClient.register(RestClientEurekaHttpClient.java:64) ~[spring-cloud-netflix-eureka-client-5.0.2.jar:5.0.2]
	at com.netflix.discovery.shared.transport.decorator.EurekaHttpClientDecorator$1.execute(EurekaHttpClientDecorator.java:59) ~[eureka-client-2.0.6.jar:2.0.6]
	at com.netflix.discovery.shared.transport.decorator.RedirectingEurekaHttpClient.executeOnNewServer(RedirectingEurekaHttpClient.java:120) ~[eureka-client-2.0.6.jar:2.0.6]
	at com.netflix.discovery.shared.transport.decorator.RedirectingEurekaHttpClient.execute(RedirectingEurekaHttpClient.java:79) ~[eureka-client-2.0.6.jar:2.0.6]
	at com.netflix.discovery.shared.transport.decorator.EurekaHttpClientDecorator.register(EurekaHttpClientDecorator.java:56) ~[eureka-client-2.0.6.jar:2.0.6]
	at com.netflix.discovery.shared.transport.decorator.EurekaHttpClientDecorator$1.execute(EurekaHttpClientDecorator.java:59) ~[eureka-client-2.0.6.jar:2.0.6]
	at com.netflix.discovery.shared.transport.decorator.RetryableEurekaHttpClient.execute(RetryableEurekaHttpClient.java:120) ~[eureka-client-2.0.6.jar:2.0.6]
	at com.netflix.discovery.shared.transport.decorator.EurekaHttpClientDecorator.register(EurekaHttpClientDecorator.java:56) ~[eureka-client-2.0.6.jar:2.0.6]
	at com.netflix.discovery.shared.transport.decorator.EurekaHttpClientDecorator$1.execute(EurekaHttpClientDecorator.java:59) ~[eureka-client-2.0.6.jar:2.0.6]
	at com.netflix.discovery.shared.transport.decorator.SessionedEurekaHttpClient.execute(SessionedEurekaHttpClient.java:76) ~[eureka-client-2.0.6.jar:2.0.6]
	at com.netflix.discovery.shared.transport.decorator.EurekaHttpClientDecorator.register(EurekaHttpClientDecorator.java:56) ~[eureka-client-2.0.6.jar:2.0.6]
	at com.netflix.discovery.DiscoveryClient.register(DiscoveryClient.java:843) ~[eureka-client-2.0.6.jar:2.0.6]
	at com.netflix.discovery.InstanceInfoReplicator.run(InstanceInfoReplicator.java:125) ~[eureka-client-2.0.6.jar:2.0.6]
	at java.base/java.util.concurrent.Executors$RunnableAdapter.call(Executors.java:572) ~[na:na]
	at java.base/java.util.concurrent.FutureTask.run(FutureTask.java:317) ~[na:na]
	at java.base/java.util.concurrent.ScheduledThreadPoolExecutor$ScheduledFutureTask.run(ScheduledThreadPoolExecutor.java:304) ~[na:na]
	at java.base/java.util.concurrent.ThreadPoolExecutor.runWorker(ThreadPoolExecutor.java:1144) ~[na:na]
	at java.base/java.util.concurrent.ThreadPoolExecutor$Worker.run(ThreadPoolExecutor.java:642) ~[na:na]
	at java.base/java.lang.Thread.run(Thread.java:1583) ~[na:na]
Caused by: org.apache.hc.client5.http.HttpHostConnectException: Connect to http://localhost:8761 failed: Connection refused: getsockopt
	at java.base/sun.nio.ch.Net.pollConnect(Native Method) ~[na:na]
	at java.base/sun.nio.ch.Net.pollConnectNow(Net.java:682) ~[na:na]
	at java.base/sun.nio.ch.NioSocketImpl.timedFinishConnect(NioSocketImpl.java:542) ~[na:na]
	at java.base/sun.nio.ch.NioSocketImpl.connect(NioSocketImpl.java:592) ~[na:na]
	at java.base/java.net.SocksSocketImpl.connect(SocksSocketImpl.java:327) ~[na:na]
	at java.base/java.net.Socket.connect(Socket.java:751) ~[na:na]
	at org.apache.hc.client5.http.impl.io.DefaultHttpClientConnectionOperator.connect(DefaultHttpClientConnectionOperator.java:219) ~[httpclient5-5.6.1.jar:5.6.1]
	at org.apache.hc.client5.http.impl.io.PoolingHttpClientConnectionManager.connect(PoolingHttpClientConnectionManager.java:547) ~[httpclient5-5.6.1.jar:5.6.1]
	at org.apache.hc.client5.http.impl.classic.InternalExecRuntime.connectEndpoint(InternalExecRuntime.java:164) ~[httpclient5-5.6.1.jar:5.6.1]
	at org.apache.hc.client5.http.impl.classic.InternalExecRuntime.connectEndpoint(InternalExecRuntime.java:174) ~[httpclient5-5.6.1.jar:5.6.1]
	at org.apache.hc.client5.http.impl.classic.ConnectExec.execute(ConnectExec.java:144) ~[httpclient5-5.6.1.jar:5.6.1]
	at org.apache.hc.client5.http.impl.classic.ExecChainElement.execute(ExecChainElement.java:51) ~[httpclient5-5.6.1.jar:5.6.1]
	at org.apache.hc.client5.http.impl.classic.ProtocolExec.execute(ProtocolExec.java:192) ~[httpclient5-5.6.1.jar:5.6.1]
	at org.apache.hc.client5.http.impl.classic.ExecChainElement.execute(ExecChainElement.java:51) ~[httpclient5-5.6.1.jar:5.6.1]
	at org.apache.hc.client5.http.impl.classic.ContentCompressionExec.execute(ContentCompressionExec.java:138) ~[httpclient5-5.6.1.jar:5.6.1]
	at org.apache.hc.client5.http.impl.classic.ExecChainElement.execute(ExecChainElement.java:51) ~[httpclient5-5.6.1.jar:5.6.1]
	at org.apache.hc.client5.http.impl.classic.HttpRequestRetryExec.execute(HttpRequestRetryExec.java:112) ~[httpclient5-5.6.1.jar:5.6.1]
	at org.apache.hc.client5.http.impl.classic.ExecChainElement.execute(ExecChainElement.java:51) ~[httpclient5-5.6.1.jar:5.6.1]
	at org.apache.hc.client5.http.impl.classic.RedirectExec.execute(RedirectExec.java:110) ~[httpclient5-5.6.1.jar:5.6.1]
	at org.apache.hc.client5.http.impl.classic.ExecChainElement.execute(ExecChainElement.java:51) ~[httpclient5-5.6.1.jar:5.6.1]
	at org.apache.hc.client5.http.impl.classic.InternalHttpClient.doExecute(InternalHttpClient.java:185) ~[httpclient5-5.6.1.jar:5.6.1]
	at org.apache.hc.client5.http.impl.classic.CloseableHttpClient.execute(CloseableHttpClient.java:87) ~[httpclient5-5.6.1.jar:5.6.1]
	at org.apache.hc.client5.http.impl.classic.CloseableHttpClient.execute(CloseableHttpClient.java:55) ~[httpclient5-5.6.1.jar:5.6.1]
	at org.apache.hc.client5.http.classic.HttpClient.executeOpen(HttpClient.java:183) ~[httpclient5-5.6.1.jar:5.6.1]
	at org.springframework.http.client.HttpComponentsClientHttpRequest.executeInternal(HttpComponentsClientHttpRequest.java:99) ~[spring-web-7.0.8.jar:7.0.8]
	at org.springframework.http.client.AbstractStreamingClientHttpRequest.executeInternal(AbstractStreamingClientHttpRequest.java:87) ~[spring-web-7.0.8.jar:7.0.8]
	at org.springframework.http.client.AbstractClientHttpRequest.execute(AbstractClientHttpRequest.java:80) ~[spring-web-7.0.8.jar:7.0.8]
	at org.springframework.http.client.AbstractBufferingClientHttpRequest.executeWithRequestAndBody(AbstractBufferingClientHttpRequest.java:89) ~[spring-web-7.0.8.jar:7.0.8]
	at org.springframework.http.client.InterceptingClientHttpRequest$EndOfChainRequestExecution.execute(InterceptingClientHttpRequest.java:102) ~[spring-web-7.0.8.jar:7.0.8]
	at org.springframework.cloud.netflix.eureka.http.RestClientTransportClientFactory.lambda$newClient$2(RestClientTransportClientFactory.java:98) ~[spring-cloud-netflix-eureka-client-5.0.2.jar:5.0.2]
	at org.springframework.http.client.ClientHttpRequestInterceptor.lambda$apply$0(ClientHttpRequestInterceptor.java:89) ~[spring-web-7.0.8.jar:7.0.8]
	at org.springframework.http.client.InterceptingClientHttpRequest.executeInternal(InterceptingClientHttpRequest.java:73) ~[spring-web-7.0.8.jar:7.0.8]
	at org.springframework.http.client.AbstractBufferingClientHttpRequest.executeInternal(AbstractBufferingClientHttpRequest.java:50) ~[spring-web-7.0.8.jar:7.0.8]
	at org.springframework.http.client.AbstractClientHttpRequest.execute(AbstractClientHttpRequest.java:80) ~[spring-web-7.0.8.jar:7.0.8]
	at org.springframework.web.client.DefaultRestClient$DefaultRequestBodyUriSpec.exchangeInternal(DefaultRestClient.java:614) ~[spring-web-7.0.8.jar:7.0.8]
	... 23 common frames omitted

2026-08-31T19:39:09.669+05:30  WARN 31356 --- [FoodServiceApp] [DiscoveryClient-InstanceInfoReplicator-%d] c.n.d.s.t.d.RetryableEurekaHttpClient    : Request execution failed with message: I/O error on POST request for "http://localhost:8761/eureka/apps/FOODSERVICEAPP": Connect to http://localhost:8761 failed: Connection refused: getsockopt
2026-08-31T19:39:09.670+05:30  WARN 31356 --- [FoodServiceApp] [DiscoveryClient-InstanceInfoReplicator-%d] com.netflix.discovery.DiscoveryClient    : DiscoveryClient_FOODSERVICEAPP/localhost:FoodServiceApp:9091 - registration failed Cannot execute request on any known server

com.netflix.discovery.shared.transport.TransportException: Cannot execute request on any known server
	at com.netflix.discovery.shared.transport.decorator.RetryableEurekaHttpClient.execute(RetryableEurekaHttpClient.java:112) ~[eureka-client-2.0.6.jar:2.0.6]
	at com.netflix.discovery.shared.transport.decorator.EurekaHttpClientDecorator.register(EurekaHttpClientDecorator.java:56) ~[eureka-client-2.0.6.jar:2.0.6]
	at com.netflix.discovery.shared.transport.decorator.EurekaHttpClientDecorator$1.execute(EurekaHttpClientDecorator.java:59) ~[eureka-client-2.0.6.jar:2.0.6]
	at com.netflix.discovery.shared.transport.decorator.SessionedEurekaHttpClient.execute(SessionedEurekaHttpClient.java:76) ~[eureka-client-2.0.6.jar:2.0.6]
	at com.netflix.discovery.shared.transport.decorator.EurekaHttpClientDecorator.register(EurekaHttpClientDecorator.java:56) ~[eureka-client-2.0.6.jar:2.0.6]
	at com.netflix.discovery.DiscoveryClient.register(DiscoveryClient.java:843) ~[eureka-client-2.0.6.jar:2.0.6]
	at com.netflix.discovery.InstanceInfoReplicator.run(InstanceInfoReplicator.java:125) ~[eureka-client-2.0.6.jar:2.0.6]
	at java.base/java.util.concurrent.Executors$RunnableAdapter.call(Executors.java:572) ~[na:na]
	at java.base/java.util.concurrent.FutureTask.run(FutureTask.java:317) ~[na:na]
	at java.base/java.util.concurrent.ScheduledThreadPoolExecutor$ScheduledFutureTask.run(ScheduledThreadPoolExecutor.java:304) ~[na:na]
	at java.base/java.util.concurrent.ThreadPoolExecutor.runWorker(ThreadPoolExecutor.java:1144) ~[na:na]
	at java.base/java.util.concurrent.ThreadPoolExecutor$Worker.run(ThreadPoolExecutor.java:642) ~[na:na]
	at java.base/java.lang.Thread.run(Thread.java:1583) ~[na:na]

2026-08-31T19:39:09.672+05:30  WARN 31356 --- [FoodServiceApp] [DiscoveryClient-InstanceInfoReplicator-%d] c.n.discovery.InstanceInfoReplicator     : There was a problem with the instance info replicator

com.netflix.discovery.shared.transport.TransportException: Cannot execute request on any known server
	at com.netflix.discovery.shared.transport.decorator.RetryableEurekaHttpClient.execute(RetryableEurekaHttpClient.java:112) ~[eureka-client-2.0.6.jar:2.0.6]
	at com.netflix.discovery.shared.transport.decorator.EurekaHttpClientDecorator.register(EurekaHttpClientDecorator.java:56) ~[eureka-client-2.0.6.jar:2.0.6]
	at com.netflix.discovery.shared.transport.decorator.EurekaHttpClientDecorator$1.execute(EurekaHttpClientDecorator.java:59) ~[eureka-client-2.0.6.jar:2.0.6]
	at com.netflix.discovery.shared.transport.decorator.SessionedEurekaHttpClient.execute(SessionedEurekaHttpClient.java:76) ~[eureka-client-2.0.6.jar:2.0.6]
	at com.netflix.discovery.shared.transport.decorator.EurekaHttpClientDecorator.register(EurekaHttpClientDecorator.java:56) ~[eureka-client-2.0.6.jar:2.0.6]
	at com.netflix.discovery.DiscoveryClient.register(DiscoveryClient.java:843) ~[eureka-client-2.0.6.jar:2.0.6]
	at com.netflix.discovery.InstanceInfoReplicator.run(InstanceInfoReplicator.java:125) ~[eureka-client-2.0.6.jar:2.0.6]
	at java.base/java.util.concurrent.Executors$RunnableAdapter.call(Executors.java:572) ~[na:na]
	at java.base/java.util.concurrent.FutureTask.run(FutureTask.java:317) ~[na:na]
	at java.base/java.util.concurrent.ScheduledThreadPoolExecutor$ScheduledFutureTask.run(ScheduledThreadPoolExecutor.java:304) ~[na:na]
	at java.base/java.util.concurrent.ThreadPoolExecutor.runWorker(ThreadPoolExecutor.java:1144) ~[na:na]
	at java.base/java.util.concurrent.ThreadPoolExecutor$Worker.run(ThreadPoolExecutor.java:642) ~[na:na]
	at java.base/java.lang.Thread.run(Thread.java:1583) ~[na:na]

2026-08-31T19:39:39.518+05:30  INFO 31356 --- [FoodServiceApp] [DiscoveryClient-CacheRefreshExecutor-%d] com.netflix.discovery.DiscoveryClient    : Disable delta property : false
2026-08-31T19:39:39.519+05:30  INFO 31356 --- [FoodServiceApp] [DiscoveryClient-CacheRefreshExecutor-%d] com.netflix.discovery.DiscoveryClient    : Single vip registry refresh property : null
2026-08-31T19:39:39.520+05:30  INFO 31356 --- [FoodServiceApp] [DiscoveryClient-CacheRefreshExecutor-%d] com.netflix.discovery.DiscoveryClient    : Force full registry fetch : false
2026-08-31T19:39:39.521+05:30  INFO 31356 --- [FoodServiceApp] [DiscoveryClient-CacheRefreshExecutor-%d] com.netflix.discovery.DiscoveryClient    : Application is null : false
2026-08-31T19:39:39.522+05:30  INFO 31356 --- [FoodServiceApp] [DiscoveryClient-CacheRefreshExecutor-%d] com.netflix.discovery.DiscoveryClient    : Registered Applications size is zero : true
2026-08-31T19:39:39.523+05:30  INFO 31356 --- [FoodServiceApp] [DiscoveryClient-CacheRefreshExecutor-%d] com.netflix.discovery.DiscoveryClient    : Application version is -1: true
2026-08-31T19:39:39.524+05:30  INFO 31356 --- [FoodServiceApp] [DiscoveryClient-CacheRefreshExecutor-%d] com.netflix.discovery.DiscoveryClient    : Getting all instance registry info from the eureka server
2026-08-31T19:39:39.525+05:30  INFO 31356 --- [FoodServiceApp] [DiscoveryClient-HeartbeatExecutor-%d] c.n.d.s.t.d.RedirectingEurekaHttpClient  : Request execution error. endpoint=DefaultEndpoint{ serviceUrl='http://localhost:8761/eureka/}, exception=I/O error on PUT request for "http://localhost:8761/eureka/apps/FOODSERVICEAPP/localhost:FoodServiceApp:9091": Connect to http://localhost:8761 failed: Connection refused: getsockopt

org.springframework.web.client.ResourceAccessException: I/O error on PUT request for "http://localhost:8761/eureka/apps/FOODSERVICEAPP/localhost:FoodServiceApp:9091": Connect to http://localhost:8761 failed: Connection refused: getsockopt
	at org.springframework.web.client.DefaultRestClient$DefaultRequestBodyUriSpec.createResourceAccessException(DefaultRestClient.java:779) ~[spring-web-7.0.8.jar:7.0.8]
	at org.springframework.web.client.DefaultRestClient$DefaultRequestBodyUriSpec.exchangeInternal(DefaultRestClient.java:624) ~[spring-web-7.0.8.jar:7.0.8]
	at org.springframework.web.client.DefaultRestClient$DefaultRequestBodyUriSpec.exchange(DefaultRestClient.java:572) ~[spring-web-7.0.8.jar:7.0.8]
	at org.springframework.web.client.RestClient$RequestHeadersSpec.exchange(RestClient.java:747) ~[spring-web-7.0.8.jar:7.0.8]
	at org.springframework.web.client.DefaultRestClient$DefaultResponseSpec.executeAndExtract(DefaultRestClient.java:924) ~[spring-web-7.0.8.jar:7.0.8]
	at org.springframework.web.client.DefaultRestClient$DefaultResponseSpec.toEntityInternal(DefaultRestClient.java:870) ~[spring-web-7.0.8.jar:7.0.8]
	at org.springframework.web.client.DefaultRestClient$DefaultResponseSpec.toEntity(DefaultRestClient.java:859) ~[spring-web-7.0.8.jar:7.0.8]
	at org.springframework.cloud.netflix.eureka.http.RestClientEurekaHttpClient.sendHeartBeat(RestClientEurekaHttpClient.java:91) ~[spring-cloud-netflix-eureka-client-5.0.2.jar:5.0.2]
	at com.netflix.discovery.shared.transport.decorator.EurekaHttpClientDecorator$3.execute(EurekaHttpClientDecorator.java:92) ~[eureka-client-2.0.6.jar:2.0.6]
	at com.netflix.discovery.shared.transport.decorator.RedirectingEurekaHttpClient.executeOnNewServer(RedirectingEurekaHttpClient.java:120) ~[eureka-client-2.0.6.jar:2.0.6]
	at com.netflix.discovery.shared.transport.decorator.RedirectingEurekaHttpClient.execute(RedirectingEurekaHttpClient.java:79) ~[eureka-client-2.0.6.jar:2.0.6]
	at com.netflix.discovery.shared.transport.decorator.EurekaHttpClientDecorator.sendHeartBeat(EurekaHttpClientDecorator.java:89) ~[eureka-client-2.0.6.jar:2.0.6]
	at com.netflix.discovery.shared.transport.decorator.EurekaHttpClientDecorator$3.execute(EurekaHttpClientDecorator.java:92) ~[eureka-client-2.0.6.jar:2.0.6]
	at com.netflix.discovery.shared.transport.decorator.RetryableEurekaHttpClient.execute(RetryableEurekaHttpClient.java:120) ~[eureka-client-2.0.6.jar:2.0.6]
	at com.netflix.discovery.shared.transport.decorator.EurekaHttpClientDecorator.sendHeartBeat(EurekaHttpClientDecorator.java:89) ~[eureka-client-2.0.6.jar:2.0.6]
	at com.netflix.discovery.shared.transport.decorator.EurekaHttpClientDecorator$3.execute(EurekaHttpClientDecorator.java:92) ~[eureka-client-2.0.6.jar:2.0.6]
	at com.netflix.discovery.shared.transport.decorator.SessionedEurekaHttpClient.execute(SessionedEurekaHttpClient.java:76) ~[eureka-client-2.0.6.jar:2.0.6]
	at com.netflix.discovery.shared.transport.decorator.EurekaHttpClientDecorator.sendHeartBeat(EurekaHttpClientDecorator.java:89) ~[eureka-client-2.0.6.jar:2.0.6]
	at com.netflix.discovery.DiscoveryClient.renew(DiscoveryClient.java:860) ~[eureka-client-2.0.6.jar:2.0.6]
	at com.netflix.discovery.DiscoveryClient$HeartbeatThread.run(DiscoveryClient.java:1418) ~[eureka-client-2.0.6.jar:2.0.6]
	at java.base/java.util.concurrent.Executors$RunnableAdapter.call(Executors.java:572) ~[na:na]
	at java.base/java.util.concurrent.FutureTask.run(FutureTask.java:317) ~[na:na]
	at java.base/java.util.concurrent.ThreadPoolExecutor.runWorker(ThreadPoolExecutor.java:1144) ~[na:na]
	at java.base/java.util.concurrent.ThreadPoolExecutor$Worker.run(ThreadPoolExecutor.java:642) ~[na:na]
	at java.base/java.lang.Thread.run(Thread.java:1583) ~[na:na]
Caused by: org.apache.hc.client5.http.HttpHostConnectException: Connect to http://localhost:8761 failed: Connection refused: getsockopt
	at java.base/sun.nio.ch.Net.pollConnect(Native Method) ~[na:na]
	at java.base/sun.nio.ch.Net.pollConnectNow(Net.java:682) ~[na:na]
	at java.base/sun.nio.ch.NioSocketImpl.timedFinishConnect(NioSocketImpl.java:542) ~[na:na]
	at java.base/sun.nio.ch.NioSocketImpl.connect(NioSocketImpl.java:592) ~[na:na]
	at java.base/java.net.SocksSocketImpl.connect(SocksSocketImpl.java:327) ~[na:na]
	at java.base/java.net.Socket.connect(Socket.java:751) ~[na:na]
	at org.apache.hc.client5.http.impl.io.DefaultHttpClientConnectionOperator.connect(DefaultHttpClientConnectionOperator.java:219) ~[httpclient5-5.6.1.jar:5.6.1]
	at org.apache.hc.client5.http.impl.io.PoolingHttpClientConnectionManager.connect(PoolingHttpClientConnectionManager.java:547) ~[httpclient5-5.6.1.jar:5.6.1]
	at org.apache.hc.client5.http.impl.classic.InternalExecRuntime.connectEndpoint(InternalExecRuntime.java:164) ~[httpclient5-5.6.1.jar:5.6.1]
	at org.apache.hc.client5.http.impl.classic.InternalExecRuntime.connectEndpoint(InternalExecRuntime.java:174) ~[httpclient5-5.6.1.jar:5.6.1]
	at org.apache.hc.client5.http.impl.classic.ConnectExec.execute(ConnectExec.java:144) ~[httpclient5-5.6.1.jar:5.6.1]
	at org.apache.hc.client5.http.impl.classic.ExecChainElement.execute(ExecChainElement.java:51) ~[httpclient5-5.6.1.jar:5.6.1]
	at org.apache.hc.client5.http.impl.classic.ProtocolExec.execute(ProtocolExec.java:192) ~[httpclient5-5.6.1.jar:5.6.1]
	at org.apache.hc.client5.http.impl.classic.ExecChainElement.execute(ExecChainElement.java:51) ~[httpclient5-5.6.1.jar:5.6.1]
	at org.apache.hc.client5.http.impl.classic.ContentCompressionExec.execute(ContentCompressionExec.java:138) ~[httpclient5-5.6.1.jar:5.6.1]
	at org.apache.hc.client5.http.impl.classic.ExecChainElement.execute(ExecChainElement.java:51) ~[httpclient5-5.6.1.jar:5.6.1]
	at org.apache.hc.client5.http.impl.classic.HttpRequestRetryExec.execute(HttpRequestRetryExec.java:112) ~[httpclient5-5.6.1.jar:5.6.1]
	at org.apache.hc.client5.http.impl.classic.ExecChainElement.execute(ExecChainElement.java:51) ~[httpclient5-5.6.1.jar:5.6.1]
	at org.apache.hc.client5.http.impl.classic.RedirectExec.execute(RedirectExec.java:110) ~[httpclient5-5.6.1.jar:5.6.1]
	at org.apache.hc.client5.http.impl.classic.ExecChainElement.execute(ExecChainElement.java:51) ~[httpclient5-5.6.1.jar:5.6.1]
	at org.apache.hc.client5.http.impl.classic.InternalHttpClient.doExecute(InternalHttpClient.java:185) ~[httpclient5-5.6.1.jar:5.6.1]
	at org.apache.hc.client5.http.impl.classic.CloseableHttpClient.execute(CloseableHttpClient.java:87) ~[httpclient5-5.6.1.jar:5.6.1]
	at org.apache.hc.client5.http.impl.classic.CloseableHttpClient.execute(CloseableHttpClient.java:55) ~[httpclient5-5.6.1.jar:5.6.1]
	at org.apache.hc.client5.http.classic.HttpClient.executeOpen(HttpClient.java:183) ~[httpclient5-5.6.1.jar:5.6.1]
	at org.springframework.http.client.HttpComponentsClientHttpRequest.executeInternal(HttpComponentsClientHttpRequest.java:99) ~[spring-web-7.0.8.jar:7.0.8]
	at org.springframework.http.client.AbstractStreamingClientHttpRequest.executeInternal(AbstractStreamingClientHttpRequest.java:87) ~[spring-web-7.0.8.jar:7.0.8]
	at org.springframework.http.client.AbstractClientHttpRequest.execute(AbstractClientHttpRequest.java:80) ~[spring-web-7.0.8.jar:7.0.8]
	at org.springframework.http.client.AbstractBufferingClientHttpRequest.executeWithRequestAndBody(AbstractBufferingClientHttpRequest.java:89) ~[spring-web-7.0.8.jar:7.0.8]
	at org.springframework.http.client.InterceptingClientHttpRequest$EndOfChainRequestExecution.execute(InterceptingClientHttpRequest.java:102) ~[spring-web-7.0.8.jar:7.0.8]
	at org.springframework.cloud.netflix.eureka.http.RestClientTransportClientFactory.lambda$newClient$2(RestClientTransportClientFactory.java:98) ~[spring-cloud-netflix-eureka-client-5.0.2.jar:5.0.2]
	at org.springframework.http.client.ClientHttpRequestInterceptor.lambda$apply$0(ClientHttpRequestInterceptor.java:89) ~[spring-web-7.0.8.jar:7.0.8]
	at org.springframework.http.client.InterceptingClientHttpRequest.executeInternal(InterceptingClientHttpRequest.java:73) ~[spring-web-7.0.8.jar:7.0.8]
	at org.springframework.http.client.AbstractBufferingClientHttpRequest.executeInternal(AbstractBufferingClientHttpRequest.java:50) ~[spring-web-7.0.8.jar:7.0.8]
	at org.springframework.http.client.AbstractClientHttpRequest.execute(AbstractClientHttpRequest.java:80) ~[spring-web-7.0.8.jar:7.0.8]
	at org.springframework.web.client.DefaultRestClient$DefaultRequestBodyUriSpec.exchangeInternal(DefaultRestClient.java:614) ~[spring-web-7.0.8.jar:7.0.8]
	... 23 common frames omitted

2026-08-31T19:39:39.538+05:30  WARN 31356 --- [FoodServiceApp] [DiscoveryClient-HeartbeatExecutor-%d] c.n.d.s.t.d.RetryableEurekaHttpClient    : Request execution failed with message: I/O error on PUT request for "http://localhost:8761/eureka/apps/FOODSERVICEAPP/localhost:FoodServiceApp:9091": Connect to http://localhost:8761 failed: Connection refused: getsockopt
2026-08-31T19:39:39.539+05:30 ERROR 31356 --- [FoodServiceApp] [DiscoveryClient-HeartbeatExecutor-%d] com.netflix.discovery.DiscoveryClient    : DiscoveryClient_FOODSERVICEAPP/localhost:FoodServiceApp:9091 - was unable to send heartbeat!

com.netflix.discovery.shared.transport.TransportException: Cannot execute request on any known server
	at com.netflix.discovery.shared.transport.decorator.RetryableEurekaHttpClient.execute(RetryableEurekaHttpClient.java:112) ~[eureka-client-2.0.6.jar:2.0.6]
	at com.netflix.discovery.shared.transport.decorator.EurekaHttpClientDecorator.sendHeartBeat(EurekaHttpClientDecorator.java:89) ~[eureka-client-2.0.6.jar:2.0.6]
	at com.netflix.discovery.shared.transport.decorator.EurekaHttpClientDecorator$3.execute(EurekaHttpClientDecorator.java:92) ~[eureka-client-2.0.6.jar:2.0.6]
	at com.netflix.discovery.shared.transport.decorator.SessionedEurekaHttpClient.execute(SessionedEurekaHttpClient.java:76) ~[eureka-client-2.0.6.jar:2.0.6]
	at com.netflix.discovery.shared.transport.decorator.EurekaHttpClientDecorator.sendHeartBeat(EurekaHttpClientDecorator.java:89) ~[eureka-client-2.0.6.jar:2.0.6]
	at com.netflix.discovery.DiscoveryClient.renew(DiscoveryClient.java:860) ~[eureka-client-2.0.6.jar:2.0.6]
	at com.netflix.discovery.DiscoveryClient$HeartbeatThread.run(DiscoveryClient.java:1418) ~[eureka-client-2.0.6.jar:2.0.6]
	at java.base/java.util.concurrent.Executors$RunnableAdapter.call(Executors.java:572) ~[na:na]
	at java.base/java.util.concurrent.FutureTask.run(FutureTask.java:317) ~[na:na]
	at java.base/java.util.concurrent.ThreadPoolExecutor.runWorker(ThreadPoolExecutor.java:1144) ~[na:na]
	at java.base/java.util.concurrent.ThreadPoolExecutor$Worker.run(ThreadPoolExecutor.java:642) ~[na:na]
	at java.base/java.lang.Thread.run(Thread.java:1583) ~[na:na]

2026-08-31T19:39:39.541+05:30  INFO 31356 --- [FoodServiceApp] [DiscoveryClient-CacheRefreshExecutor-%d] c.n.d.s.t.d.RedirectingEurekaHttpClient  : Request execution error. endpoint=DefaultEndpoint{ serviceUrl='http://localhost:8761/eureka/}, exception=I/O error on GET request for "http://localhost:8761/eureka/apps/": Connect to http://localhost:8761 failed: Connection refused: getsockopt

org.springframework.web.client.ResourceAccessException: I/O error on GET request for "http://localhost:8761/eureka/apps/": Connect to http://localhost:8761 failed: Connection refused: getsockopt
	at org.springframework.web.client.DefaultRestClient$DefaultRequestBodyUriSpec.createResourceAccessException(DefaultRestClient.java:779) ~[spring-web-7.0.8.jar:7.0.8]
	at org.springframework.web.client.DefaultRestClient$DefaultRequestBodyUriSpec.exchangeInternal(DefaultRestClient.java:624) ~[spring-web-7.0.8.jar:7.0.8]
	at org.springframework.web.client.DefaultRestClient$DefaultRequestBodyUriSpec.exchange(DefaultRestClient.java:572) ~[spring-web-7.0.8.jar:7.0.8]
	at org.springframework.web.client.RestClient$RequestHeadersSpec.exchange(RestClient.java:747) ~[spring-web-7.0.8.jar:7.0.8]
	at org.springframework.web.client.DefaultRestClient$DefaultResponseSpec.executeAndExtract(DefaultRestClient.java:924) ~[spring-web-7.0.8.jar:7.0.8]
	at org.springframework.web.client.DefaultRestClient$DefaultResponseSpec.toEntityInternal(DefaultRestClient.java:870) ~[spring-web-7.0.8.jar:7.0.8]
	at org.springframework.web.client.DefaultRestClient$DefaultResponseSpec.toEntity(DefaultRestClient.java:859) ~[spring-web-7.0.8.jar:7.0.8]
	at org.springframework.cloud.netflix.eureka.http.RestClientEurekaHttpClient.getApplicationsInternal(RestClientEurekaHttpClient.java:201) ~[spring-cloud-netflix-eureka-client-5.0.2.jar:5.0.2]
	at org.springframework.cloud.netflix.eureka.http.RestClientEurekaHttpClient.getApplications(RestClientEurekaHttpClient.java:137) ~[spring-cloud-netflix-eureka-client-5.0.2.jar:5.0.2]
	at com.netflix.discovery.shared.transport.decorator.EurekaHttpClientDecorator$6.execute(EurekaHttpClientDecorator.java:137) ~[eureka-client-2.0.6.jar:2.0.6]
	at com.netflix.discovery.shared.transport.decorator.RedirectingEurekaHttpClient.executeOnNewServer(RedirectingEurekaHttpClient.java:120) ~[eureka-client-2.0.6.jar:2.0.6]
	at com.netflix.discovery.shared.transport.decorator.RedirectingEurekaHttpClient.execute(RedirectingEurekaHttpClient.java:79) ~[eureka-client-2.0.6.jar:2.0.6]
	at com.netflix.discovery.shared.transport.decorator.EurekaHttpClientDecorator.getApplications(EurekaHttpClientDecorator.java:134) ~[eureka-client-2.0.6.jar:2.0.6]
	at com.netflix.discovery.shared.transport.decorator.EurekaHttpClientDecorator$6.execute(EurekaHttpClientDecorator.java:137) ~[eureka-client-2.0.6.jar:2.0.6]
	at com.netflix.discovery.shared.transport.decorator.RetryableEurekaHttpClient.execute(RetryableEurekaHttpClient.java:120) ~[eureka-client-2.0.6.jar:2.0.6]
	at com.netflix.discovery.shared.transport.decorator.EurekaHttpClientDecorator.getApplications(EurekaHttpClientDecorator.java:134) ~[eureka-client-2.0.6.jar:2.0.6]
	at com.netflix.discovery.shared.transport.decorator.EurekaHttpClientDecorator$6.execute(EurekaHttpClientDecorator.java:137) ~[eureka-client-2.0.6.jar:2.0.6]
	at com.netflix.discovery.shared.transport.decorator.SessionedEurekaHttpClient.execute(SessionedEurekaHttpClient.java:76) ~[eureka-client-2.0.6.jar:2.0.6]
	at com.netflix.discovery.shared.transport.decorator.EurekaHttpClientDecorator.getApplications(EurekaHttpClientDecorator.java:134) ~[eureka-client-2.0.6.jar:2.0.6]
	at com.netflix.discovery.DiscoveryClient.getAndStoreFullRegistry(DiscoveryClient.java:1061) ~[eureka-client-2.0.6.jar:2.0.6]
	at com.netflix.discovery.DiscoveryClient.fetchRegistry(DiscoveryClient.java:976) ~[eureka-client-2.0.6.jar:2.0.6]
	at com.netflix.discovery.DiscoveryClient.refreshRegistry(DiscoveryClient.java:1489) ~[eureka-client-2.0.6.jar:2.0.6]
	at com.netflix.discovery.DiscoveryClient$CacheRefreshThread.run(DiscoveryClient.java:1457) ~[eureka-client-2.0.6.jar:2.0.6]
	at java.base/java.util.concurrent.Executors$RunnableAdapter.call(Executors.java:572) ~[na:na]
	at java.base/java.util.concurrent.FutureTask.run(FutureTask.java:317) ~[na:na]
	at java.base/java.util.concurrent.ThreadPoolExecutor.runWorker(ThreadPoolExecutor.java:1144) ~[na:na]
	at java.base/java.util.concurrent.ThreadPoolExecutor$Worker.run(ThreadPoolExecutor.java:642) ~[na:na]
	at java.base/java.lang.Thread.run(Thread.java:1583) ~[na:na]
Caused by: org.apache.hc.client5.http.HttpHostConnectException: Connect to http://localhost:8761 failed: Connection refused: getsockopt
	at java.base/sun.nio.ch.Net.pollConnect(Native Method) ~[na:na]
	at java.base/sun.nio.ch.Net.pollConnectNow(Net.java:682) ~[na:na]
	at java.base/sun.nio.ch.NioSocketImpl.timedFinishConnect(NioSocketImpl.java:542) ~[na:na]
	at java.base/sun.nio.ch.NioSocketImpl.connect(NioSocketImpl.java:592) ~[na:na]
	at java.base/java.net.SocksSocketImpl.connect(SocksSocketImpl.java:327) ~[na:na]
	at java.base/java.net.Socket.connect(Socket.java:751) ~[na:na]
	at org.apache.hc.client5.http.impl.io.DefaultHttpClientConnectionOperator.connect(DefaultHttpClientConnectionOperator.java:219) ~[httpclient5-5.6.1.jar:5.6.1]
	at org.apache.hc.client5.http.impl.io.PoolingHttpClientConnectionManager.connect(PoolingHttpClientConnectionManager.java:547) ~[httpclient5-5.6.1.jar:5.6.1]
	at org.apache.hc.client5.http.impl.classic.InternalExecRuntime.connectEndpoint(InternalExecRuntime.java:164) ~[httpclient5-5.6.1.jar:5.6.1]
	at org.apache.hc.client5.http.impl.classic.InternalExecRuntime.connectEndpoint(InternalExecRuntime.java:174) ~[httpclient5-5.6.1.jar:5.6.1]
	at org.apache.hc.client5.http.impl.classic.ConnectExec.execute(ConnectExec.java:144) ~[httpclient5-5.6.1.jar:5.6.1]
	at org.apache.hc.client5.http.impl.classic.ExecChainElement.execute(ExecChainElement.java:51) ~[httpclient5-5.6.1.jar:5.6.1]
	at org.apache.hc.client5.http.impl.classic.ProtocolExec.execute(ProtocolExec.java:192) ~[httpclient5-5.6.1.jar:5.6.1]
	at org.apache.hc.client5.http.impl.classic.ExecChainElement.execute(ExecChainElement.java:51) ~[httpclient5-5.6.1.jar:5.6.1]
	at org.apache.hc.client5.http.impl.classic.ContentCompressionExec.execute(ContentCompressionExec.java:138) ~[httpclient5-5.6.1.jar:5.6.1]
	at org.apache.hc.client5.http.impl.classic.ExecChainElement.execute(ExecChainElement.java:51) ~[httpclient5-5.6.1.jar:5.6.1]
	at org.apache.hc.client5.http.impl.classic.HttpRequestRetryExec.execute(HttpRequestRetryExec.java:112) ~[httpclient5-5.6.1.jar:5.6.1]
	at org.apache.hc.client5.http.impl.classic.ExecChainElement.execute(ExecChainElement.java:51) ~[httpclient5-5.6.1.jar:5.6.1]
	at org.apache.hc.client5.http.impl.classic.RedirectExec.execute(RedirectExec.java:110) ~[httpclient5-5.6.1.jar:5.6.1]
	at org.apache.hc.client5.http.impl.classic.ExecChainElement.execute(ExecChainElement.java:51) ~[httpclient5-5.6.1.jar:5.6.1]
	at org.apache.hc.client5.http.impl.classic.InternalHttpClient.doExecute(InternalHttpClient.java:185) ~[httpclient5-5.6.1.jar:5.6.1]
	at org.apache.hc.client5.http.impl.classic.CloseableHttpClient.execute(CloseableHttpClient.java:87) ~[httpclient5-5.6.1.jar:5.6.1]
	at org.apache.hc.client5.http.impl.classic.CloseableHttpClient.execute(CloseableHttpClient.java:55) ~[httpclient5-5.6.1.jar:5.6.1]
	at org.apache.hc.client5.http.classic.HttpClient.executeOpen(HttpClient.java:183) ~[httpclient5-5.6.1.jar:5.6.1]
	at org.springframework.http.client.HttpComponentsClientHttpRequest.executeInternal(HttpComponentsClientHttpRequest.java:99) ~[spring-web-7.0.8.jar:7.0.8]
	at org.springframework.http.client.AbstractStreamingClientHttpRequest.executeInternal(AbstractStreamingClientHttpRequest.java:87) ~[spring-web-7.0.8.jar:7.0.8]
	at org.springframework.http.client.AbstractClientHttpRequest.execute(AbstractClientHttpRequest.java:80) ~[spring-web-7.0.8.jar:7.0.8]
	at org.springframework.http.client.AbstractBufferingClientHttpRequest.executeWithRequestAndBody(AbstractBufferingClientHttpRequest.java:89) ~[spring-web-7.0.8.jar:7.0.8]
	at org.springframework.http.client.InterceptingClientHttpRequest$EndOfChainRequestExecution.execute(InterceptingClientHttpRequest.java:102) ~[spring-web-7.0.8.jar:7.0.8]
	at org.springframework.cloud.netflix.eureka.http.RestClientTransportClientFactory.lambda$newClient$2(RestClientTransportClientFactory.java:98) ~[spring-cloud-netflix-eureka-client-5.0.2.jar:5.0.2]
	at org.springframework.http.client.ClientHttpRequestInterceptor.lambda$apply$0(ClientHttpRequestInterceptor.java:89) ~[spring-web-7.0.8.jar:7.0.8]
	at org.springframework.http.client.InterceptingClientHttpRequest.executeInternal(InterceptingClientHttpRequest.java:73) ~[spring-web-7.0.8.jar:7.0.8]
	at org.springframework.http.client.AbstractBufferingClientHttpRequest.executeInternal(AbstractBufferingClientHttpRequest.java:50) ~[spring-web-7.0.8.jar:7.0.8]
	at org.springframework.http.client.AbstractClientHttpRequest.execute(AbstractClientHttpRequest.java:80) ~[spring-web-7.0.8.jar:7.0.8]
	at org.springframework.web.client.DefaultRestClient$DefaultRequestBodyUriSpec.exchangeInternal(DefaultRestClient.java:614) ~[spring-web-7.0.8.jar:7.0.8]
	... 26 common frames omitted

2026-08-31T19:39:39.551+05:30  WARN 31356 --- [FoodServiceApp] [DiscoveryClient-CacheRefreshExecutor-%d] c.n.d.s.t.d.RetryableEurekaHttpClient    : Request execution failed with message: I/O error on GET request for "http://localhost:8761/eureka/apps/": Connect to http://localhost:8761 failed: Connection refused: getsockopt
2026-08-31T19:39:39.553+05:30  INFO 31356 --- [FoodServiceApp] [DiscoveryClient-CacheRefreshExecutor-%d] com.netflix.discovery.DiscoveryClient    : DiscoveryClient_FOODSERVICEAPP/localhost:FoodServiceApp:9091 - was unable to refresh its cache! This periodic background refresh will be retried in 30 seconds. status = Cannot execute request on any known server

com.netflix.discovery.shared.transport.TransportException: Cannot execute request on any known server
	at com.netflix.discovery.shared.transport.decorator.RetryableEurekaHttpClient.execute(RetryableEurekaHttpClient.java:112) ~[eureka-client-2.0.6.jar:2.0.6]
	at com.netflix.discovery.shared.transport.decorator.EurekaHttpClientDecorator.getApplications(EurekaHttpClientDecorator.java:134) ~[eureka-client-2.0.6.jar:2.0.6]
	at com.netflix.discovery.shared.transport.decorator.EurekaHttpClientDecorator$6.execute(EurekaHttpClientDecorator.java:137) ~[eureka-client-2.0.6.jar:2.0.6]
	at com.netflix.discovery.shared.transport.decorator.SessionedEurekaHttpClient.execute(SessionedEurekaHttpClient.java:76) ~[eureka-client-2.0.6.jar:2.0.6]
	at com.netflix.discovery.shared.transport.decorator.EurekaHttpClientDecorator.getApplications(EurekaHttpClientDecorator.java:134) ~[eureka-client-2.0.6.jar:2.0.6]
	at com.netflix.discovery.DiscoveryClient.getAndStoreFullRegistry(DiscoveryClient.java:1061) ~[eureka-client-2.0.6.jar:2.0.6]
	at com.netflix.discovery.DiscoveryClient.fetchRegistry(DiscoveryClient.java:976) ~[eureka-client-2.0.6.jar:2.0.6]
	at com.netflix.discovery.DiscoveryClient.refreshRegistry(DiscoveryClient.java:1489) ~[eureka-client-2.0.6.jar:2.0.6]
	at com.netflix.discovery.DiscoveryClient$CacheRefreshThread.run(DiscoveryClient.java:1457) ~[eureka-client-2.0.6.jar:2.0.6]
	at java.base/java.util.concurrent.Executors$RunnableAdapter.call(Executors.java:572) ~[na:na]
	at java.base/java.util.concurrent.FutureTask.run(FutureTask.java:317) ~[na:na]
	at java.base/java.util.concurrent.ThreadPoolExecutor.runWorker(ThreadPoolExecutor.java:1144) ~[na:na]
	at java.base/java.util.concurrent.ThreadPoolExecutor$Worker.run(ThreadPoolExecutor.java:642) ~[na:na]
	at java.base/java.lang.Thread.run(Thread.java:1583) ~[na:na]

2026-08-31T19:39:39.674+05:30  INFO 31356 --- [FoodServiceApp] [DiscoveryClient-InstanceInfoReplicator-%d] com.netflix.discovery.DiscoveryClient    : DiscoveryClient_FOODSERVICEAPP/localhost:FoodServiceApp:9091: registering service...
2026-08-31T19:39:39.690+05:30  INFO 31356 --- [FoodServiceApp] [DiscoveryClient-InstanceInfoReplicator-%d] c.n.d.s.t.d.RedirectingEurekaHttpClient  : Request execution error. endpoint=DefaultEndpoint{ serviceUrl='http://localhost:8761/eureka/}, exception=I/O error on POST request for "http://localhost:8761/eureka/apps/FOODSERVICEAPP": Connect to http://localhost:8761 failed: Connection refused: getsockopt

org.springframework.web.client.ResourceAccessException: I/O error on POST request for "http://localhost:8761/eureka/apps/FOODSERVICEAPP": Connect to http://localhost:8761 failed: Connection refused: getsockopt
	at org.springframework.web.client.DefaultRestClient$DefaultRequestBodyUriSpec.createResourceAccessException(DefaultRestClient.java:779) ~[spring-web-7.0.8.jar:7.0.8]
	at org.springframework.web.client.DefaultRestClient$DefaultRequestBodyUriSpec.exchangeInternal(DefaultRestClient.java:624) ~[spring-web-7.0.8.jar:7.0.8]
	at org.springframework.web.client.DefaultRestClient$DefaultRequestBodyUriSpec.exchange(DefaultRestClient.java:572) ~[spring-web-7.0.8.jar:7.0.8]
	at org.springframework.web.client.RestClient$RequestHeadersSpec.exchange(RestClient.java:747) ~[spring-web-7.0.8.jar:7.0.8]
	at org.springframework.web.client.DefaultRestClient$DefaultResponseSpec.executeAndExtract(DefaultRestClient.java:924) ~[spring-web-7.0.8.jar:7.0.8]
	at org.springframework.web.client.DefaultRestClient$DefaultResponseSpec.toBodilessEntity(DefaultRestClient.java:888) ~[spring-web-7.0.8.jar:7.0.8]
	at org.springframework.cloud.netflix.eureka.http.RestClientEurekaHttpClient.register(RestClientEurekaHttpClient.java:64) ~[spring-cloud-netflix-eureka-client-5.0.2.jar:5.0.2]
	at com.netflix.discovery.shared.transport.decorator.EurekaHttpClientDecorator$1.execute(EurekaHttpClientDecorator.java:59) ~[eureka-client-2.0.6.jar:2.0.6]
	at com.netflix.discovery.shared.transport.decorator.RedirectingEurekaHttpClient.executeOnNewServer(RedirectingEurekaHttpClient.java:120) ~[eureka-client-2.0.6.jar:2.0.6]
	at com.netflix.discovery.shared.transport.decorator.RedirectingEurekaHttpClient.execute(RedirectingEurekaHttpClient.java:79) ~[eureka-client-2.0.6.jar:2.0.6]
	at com.netflix.discovery.shared.transport.decorator.EurekaHttpClientDecorator.register(EurekaHttpClientDecorator.java:56) ~[eureka-client-2.0.6.jar:2.0.6]
	at com.netflix.discovery.shared.transport.decorator.EurekaHttpClientDecorator$1.execute(EurekaHttpClientDecorator.java:59) ~[eureka-client-2.0.6.jar:2.0.6]
	at com.netflix.discovery.shared.transport.decorator.RetryableEurekaHttpClient.execute(RetryableEurekaHttpClient.java:120) ~[eureka-client-2.0.6.jar:2.0.6]
	at com.netflix.discovery.shared.transport.decorator.EurekaHttpClientDecorator.register(EurekaHttpClientDecorator.java:56) ~[eureka-client-2.0.6.jar:2.0.6]
	at com.netflix.discovery.shared.transport.decorator.EurekaHttpClientDecorator$1.execute(EurekaHttpClientDecorator.java:59) ~[eureka-client-2.0.6.jar:2.0.6]
	at com.netflix.discovery.shared.transport.decorator.SessionedEurekaHttpClient.execute(SessionedEurekaHttpClient.java:76) ~[eureka-client-2.0.6.jar:2.0.6]
	at com.netflix.discovery.shared.transport.decorator.EurekaHttpClientDecorator.register(EurekaHttpClientDecorator.java:56) ~[eureka-client-2.0.6.jar:2.0.6]
	at com.netflix.discovery.DiscoveryClient.register(DiscoveryClient.java:843) ~[eureka-client-2.0.6.jar:2.0.6]
	at com.netflix.discovery.InstanceInfoReplicator.run(InstanceInfoReplicator.java:125) ~[eureka-client-2.0.6.jar:2.0.6]
	at java.base/java.util.concurrent.Executors$RunnableAdapter.call(Executors.java:572) ~[na:na]
	at java.base/java.util.concurrent.FutureTask.run(FutureTask.java:317) ~[na:na]
	at java.base/java.util.concurrent.ScheduledThreadPoolExecutor$ScheduledFutureTask.run(ScheduledThreadPoolExecutor.java:304) ~[na:na]
	at java.base/java.util.concurrent.ThreadPoolExecutor.runWorker(ThreadPoolExecutor.java:1144) ~[na:na]
	at java.base/java.util.concurrent.ThreadPoolExecutor$Worker.run(ThreadPoolExecutor.java:642) ~[na:na]
	at java.base/java.lang.Thread.run(Thread.java:1583) ~[na:na]
Caused by: org.apache.hc.client5.http.HttpHostConnectException: Connect to http://localhost:8761 failed: Connection refused: getsockopt
	at java.base/sun.nio.ch.Net.pollConnect(Native Method) ~[na:na]
	at java.base/sun.nio.ch.Net.pollConnectNow(Net.java:682) ~[na:na]
	at java.base/sun.nio.ch.NioSocketImpl.timedFinishConnect(NioSocketImpl.java:542) ~[na:na]
	at java.base/sun.nio.ch.NioSocketImpl.connect(NioSocketImpl.java:592) ~[na:na]
	at java.base/java.net.SocksSocketImpl.connect(SocksSocketImpl.java:327) ~[na:na]
	at java.base/java.net.Socket.connect(Socket.java:751) ~[na:na]
	at org.apache.hc.client5.http.impl.io.DefaultHttpClientConnectionOperator.connect(DefaultHttpClientConnectionOperator.java:219) ~[httpclient5-5.6.1.jar:5.6.1]
	at org.apache.hc.client5.http.impl.io.PoolingHttpClientConnectionManager.connect(PoolingHttpClientConnectionManager.java:547) ~[httpclient5-5.6.1.jar:5.6.1]
	at org.apache.hc.client5.http.impl.classic.InternalExecRuntime.connectEndpoint(InternalExecRuntime.java:164) ~[httpclient5-5.6.1.jar:5.6.1]
	at org.apache.hc.client5.http.impl.classic.InternalExecRuntime.connectEndpoint(InternalExecRuntime.java:174) ~[httpclient5-5.6.1.jar:5.6.1]
	at org.apache.hc.client5.http.impl.classic.ConnectExec.execute(ConnectExec.java:144) ~[httpclient5-5.6.1.jar:5.6.1]
	at org.apache.hc.client5.http.impl.classic.ExecChainElement.execute(ExecChainElement.java:51) ~[httpclient5-5.6.1.jar:5.6.1]
	at org.apache.hc.client5.http.impl.classic.ProtocolExec.execute(ProtocolExec.java:192) ~[httpclient5-5.6.1.jar:5.6.1]
	at org.apache.hc.client5.http.impl.classic.ExecChainElement.execute(ExecChainElement.java:51) ~[httpclient5-5.6.1.jar:5.6.1]
	at org.apache.hc.client5.http.impl.classic.ContentCompressionExec.execute(ContentCompressionExec.java:138) ~[httpclient5-5.6.1.jar:5.6.1]
	at org.apache.hc.client5.http.impl.classic.ExecChainElement.execute(ExecChainElement.java:51) ~[httpclient5-5.6.1.jar:5.6.1]
	at org.apache.hc.client5.http.impl.classic.HttpRequestRetryExec.execute(HttpRequestRetryExec.java:112) ~[httpclient5-5.6.1.jar:5.6.1]
	at org.apache.hc.client5.http.impl.classic.ExecChainElement.execute(ExecChainElement.java:51) ~[httpclient5-5.6.1.jar:5.6.1]
	at org.apache.hc.client5.http.impl.classic.RedirectExec.execute(RedirectExec.java:110) ~[httpclient5-5.6.1.jar:5.6.1]
	at org.apache.hc.client5.http.impl.classic.ExecChainElement.execute(ExecChainElement.java:51) ~[httpclient5-5.6.1.jar:5.6.1]
	at org.apache.hc.client5.http.impl.classic.InternalHttpClient.doExecute(InternalHttpClient.java:185) ~[httpclient5-5.6.1.jar:5.6.1]
	at org.apache.hc.client5.http.impl.classic.CloseableHttpClient.execute(CloseableHttpClient.java:87) ~[httpclient5-5.6.1.jar:5.6.1]
	at org.apache.hc.client5.http.impl.classic.CloseableHttpClient.execute(CloseableHttpClient.java:55) ~[httpclient5-5.6.1.jar:5.6.1]
	at org.apache.hc.client5.http.classic.HttpClient.executeOpen(HttpClient.java:183) ~[httpclient5-5.6.1.jar:5.6.1]
	at org.springframework.http.client.HttpComponentsClientHttpRequest.executeInternal(HttpComponentsClientHttpRequest.java:99) ~[spring-web-7.0.8.jar:7.0.8]
	at org.springframework.http.client.AbstractStreamingClientHttpRequest.executeInternal(AbstractStreamingClientHttpRequest.java:87) ~[spring-web-7.0.8.jar:7.0.8]
	at org.springframework.http.client.AbstractClientHttpRequest.execute(AbstractClientHttpRequest.java:80) ~[spring-web-7.0.8.jar:7.0.8]
	at org.springframework.http.client.AbstractBufferingClientHttpRequest.executeWithRequestAndBody(AbstractBufferingClientHttpRequest.java:89) ~[spring-web-7.0.8.jar:7.0.8]
	at org.springframework.http.client.InterceptingClientHttpRequest$EndOfChainRequestExecution.execute(InterceptingClientHttpRequest.java:102) ~[spring-web-7.0.8.jar:7.0.8]
	at org.springframework.cloud.netflix.eureka.http.RestClientTransportClientFactory.lambda$newClient$2(RestClientTransportClientFactory.java:98) ~[spring-cloud-netflix-eureka-client-5.0.2.jar:5.0.2]
	at org.springframework.http.client.ClientHttpRequestInterceptor.lambda$apply$0(ClientHttpRequestInterceptor.java:89) ~[spring-web-7.0.8.jar:7.0.8]
	at org.springframework.http.client.InterceptingClientHttpRequest.executeInternal(InterceptingClientHttpRequest.java:73) ~[spring-web-7.0.8.jar:7.0.8]
	at org.springframework.http.client.AbstractBufferingClientHttpRequest.executeInternal(AbstractBufferingClientHttpRequest.java:50) ~[spring-web-7.0.8.jar:7.0.8]
	at org.springframework.http.client.AbstractClientHttpRequest.execute(AbstractClientHttpRequest.java:80) ~[spring-web-7.0.8.jar:7.0.8]
	at org.springframework.web.client.DefaultRestClient$DefaultRequestBodyUriSpec.exchangeInternal(DefaultRestClient.java:614) ~[spring-web-7.0.8.jar:7.0.8]
	... 23 common frames omitted

2026-08-31T19:39:39.694+05:30  WARN 31356 --- [FoodServiceApp] [DiscoveryClient-InstanceInfoReplicator-%d] c.n.d.s.t.d.RetryableEurekaHttpClient    : Request execution failed with message: I/O error on POST request for "http://localhost:8761/eureka/apps/FOODSERVICEAPP": Connect to http://localhost:8761 failed: Connection refused: getsockopt
2026-08-31T19:39:39.694+05:30  WARN 31356 --- [FoodServiceApp] [DiscoveryClient-InstanceInfoReplicator-%d] com.netflix.discovery.DiscoveryClient    : DiscoveryClient_FOODSERVICEAPP/localhost:FoodServiceApp:9091 - registration failed Cannot execute request on any known server

com.netflix.discovery.shared.transport.TransportException: Cannot execute request on any known server
	at com.netflix.discovery.shared.transport.decorator.RetryableEurekaHttpClient.execute(RetryableEurekaHttpClient.java:112) ~[eureka-client-2.0.6.jar:2.0.6]
	at com.netflix.discovery.shared.transport.decorator.EurekaHttpClientDecorator.register(EurekaHttpClientDecorator.java:56) ~[eureka-client-2.0.6.jar:2.0.6]
	at com.netflix.discovery.shared.transport.decorator.EurekaHttpClientDecorator$1.execute(EurekaHttpClientDecorator.java:59) ~[eureka-client-2.0.6.jar:2.0.6]
	at com.netflix.discovery.shared.transport.decorator.SessionedEurekaHttpClient.execute(SessionedEurekaHttpClient.java:76) ~[eureka-client-2.0.6.jar:2.0.6]
	at com.netflix.discovery.shared.transport.decorator.EurekaHttpClientDecorator.register(EurekaHttpClientDecorator.java:56) ~[eureka-client-2.0.6.jar:2.0.6]
	at com.netflix.discovery.DiscoveryClient.register(DiscoveryClient.java:843) ~[eureka-client-2.0.6.jar:2.0.6]
	at com.netflix.discovery.InstanceInfoReplicator.run(InstanceInfoReplicator.java:125) ~[eureka-client-2.0.6.jar:2.0.6]
	at java.base/java.util.concurrent.Executors$RunnableAdapter.call(Executors.java:572) ~[na:na]
	at java.base/java.util.concurrent.FutureTask.run(FutureTask.java:317) ~[na:na]
	at java.base/java.util.concurrent.ScheduledThreadPoolExecutor$ScheduledFutureTask.run(ScheduledThreadPoolExecutor.java:304) ~[na:na]
	at java.base/java.util.concurrent.ThreadPoolExecutor.runWorker(ThreadPoolExecutor.java:1144) ~[na:na]
	at java.base/java.util.concurrent.ThreadPoolExecutor$Worker.run(ThreadPoolExecutor.java:642) ~[na:na]
	at java.base/java.lang.Thread.run(Thread.java:1583) ~[na:na]

2026-08-31T19:39:39.697+05:30  WARN 31356 --- [FoodServiceApp] [DiscoveryClient-InstanceInfoReplicator-%d] c.n.discovery.InstanceInfoReplicator     : There was a problem with the instance info replicator

com.netflix.discovery.shared.transport.TransportException: Cannot execute request on any known server
	at com.netflix.discovery.shared.transport.decorator.RetryableEurekaHttpClient.execute(RetryableEurekaHttpClient.java:112) ~[eureka-client-2.0.6.jar:2.0.6]
	at com.netflix.discovery.shared.transport.decorator.EurekaHttpClientDecorator.register(EurekaHttpClientDecorator.java:56) ~[eureka-client-2.0.6.jar:2.0.6]
	at com.netflix.discovery.shared.transport.decorator.EurekaHttpClientDecorator$1.execute(EurekaHttpClientDecorator.java:59) ~[eureka-client-2.0.6.jar:2.0.6]
	at com.netflix.discovery.shared.transport.decorator.SessionedEurekaHttpClient.execute(SessionedEurekaHttpClient.java:76) ~[eureka-client-2.0.6.jar:2.0.6]
	at com.netflix.discovery.shared.transport.decorator.EurekaHttpClientDecorator.register(EurekaHttpClientDecorator.java:56) ~[eureka-client-2.0.6.jar:2.0.6]
	at com.netflix.discovery.DiscoveryClient.register(DiscoveryClient.java:843) ~[eureka-client-2.0.6.jar:2.0.6]
	at com.netflix.discovery.InstanceInfoReplicator.run(InstanceInfoReplicator.java:125) ~[eureka-client-2.0.6.jar:2.0.6]
	at java.base/java.util.concurrent.Executors$RunnableAdapter.call(Executors.java:572) ~[na:na]
	at java.base/java.util.concurrent.FutureTask.run(FutureTask.java:317) ~[na:na]
	at java.base/java.util.concurrent.ScheduledThreadPoolExecutor$ScheduledFutureTask.run(ScheduledThreadPoolExecutor.java:304) ~[na:na]
	at java.base/java.util.concurrent.ThreadPoolExecutor.runWorker(ThreadPoolExecutor.java:1144) ~[na:na]
	at java.base/java.util.concurrent.ThreadPoolExecutor$Worker.run(ThreadPoolExecutor.java:642) ~[na:na]
	at java.base/java.lang.Thread.run(Thread.java:1583) ~[na:na]

2026-08-31T19:40:02.529+05:30  INFO 4136 --- [FoodServiceApp] [restartedMain] com.foodapp.FoodServiceApplication       : Starting FoodServiceApplication using Java 21.0.2 with PID 4136 (C:\Users\khushbu.1.sharma\eclipse-workspace\Project foodService Application\FoodServiceApp\target\classes started by KHUSHBU.1.SHARMA in C:\Users\khushbu.1.sharma\eclipse-workspace\Project foodService Application\FoodServiceApp)
2026-08-31T19:40:02.534+05:30  INFO 4136 --- [FoodServiceApp] [restartedMain] com.foodapp.FoodServiceApplication       : No active profile set, falling back to 1 default profile: "default"
2026-08-31T19:40:02.613+05:30  INFO 4136 --- [FoodServiceApp] [restartedMain] .e.DevToolsPropertyDefaultsPostProcessor : Devtools property defaults active! Set 'spring.devtools.add-properties' to 'false' to disable
2026-08-31T19:40:02.614+05:30  INFO 4136 --- [FoodServiceApp] [restartedMain] .e.DevToolsPropertyDefaultsPostProcessor : For additional web related logging consider setting the 'logging.level.web' property to 'DEBUG'
2026-08-31T19:40:03.923+05:30  INFO 4136 --- [FoodServiceApp] [restartedMain] .s.d.r.c.RepositoryConfigurationDelegate : Bootstrapping Spring Data JPA repositories in DEFAULT mode.
2026-08-31T19:40:04.098+05:30  INFO 4136 --- [FoodServiceApp] [restartedMain] .s.d.r.c.RepositoryConfigurationDelegate : Finished Spring Data repository scanning in 159 ms. Found 1 JPA repository interface.
2026-08-31T19:40:04.389+05:30  INFO 4136 --- [FoodServiceApp] [restartedMain] o.s.cloud.context.scope.GenericScope     : BeanFactory id=9931cc8f-4ea7-3474-8a12-35008d9774ef
2026-08-31T19:40:05.152+05:30  INFO 4136 --- [FoodServiceApp] [restartedMain] o.s.boot.tomcat.TomcatWebServer          : Tomcat initialized with port 9091 (http)
2026-08-31T19:40:05.197+05:30  INFO 4136 --- [FoodServiceApp] [restartedMain] o.apache.catalina.core.StandardService   : Starting service [Tomcat]
2026-08-31T19:40:05.199+05:30  INFO 4136 --- [FoodServiceApp] [restartedMain] o.apache.catalina.core.StandardEngine    : Starting Servlet engine: [Apache Tomcat/11.0.22]
2026-08-31T19:40:05.340+05:30  INFO 4136 --- [FoodServiceApp] [restartedMain] b.w.c.s.WebApplicationContextInitializer : Root WebApplicationContext: initialization completed in 2725 ms
2026-08-31T19:40:05.656+05:30  INFO 4136 --- [FoodServiceApp] [restartedMain] org.hibernate.orm.jpa                    : HHH008540: Processing PersistenceUnitInfo [name: default]
2026-08-31T19:40:05.741+05:30  INFO 4136 --- [FoodServiceApp] [restartedMain] org.hibernate.orm.core                   : HHH000001: Hibernate ORM core version 7.4.1.Final
2026-08-31T19:40:06.325+05:30  INFO 4136 --- [FoodServiceApp] [restartedMain] o.s.o.j.p.SpringPersistenceUnitInfo      : No LoadTimeWeaver setup: ignoring JPA class transformer
2026-08-31T19:40:06.362+05:30  INFO 4136 --- [FoodServiceApp] [restartedMain] com.zaxxer.hikari.HikariDataSource       : HikariPool-1 - Starting...
2026-08-31T19:40:06.779+05:30  INFO 4136 --- [FoodServiceApp] [restartedMain] com.zaxxer.hikari.pool.HikariPool        : HikariPool-1 - Added connection com.mysql.cj.jdbc.ConnectionImpl@70fadc4d
2026-08-31T19:40:06.781+05:30  INFO 4136 --- [FoodServiceApp] [restartedMain] com.zaxxer.hikari.HikariDataSource       : HikariPool-1 - Start completed.
2026-08-31T19:40:06.887+05:30  INFO 4136 --- [FoodServiceApp] [restartedMain] org.hibernate.orm.connections.pooling    : HHH10001005: Database info:
	Database JDBC URL [jdbc:mysql://localhost:3306/cfg11]
	Database driver: MySQL Connector/J
	Database dialect: MySQLDialect
	Database version: 8.0.46
	Default catalog/schema: cfg11/undefined
	Autocommit mode: undefined/unknown
	Isolation level: REPEATABLE_READ [default REPEATABLE_READ]
	JDBC fetch size: none
	Pool: DataSourceConnectionProvider
	Minimum pool size: undefined/unknown
	Maximum pool size: undefined/unknown
2026-08-31T19:40:07.946+05:30  INFO 4136 --- [FoodServiceApp] [restartedMain] org.hibernate.orm.core                   : HHH000489: No JTA platform available (set 'hibernate.transaction.jta.platform' to enable JTA platform integration)
2026-08-31T19:40:08.014+05:30  INFO 4136 --- [FoodServiceApp] [restartedMain] j.LocalContainerEntityManagerFactoryBean : Initialized JPA EntityManagerFactory for persistence unit 'default'
2026-08-31T19:40:08.292+05:30  WARN 4136 --- [FoodServiceApp] [restartedMain] JpaBaseConfiguration$JpaWebConfiguration : spring.jpa.open-in-view is enabled by default. Therefore, database queries may be performed during view rendering. Explicitly configure spring.jpa.open-in-view to disable this warning
2026-08-31T19:40:09.337+05:30  INFO 4136 --- [FoodServiceApp] [restartedMain] o.s.cloud.commons.util.InetUtils         : Cannot determine local hostname
2026-08-31T19:40:09.484+05:30  INFO 4136 --- [FoodServiceApp] [restartedMain] o.s.c.openfeign.FeignClientFactoryBean   : For 'APPUSER' URL not provided. Will try picking an instance via load-balancing.
2026-08-31T19:40:09.542+05:30  INFO 31356 --- [FoodServiceApp] [DiscoveryClient-CacheRefreshExecutor-%d] com.netflix.discovery.DiscoveryClient    : Disable delta property : false
2026-08-31T19:40:09.543+05:30  INFO 31356 --- [FoodServiceApp] [DiscoveryClient-CacheRefreshExecutor-%d] com.netflix.discovery.DiscoveryClient    : Single vip registry refresh property : null
2026-08-31T19:40:09.543+05:30  INFO 31356 --- [FoodServiceApp] [DiscoveryClient-CacheRefreshExecutor-%d] com.netflix.discovery.DiscoveryClient    : Force full registry fetch : false
2026-08-31T19:40:09.543+05:30  INFO 31356 --- [FoodServiceApp] [DiscoveryClient-CacheRefreshExecutor-%d] com.netflix.discovery.DiscoveryClient    : Application is null : false
2026-08-31T19:40:09.544+05:30  INFO 31356 --- [FoodServiceApp] [DiscoveryClient-CacheRefreshExecutor-%d] com.netflix.discovery.DiscoveryClient    : Registered Applications size is zero : true
2026-08-31T19:40:09.544+05:30  INFO 31356 --- [FoodServiceApp] [DiscoveryClient-CacheRefreshExecutor-%d] com.netflix.discovery.DiscoveryClient    : Application version is -1: true
2026-08-31T19:40:09.544+05:30  INFO 31356 --- [FoodServiceApp] [DiscoveryClient-CacheRefreshExecutor-%d] com.netflix.discovery.DiscoveryClient    : Getting all instance registry info from the eureka server
2026-08-31T19:40:09.632+05:30  INFO 4136 --- [FoodServiceApp] [restartedMain] o.s.d.j.r.query.QueryEnhancerFactories   : Hibernate is in classpath; If applicable, HQL parser will be used.
2026-08-31T19:40:09.696+05:30  INFO 31356 --- [FoodServiceApp] [DiscoveryClient-InstanceInfoReplicator-%d] com.netflix.discovery.DiscoveryClient    : DiscoveryClient_FOODSERVICEAPP/localhost:FoodServiceApp:9091: registering service...
2026-08-31T19:40:10.476+05:30  INFO 31356 --- [FoodServiceApp] [DiscoveryClient-CacheRefreshExecutor-%d] com.netflix.discovery.DiscoveryClient    : The response status is 200
2026-08-31T19:40:10.479+05:30  INFO 31356 --- [FoodServiceApp] [DiscoveryClient-HeartbeatExecutor-%d] com.netflix.discovery.DiscoveryClient    : DiscoveryClient_FOODSERVICEAPP/localhost:FoodServiceApp:9091 - Re-registering apps/FOODSERVICEAPP
2026-08-31T19:40:10.479+05:30  INFO 31356 --- [FoodServiceApp] [DiscoveryClient-HeartbeatExecutor-%d] com.netflix.discovery.DiscoveryClient    : DiscoveryClient_FOODSERVICEAPP/localhost:FoodServiceApp:9091: registering service...
2026-08-31T19:40:10.558+05:30  INFO 31356 --- [FoodServiceApp] [DiscoveryClient-InstanceInfoReplicator-%d] com.netflix.discovery.DiscoveryClient    : DiscoveryClient_FOODSERVICEAPP/localhost:FoodServiceApp:9091 - registration status: 204
2026-08-31T19:40:10.562+05:30  INFO 31356 --- [FoodServiceApp] [DiscoveryClient-HeartbeatExecutor-%d] com.netflix.discovery.DiscoveryClient    : DiscoveryClient_FOODSERVICEAPP/localhost:FoodServiceApp:9091 - registration status: 204
2026-08-31T19:40:11.997+05:30  INFO 4136 --- [FoodServiceApp] [restartedMain] DiscoveryClientOptionalArgsConfiguration : Eureka HTTP Client uses RestClient.
2026-08-31T19:40:12.036+05:30  WARN 4136 --- [FoodServiceApp] [restartedMain] iguration$LoadBalancerCaffeineWarnLogger : Spring Cloud LoadBalancer is currently working with the default cache. While this cache implementation is useful for development and tests, it's recommended to use Caffeine cache in production.You can switch to using Caffeine cache, by adding it and org.springframework.cache.caffeine.CaffeineCacheManager to the classpath.
2026-08-31T19:40:12.086+05:30  INFO 4136 --- [FoodServiceApp] [restartedMain] o.s.c.n.eureka.InstanceInfoFactory       : Setting initial instance status as: STARTING
2026-08-31T19:40:12.125+05:30  INFO 4136 --- [FoodServiceApp] [restartedMain] com.netflix.discovery.DiscoveryClient    : Initializing Eureka in region us-east-1
2026-08-31T19:40:12.131+05:30  INFO 4136 --- [FoodServiceApp] [restartedMain] c.n.d.s.r.aws.ConfigClusterResolver      : Resolving eureka endpoints via configuration
2026-08-31T19:40:12.150+05:30  INFO 4136 --- [FoodServiceApp] [restartedMain] com.netflix.discovery.DiscoveryClient    : Disable delta property : false
2026-08-31T19:40:12.151+05:30  INFO 4136 --- [FoodServiceApp] [restartedMain] com.netflix.discovery.DiscoveryClient    : Single vip registry refresh property : null
2026-08-31T19:40:12.151+05:30  INFO 4136 --- [FoodServiceApp] [restartedMain] com.netflix.discovery.DiscoveryClient    : Force full registry fetch : false
2026-08-31T19:40:12.151+05:30  INFO 4136 --- [FoodServiceApp] [restartedMain] com.netflix.discovery.DiscoveryClient    : Application is null : false
2026-08-31T19:40:12.152+05:30  INFO 4136 --- [FoodServiceApp] [restartedMain] com.netflix.discovery.DiscoveryClient    : Registered Applications size is zero : true
2026-08-31T19:40:12.152+05:30  INFO 4136 --- [FoodServiceApp] [restartedMain] com.netflix.discovery.DiscoveryClient    : Application version is -1: true
2026-08-31T19:40:12.152+05:30  INFO 4136 --- [FoodServiceApp] [restartedMain] com.netflix.discovery.DiscoveryClient    : Getting all instance registry info from the eureka server
2026-08-31T19:40:12.699+05:30  INFO 4136 --- [FoodServiceApp] [restartedMain] com.netflix.discovery.DiscoveryClient    : The response status is 200
2026-08-31T19:40:12.703+05:30  INFO 4136 --- [FoodServiceApp] [restartedMain] com.netflix.discovery.DiscoveryClient    : Starting heartbeat executor: renew interval is: 30
2026-08-31T19:40:12.707+05:30  INFO 4136 --- [FoodServiceApp] [restartedMain] c.n.discovery.InstanceInfoReplicator     : InstanceInfoReplicator onDemand update allowed rate per min is 4
2026-08-31T19:40:12.711+05:30  INFO 4136 --- [FoodServiceApp] [restartedMain] com.netflix.discovery.DiscoveryClient    : Discovery Client initialized at timestamp 1788185412710 with initial instances count: 0
2026-08-31T19:40:12.716+05:30  INFO 4136 --- [FoodServiceApp] [restartedMain] o.s.c.n.e.s.EurekaServiceRegistry        : Registering application FOODSERVICEAPP with eureka with status UP
2026-08-31T19:40:12.717+05:30  INFO 4136 --- [FoodServiceApp] [restartedMain] com.netflix.discovery.DiscoveryClient    : Saw local status change event StatusChangeEvent [timestamp=1788185412717, current=UP, previous=STARTING]
2026-08-31T19:40:12.719+05:30  INFO 4136 --- [FoodServiceApp] [DiscoveryClient-InstanceInfoReplicator-%d] com.netflix.discovery.DiscoveryClient    : DiscoveryClient_FOODSERVICEAPP/localhost:FoodServiceApp:9091: registering service...
2026-08-31T19:40:12.732+05:30  INFO 4136 --- [FoodServiceApp] [restartedMain] o.s.c.n.e.s.EurekaServiceRegistry        : Unregistering application FOODSERVICEAPP with eureka with status DOWN
2026-08-31T19:40:12.732+05:30  INFO 4136 --- [FoodServiceApp] [restartedMain] com.netflix.discovery.DiscoveryClient    : Saw local status change event StatusChangeEvent [timestamp=1788185412732, current=DOWN, previous=UP]
2026-08-31T19:40:12.733+05:30  WARN 4136 --- [FoodServiceApp] [restartedMain] ConfigServletWebServerApplicationContext : Exception encountered during context initialization - cancelling refresh attempt: org.springframework.context.ApplicationContextException: Failed to start bean 'webServerStartStop'
2026-08-31T19:40:12.741+05:30  INFO 4136 --- [FoodServiceApp] [restartedMain] j.LocalContainerEntityManagerFactoryBean : Closing JPA EntityManagerFactory for persistence unit 'default'
2026-08-31T19:40:12.748+05:30  INFO 4136 --- [FoodServiceApp] [restartedMain] com.zaxxer.hikari.HikariDataSource       : HikariPool-1 - Shutdown initiated...
2026-08-31T19:40:12.763+05:30  INFO 4136 --- [FoodServiceApp] [restartedMain] com.zaxxer.hikari.HikariDataSource       : HikariPool-1 - Shutdown completed.
2026-08-31T19:40:12.764+05:30  INFO 4136 --- [FoodServiceApp] [restartedMain] com.netflix.discovery.DiscoveryClient    : Shutting down DiscoveryClient ...
2026-08-31T19:40:12.786+05:30  INFO 4136 --- [FoodServiceApp] [DiscoveryClient-InstanceInfoReplicator-%d] com.netflix.discovery.DiscoveryClient    : DiscoveryClient_FOODSERVICEAPP/localhost:FoodServiceApp:9091 - registration status: 204
2026-08-31T19:40:12.787+05:30  INFO 4136 --- [FoodServiceApp] [DiscoveryClient-InstanceInfoReplicator-%d] com.netflix.discovery.DiscoveryClient    : DiscoveryClient_FOODSERVICEAPP/localhost:FoodServiceApp:9091: registering service...
2026-08-31T19:40:12.796+05:30  INFO 4136 --- [FoodServiceApp] [DiscoveryClient-InstanceInfoReplicator-%d] com.netflix.discovery.DiscoveryClient    : DiscoveryClient_FOODSERVICEAPP/localhost:FoodServiceApp:9091 - registration status: 204
2026-08-31T19:40:12.797+05:30  INFO 4136 --- [FoodServiceApp] [restartedMain] com.netflix.discovery.DiscoveryClient    : Unregistering ...
2026-08-31T19:40:12.810+05:30  INFO 4136 --- [FoodServiceApp] [restartedMain] com.netflix.discovery.DiscoveryClient    : DiscoveryClient_FOODSERVICEAPP/localhost:FoodServiceApp:9091 - deregister  status: 200
2026-08-31T19:40:12.810+05:30  INFO 4136 --- [FoodServiceApp] [restartedMain] com.netflix.discovery.DiscoveryClient    : Completed shut down of DiscoveryClient
2026-08-31T19:40:12.833+05:30  INFO 4136 --- [FoodServiceApp] [restartedMain] .s.b.a.l.ConditionEvaluationReportLogger : 

Error starting ApplicationContext. To display the condition evaluation report re-run your application with 'debug' enabled.
2026-08-31T19:40:12.863+05:30 ERROR 4136 --- [FoodServiceApp] [restartedMain] o.s.b.d.LoggingFailureAnalysisReporter   : 

***************************
APPLICATION FAILED TO START
***************************

Description:

Web server failed to start. Port 9091 was already in use.

Action:

Identify and stop the process that's listening on port 9091 or configure this application to listen on another port.

2026-08-31T19:40:23.436+05:30  INFO 16392 --- [FoodServiceApp] [restartedMain] com.foodapp.FoodServiceApplication       : Starting FoodServiceApplication using Java 21.0.2 with PID 16392 (C:\Users\khushbu.1.sharma\eclipse-workspace\Project foodService Application\FoodServiceApp\target\classes started by KHUSHBU.1.SHARMA in C:\Users\khushbu.1.sharma\eclipse-workspace\Project foodService Application\FoodServiceApp)
2026-08-31T19:40:23.443+05:30  INFO 16392 --- [FoodServiceApp] [restartedMain] com.foodapp.FoodServiceApplication       : No active profile set, falling back to 1 default profile: "default"
2026-08-31T19:40:23.551+05:30  INFO 16392 --- [FoodServiceApp] [restartedMain] .e.DevToolsPropertyDefaultsPostProcessor : Devtools property defaults active! Set 'spring.devtools.add-properties' to 'false' to disable
2026-08-31T19:40:23.552+05:30  INFO 16392 --- [FoodServiceApp] [restartedMain] .e.DevToolsPropertyDefaultsPostProcessor : For additional web related logging consider setting the 'logging.level.web' property to 'DEBUG'
2026-08-31T19:40:24.970+05:30  INFO 16392 --- [FoodServiceApp] [restartedMain] .s.d.r.c.RepositoryConfigurationDelegate : Bootstrapping Spring Data JPA repositories in DEFAULT mode.
2026-08-31T19:40:25.157+05:30  INFO 16392 --- [FoodServiceApp] [restartedMain] .s.d.r.c.RepositoryConfigurationDelegate : Finished Spring Data repository scanning in 171 ms. Found 1 JPA repository interface.
2026-08-31T19:40:25.467+05:30  INFO 16392 --- [FoodServiceApp] [restartedMain] o.s.cloud.context.scope.GenericScope     : BeanFactory id=9931cc8f-4ea7-3474-8a12-35008d9774ef
2026-08-31T19:40:26.195+05:30  INFO 16392 --- [FoodServiceApp] [restartedMain] o.s.boot.tomcat.TomcatWebServer          : Tomcat initialized with port 9091 (http)
2026-08-31T19:40:26.226+05:30  INFO 16392 --- [FoodServiceApp] [restartedMain] o.apache.catalina.core.StandardService   : Starting service [Tomcat]
2026-08-31T19:40:26.227+05:30  INFO 16392 --- [FoodServiceApp] [restartedMain] o.apache.catalina.core.StandardEngine    : Starting Servlet engine: [Apache Tomcat/11.0.22]
2026-08-31T19:40:26.355+05:30  INFO 16392 --- [FoodServiceApp] [restartedMain] b.w.c.s.WebApplicationContextInitializer : Root WebApplicationContext: initialization completed in 2802 ms
2026-08-31T19:40:26.743+05:30  INFO 16392 --- [FoodServiceApp] [restartedMain] org.hibernate.orm.jpa                    : HHH008540: Processing PersistenceUnitInfo [name: default]
2026-08-31T19:40:26.859+05:30  INFO 16392 --- [FoodServiceApp] [restartedMain] org.hibernate.orm.core                   : HHH000001: Hibernate ORM core version 7.4.1.Final
2026-08-31T19:40:27.543+05:30  INFO 16392 --- [FoodServiceApp] [restartedMain] o.s.o.j.p.SpringPersistenceUnitInfo      : No LoadTimeWeaver setup: ignoring JPA class transformer
2026-08-31T19:40:27.597+05:30  INFO 16392 --- [FoodServiceApp] [restartedMain] com.zaxxer.hikari.HikariDataSource       : HikariPool-1 - Starting...
2026-08-31T19:40:27.960+05:30  INFO 16392 --- [FoodServiceApp] [restartedMain] com.zaxxer.hikari.pool.HikariPool        : HikariPool-1 - Added connection com.mysql.cj.jdbc.ConnectionImpl@2c587f7c
2026-08-31T19:40:27.962+05:30  INFO 16392 --- [FoodServiceApp] [restartedMain] com.zaxxer.hikari.HikariDataSource       : HikariPool-1 - Start completed.
2026-08-31T19:40:28.081+05:30  INFO 16392 --- [FoodServiceApp] [restartedMain] org.hibernate.orm.connections.pooling    : HHH10001005: Database info:
	Database JDBC URL [jdbc:mysql://localhost:3306/cfg11]
	Database driver: MySQL Connector/J
	Database dialect: MySQLDialect
	Database version: 8.0.46
	Default catalog/schema: cfg11/undefined
	Autocommit mode: undefined/unknown
	Isolation level: REPEATABLE_READ [default REPEATABLE_READ]
	JDBC fetch size: none
	Pool: DataSourceConnectionProvider
	Minimum pool size: undefined/unknown
	Maximum pool size: undefined/unknown
2026-08-31T19:40:29.193+05:30  INFO 16392 --- [FoodServiceApp] [restartedMain] org.hibernate.orm.core                   : HHH000489: No JTA platform available (set 'hibernate.transaction.jta.platform' to enable JTA platform integration)
2026-08-31T19:40:29.259+05:30  INFO 16392 --- [FoodServiceApp] [restartedMain] j.LocalContainerEntityManagerFactoryBean : Initialized JPA EntityManagerFactory for persistence unit 'default'
2026-08-31T19:40:29.548+05:30  WARN 16392 --- [FoodServiceApp] [restartedMain] JpaBaseConfiguration$JpaWebConfiguration : spring.jpa.open-in-view is enabled by default. Therefore, database queries may be performed during view rendering. Explicitly configure spring.jpa.open-in-view to disable this warning
2026-08-31T19:40:30.609+05:30  INFO 16392 --- [FoodServiceApp] [restartedMain] o.s.cloud.commons.util.InetUtils         : Cannot determine local hostname
2026-08-31T19:40:30.745+05:30  INFO 16392 --- [FoodServiceApp] [restartedMain] o.s.c.openfeign.FeignClientFactoryBean   : For 'APPUSER' URL not provided. Will try picking an instance via load-balancing.
2026-08-31T19:40:30.871+05:30  INFO 16392 --- [FoodServiceApp] [restartedMain] o.s.d.j.r.query.QueryEnhancerFactories   : Hibernate is in classpath; If applicable, HQL parser will be used.
2026-08-31T19:40:32.864+05:30  INFO 16392 --- [FoodServiceApp] [restartedMain] DiscoveryClientOptionalArgsConfiguration : Eureka HTTP Client uses RestClient.
2026-08-31T19:40:32.922+05:30  WARN 16392 --- [FoodServiceApp] [restartedMain] iguration$LoadBalancerCaffeineWarnLogger : Spring Cloud LoadBalancer is currently working with the default cache. While this cache implementation is useful for development and tests, it's recommended to use Caffeine cache in production.You can switch to using Caffeine cache, by adding it and org.springframework.cache.caffeine.CaffeineCacheManager to the classpath.
2026-08-31T19:40:32.971+05:30  INFO 16392 --- [FoodServiceApp] [restartedMain] o.s.c.n.eureka.InstanceInfoFactory       : Setting initial instance status as: STARTING
2026-08-31T19:40:33.016+05:30  INFO 16392 --- [FoodServiceApp] [restartedMain] com.netflix.discovery.DiscoveryClient    : Initializing Eureka in region us-east-1
2026-08-31T19:40:33.025+05:30  INFO 16392 --- [FoodServiceApp] [restartedMain] c.n.d.s.r.aws.ConfigClusterResolver      : Resolving eureka endpoints via configuration
2026-08-31T19:40:33.045+05:30  INFO 16392 --- [FoodServiceApp] [restartedMain] com.netflix.discovery.DiscoveryClient    : Disable delta property : false
2026-08-31T19:40:33.045+05:30  INFO 16392 --- [FoodServiceApp] [restartedMain] com.netflix.discovery.DiscoveryClient    : Single vip registry refresh property : null
2026-08-31T19:40:33.046+05:30  INFO 16392 --- [FoodServiceApp] [restartedMain] com.netflix.discovery.DiscoveryClient    : Force full registry fetch : false
2026-08-31T19:40:33.046+05:30  INFO 16392 --- [FoodServiceApp] [restartedMain] com.netflix.discovery.DiscoveryClient    : Application is null : false
2026-08-31T19:40:33.046+05:30  INFO 16392 --- [FoodServiceApp] [restartedMain] com.netflix.discovery.DiscoveryClient    : Registered Applications size is zero : true
2026-08-31T19:40:33.046+05:30  INFO 16392 --- [FoodServiceApp] [restartedMain] com.netflix.discovery.DiscoveryClient    : Application version is -1: true
2026-08-31T19:40:33.046+05:30  INFO 16392 --- [FoodServiceApp] [restartedMain] com.netflix.discovery.DiscoveryClient    : Getting all instance registry info from the eureka server
2026-08-31T19:40:33.474+05:30  INFO 16392 --- [FoodServiceApp] [restartedMain] com.netflix.discovery.DiscoveryClient    : The response status is 200
2026-08-31T19:40:33.479+05:30  INFO 16392 --- [FoodServiceApp] [restartedMain] com.netflix.discovery.DiscoveryClient    : Starting heartbeat executor: renew interval is: 30
2026-08-31T19:40:33.482+05:30  INFO 16392 --- [FoodServiceApp] [restartedMain] c.n.discovery.InstanceInfoReplicator     : InstanceInfoReplicator onDemand update allowed rate per min is 4
2026-08-31T19:40:33.485+05:30  INFO 16392 --- [FoodServiceApp] [restartedMain] com.netflix.discovery.DiscoveryClient    : Discovery Client initialized at timestamp 1788185433483 with initial instances count: 0
2026-08-31T19:40:33.491+05:30  INFO 16392 --- [FoodServiceApp] [restartedMain] o.s.c.n.e.s.EurekaServiceRegistry        : Registering application FOODSERVICEAPP with eureka with status UP
2026-08-31T19:40:33.493+05:30  INFO 16392 --- [FoodServiceApp] [restartedMain] com.netflix.discovery.DiscoveryClient    : Saw local status change event StatusChangeEvent [timestamp=1788185433493, current=UP, previous=STARTING]
2026-08-31T19:40:33.496+05:30  INFO 16392 --- [FoodServiceApp] [DiscoveryClient-InstanceInfoReplicator-%d] com.netflix.discovery.DiscoveryClient    : DiscoveryClient_FOODSERVICEAPP/localhost:FoodServiceApp:9091: registering service...
2026-08-31T19:40:33.559+05:30  INFO 16392 --- [FoodServiceApp] [restartedMain] o.s.boot.tomcat.TomcatWebServer          : Tomcat started on port 9091 (http) with context path '/'
2026-08-31T19:40:33.561+05:30  INFO 16392 --- [FoodServiceApp] [restartedMain] .s.c.n.e.s.EurekaAutoServiceRegistration : Updating port to 9091
2026-08-31T19:40:33.581+05:30  INFO 16392 --- [FoodServiceApp] [DiscoveryClient-InstanceInfoReplicator-%d] com.netflix.discovery.DiscoveryClient    : DiscoveryClient_FOODSERVICEAPP/localhost:FoodServiceApp:9091 - registration status: 204
2026-08-31T19:40:34.460+05:30  INFO 16392 --- [FoodServiceApp] [restartedMain] com.foodapp.FoodServiceApplication       : Started FoodServiceApplication in 12.822 seconds (process running for 14.066)
2026-08-31T19:41:03.475+05:30  INFO 16392 --- [FoodServiceApp] [DiscoveryClient-CacheRefreshExecutor-%d] com.netflix.discovery.DiscoveryClient    : Disable delta property : false
2026-08-31T19:41:03.476+05:30  INFO 16392 --- [FoodServiceApp] [DiscoveryClient-CacheRefreshExecutor-%d] com.netflix.discovery.DiscoveryClient    : Single vip registry refresh property : null
2026-08-31T19:41:03.477+05:30  INFO 16392 --- [FoodServiceApp] [DiscoveryClient-CacheRefreshExecutor-%d] com.netflix.discovery.DiscoveryClient    : Force full registry fetch : false
2026-08-31T19:41:03.477+05:30  INFO 16392 --- [FoodServiceApp] [DiscoveryClient-CacheRefreshExecutor-%d] com.netflix.discovery.DiscoveryClient    : Application is null : false
2026-08-31T19:41:03.478+05:30  INFO 16392 --- [FoodServiceApp] [DiscoveryClient-CacheRefreshExecutor-%d] com.netflix.discovery.DiscoveryClient    : Registered Applications size is zero : true
2026-08-31T19:41:03.478+05:30  INFO 16392 --- [FoodServiceApp] [DiscoveryClient-CacheRefreshExecutor-%d] com.netflix.discovery.DiscoveryClient    : Application version is -1: false
2026-08-31T19:41:03.479+05:30  INFO 16392 --- [FoodServiceApp] [DiscoveryClient-CacheRefreshExecutor-%d] com.netflix.discovery.DiscoveryClient    : Getting all instance registry info from the eureka server
2026-08-31T19:41:03.512+05:30  INFO 16392 --- [FoodServiceApp] [DiscoveryClient-CacheRefreshExecutor-%d] com.netflix.discovery.DiscoveryClient    : The response status is 200
2026-08-31T19:44:37.959+05:30  INFO 16392 --- [FoodServiceApp] [http-nio-9091-exec-1] o.a.c.c.C.[Tomcat].[localhost].[/]       : Initializing Spring DispatcherServlet 'dispatcherServlet'
2026-08-31T19:44:37.961+05:30  INFO 16392 --- [FoodServiceApp] [http-nio-9091-exec-1] o.s.web.servlet.DispatcherServlet        : Initializing Servlet 'dispatcherServlet'
2026-08-31T19:44:37.965+05:30  INFO 16392 --- [FoodServiceApp] [http-nio-9091-exec-1] o.s.web.servlet.DispatcherServlet        : Completed initialization in 3 ms
2026-08-31T19:44:39.134+05:30  INFO 16392 --- [FoodServiceApp] [http-nio-9091-exec-2] o.springdoc.api.AbstractOpenApiResource  : Init duration for springdoc-openapi is: 734 ms
2026-08-31T19:45:09.586+05:30  INFO 16392 --- [FoodServiceApp] [http-nio-9091-exec-6] com.foodapp.controller.UserController    : Status API Called for getAllOrders Of Users
2026-08-31T19:45:32.940+05:30  INFO 16392 --- [FoodServiceApp] [AsyncResolver-bootstrap-executor-%d] c.n.d.s.r.aws.ConfigClusterResolver      : Resolving eureka endpoints via configuration
2026-08-31T19:50:32.951+05:30  INFO 16392 --- [FoodServiceApp] [AsyncResolver-bootstrap-executor-%d] c.n.d.s.r.aws.ConfigClusterResolver      : Resolving eureka endpoints via configuration
2026-08-31T19:55:32.966+05:30  INFO 16392 --- [FoodServiceApp] [AsyncResolver-bootstrap-executor-%d] c.n.d.s.r.aws.ConfigClusterResolver      : Resolving eureka endpoints via configuration
2026-08-31T20:00:32.976+05:30  INFO 16392 --- [FoodServiceApp] [AsyncResolver-bootstrap-executor-%d] c.n.d.s.r.aws.ConfigClusterResolver      : Resolving eureka endpoints via configuration
2026-08-31T20:05:32.992+05:30  INFO 16392 --- [FoodServiceApp] [AsyncResolver-bootstrap-executor-%d] c.n.d.s.r.aws.ConfigClusterResolver      : Resolving eureka endpoints via configuration
2026-08-31T20:10:33.016+05:30  INFO 16392 --- [FoodServiceApp] [AsyncResolver-bootstrap-executor-%d] c.n.d.s.r.aws.ConfigClusterResolver      : Resolving eureka endpoints via configuration
2026-08-31T20:11:40.523+05:30  INFO 16392 --- [FoodServiceApp] [File Watcher] rtingClassPathChangeChangedEventListener : Restarting due to 1 class path change (0 additions, 0 deletions, 1 modification)
2026-08-31T20:11:40.529+05:30  INFO 16392 --- [FoodServiceApp] [Thread-1] o.s.c.n.e.s.EurekaServiceRegistry        : Unregistering application FOODSERVICEAPP with eureka with status DOWN
2026-08-31T20:11:40.531+05:30  INFO 16392 --- [FoodServiceApp] [Thread-1] com.netflix.discovery.DiscoveryClient    : Saw local status change event StatusChangeEvent [timestamp=1788187300531, current=DOWN, previous=UP]
2026-08-31T20:11:40.531+05:30  INFO 16392 --- [FoodServiceApp] [DiscoveryClient-InstanceInfoReplicator-%d] com.netflix.discovery.DiscoveryClient    : DiscoveryClient_FOODSERVICEAPP/localhost:FoodServiceApp:9091: registering service...
2026-08-31T20:11:40.543+05:30  INFO 16392 --- [FoodServiceApp] [Thread-1] o.s.boot.tomcat.GracefulShutdown         : Commencing graceful shutdown. Waiting for active requests to complete
2026-08-31T20:11:40.569+05:30  INFO 16392 --- [FoodServiceApp] [DiscoveryClient-InstanceInfoReplicator-%d] com.netflix.discovery.DiscoveryClient    : DiscoveryClient_FOODSERVICEAPP/localhost:FoodServiceApp:9091 - registration status: 204
2026-08-31T20:11:40.584+05:30  INFO 16392 --- [FoodServiceApp] [tomcat-shutdown] o.s.boot.tomcat.GracefulShutdown         : Graceful shutdown complete
2026-08-31T20:11:40.607+05:30  INFO 16392 --- [FoodServiceApp] [Thread-1] j.LocalContainerEntityManagerFactoryBean : Closing JPA EntityManagerFactory for persistence unit 'default'
2026-08-31T20:11:40.620+05:30  INFO 16392 --- [FoodServiceApp] [Thread-1] com.zaxxer.hikari.HikariDataSource       : HikariPool-1 - Shutdown initiated...
2026-08-31T20:11:40.640+05:30  INFO 16392 --- [FoodServiceApp] [Thread-1] com.zaxxer.hikari.HikariDataSource       : HikariPool-1 - Shutdown completed.
2026-08-31T20:11:40.643+05:30  INFO 16392 --- [FoodServiceApp] [Thread-1] com.netflix.discovery.DiscoveryClient    : Shutting down DiscoveryClient ...
2026-08-31T20:11:43.647+05:30  INFO 16392 --- [FoodServiceApp] [Thread-1] com.netflix.discovery.DiscoveryClient    : Unregistering ...
2026-08-31T20:11:43.665+05:30  INFO 16392 --- [FoodServiceApp] [Thread-1] com.netflix.discovery.DiscoveryClient    : DiscoveryClient_FOODSERVICEAPP/localhost:FoodServiceApp:9091 - deregister  status: 200
2026-08-31T20:11:43.666+05:30  INFO 16392 --- [FoodServiceApp] [Thread-1] com.netflix.discovery.DiscoveryClient    : Completed shut down of DiscoveryClient
2026-08-31T20:11:44.870+05:30  INFO 16392 --- [FoodServiceApp] [restartedMain] com.foodapp.FoodServiceApplication       : Starting FoodServiceApplication using Java 21.0.2 with PID 16392 (C:\Users\khushbu.1.sharma\eclipse-workspace\Project foodService Application\FoodServiceApp\target\classes started by KHUSHBU.1.SHARMA in C:\Users\khushbu.1.sharma\eclipse-workspace\Project foodService Application\FoodServiceApp)
2026-08-31T20:11:44.871+05:30  INFO 16392 --- [FoodServiceApp] [restartedMain] com.foodapp.FoodServiceApplication       : No active profile set, falling back to 1 default profile: "default"
2026-08-31T20:11:45.384+05:30  INFO 16392 --- [FoodServiceApp] [restartedMain] .s.d.r.c.RepositoryConfigurationDelegate : Bootstrapping Spring Data JPA repositories in DEFAULT mode.
2026-08-31T20:11:45.419+05:30  INFO 16392 --- [FoodServiceApp] [restartedMain] .s.d.r.c.RepositoryConfigurationDelegate : Finished Spring Data repository scanning in 30 ms. Found 1 JPA repository interface.
2026-08-31T20:11:45.556+05:30  INFO 16392 --- [FoodServiceApp] [restartedMain] o.s.cloud.context.scope.GenericScope     : BeanFactory id=9931cc8f-4ea7-3474-8a12-35008d9774ef
2026-08-31T20:11:45.702+05:30  INFO 16392 --- [FoodServiceApp] [restartedMain] o.s.boot.tomcat.TomcatWebServer          : Tomcat initialized with port 9091 (http)
2026-08-31T20:11:45.704+05:30  INFO 16392 --- [FoodServiceApp] [restartedMain] o.apache.catalina.core.StandardService   : Starting service [Tomcat]
2026-08-31T20:11:45.704+05:30  INFO 16392 --- [FoodServiceApp] [restartedMain] o.apache.catalina.core.StandardEngine    : Starting Servlet engine: [Apache Tomcat/11.0.22]
2026-08-31T20:11:45.832+05:30  INFO 16392 --- [FoodServiceApp] [restartedMain] b.w.c.s.WebApplicationContextInitializer : Root WebApplicationContext: initialization completed in 956 ms
2026-08-31T20:11:45.920+05:30  INFO 16392 --- [FoodServiceApp] [restartedMain] org.hibernate.orm.jpa                    : HHH008540: Processing PersistenceUnitInfo [name: default]
2026-08-31T20:11:45.996+05:30  INFO 16392 --- [FoodServiceApp] [restartedMain] o.s.o.j.p.SpringPersistenceUnitInfo      : No LoadTimeWeaver setup: ignoring JPA class transformer
2026-08-31T20:11:45.999+05:30  INFO 16392 --- [FoodServiceApp] [restartedMain] com.zaxxer.hikari.HikariDataSource       : HikariPool-2 - Starting...
2026-08-31T20:11:46.026+05:30  INFO 16392 --- [FoodServiceApp] [restartedMain] com.zaxxer.hikari.pool.HikariPool        : HikariPool-2 - Added connection com.mysql.cj.jdbc.ConnectionImpl@36828495
2026-08-31T20:11:46.026+05:30  INFO 16392 --- [FoodServiceApp] [restartedMain] com.zaxxer.hikari.HikariDataSource       : HikariPool-2 - Start completed.
2026-08-31T20:11:46.030+05:30  INFO 16392 --- [FoodServiceApp] [restartedMain] org.hibernate.orm.connections.pooling    : HHH10001005: Database info:
	Database JDBC URL [jdbc:mysql://localhost:3306/cfg11]
	Database driver: MySQL Connector/J
	Database dialect: MySQLDialect
	Database version: 8.0.46
	Default catalog/schema: cfg11/undefined
	Autocommit mode: undefined/unknown
	Isolation level: REPEATABLE_READ [default REPEATABLE_READ]
	JDBC fetch size: none
	Pool: DataSourceConnectionProvider
	Minimum pool size: undefined/unknown
	Maximum pool size: undefined/unknown
2026-08-31T20:11:46.120+05:30  INFO 16392 --- [FoodServiceApp] [restartedMain] org.hibernate.orm.core                   : HHH000489: No JTA platform available (set 'hibernate.transaction.jta.platform' to enable JTA platform integration)
2026-08-31T20:11:46.141+05:30  INFO 16392 --- [FoodServiceApp] [restartedMain] j.LocalContainerEntityManagerFactoryBean : Initialized JPA EntityManagerFactory for persistence unit 'default'
2026-08-31T20:11:46.243+05:30  WARN 16392 --- [FoodServiceApp] [restartedMain] JpaBaseConfiguration$JpaWebConfiguration : spring.jpa.open-in-view is enabled by default. Therefore, database queries may be performed during view rendering. Explicitly configure spring.jpa.open-in-view to disable this warning
2026-08-31T20:11:47.165+05:30  INFO 16392 --- [FoodServiceApp] [restartedMain] o.s.c.openfeign.FeignClientFactoryBean   : For 'APPUSER' URL not provided. Will try picking an instance via load-balancing.
2026-08-31T20:11:48.294+05:30  INFO 16392 --- [FoodServiceApp] [restartedMain] DiscoveryClientOptionalArgsConfiguration : Eureka HTTP Client uses RestClient.
2026-08-31T20:11:48.315+05:30  WARN 16392 --- [FoodServiceApp] [restartedMain] iguration$LoadBalancerCaffeineWarnLogger : Spring Cloud LoadBalancer is currently working with the default cache. While this cache implementation is useful for development and tests, it's recommended to use Caffeine cache in production.You can switch to using Caffeine cache, by adding it and org.springframework.cache.caffeine.CaffeineCacheManager to the classpath.
2026-08-31T20:11:48.345+05:30  INFO 16392 --- [FoodServiceApp] [restartedMain] o.s.c.n.eureka.InstanceInfoFactory       : Setting initial instance status as: STARTING
2026-08-31T20:11:48.351+05:30  INFO 16392 --- [FoodServiceApp] [restartedMain] com.netflix.discovery.DiscoveryClient    : Initializing Eureka in region us-east-1
2026-08-31T20:11:48.352+05:30  INFO 16392 --- [FoodServiceApp] [restartedMain] c.n.d.s.r.aws.ConfigClusterResolver      : Resolving eureka endpoints via configuration
2026-08-31T20:11:48.352+05:30  INFO 16392 --- [FoodServiceApp] [restartedMain] com.netflix.discovery.DiscoveryClient    : Disable delta property : false
2026-08-31T20:11:48.353+05:30  INFO 16392 --- [FoodServiceApp] [restartedMain] com.netflix.discovery.DiscoveryClient    : Single vip registry refresh property : null
2026-08-31T20:11:48.353+05:30  INFO 16392 --- [FoodServiceApp] [restartedMain] com.netflix.discovery.DiscoveryClient    : Force full registry fetch : false
2026-08-31T20:11:48.353+05:30  INFO 16392 --- [FoodServiceApp] [restartedMain] com.netflix.discovery.DiscoveryClient    : Application is null : false
2026-08-31T20:11:48.353+05:30  INFO 16392 --- [FoodServiceApp] [restartedMain] com.netflix.discovery.DiscoveryClient    : Registered Applications size is zero : true
2026-08-31T20:11:48.353+05:30  INFO 16392 --- [FoodServiceApp] [restartedMain] com.netflix.discovery.DiscoveryClient    : Application version is -1: true
2026-08-31T20:11:48.354+05:30  INFO 16392 --- [FoodServiceApp] [restartedMain] com.netflix.discovery.DiscoveryClient    : Getting all instance registry info from the eureka server
2026-08-31T20:11:48.388+05:30  INFO 16392 --- [FoodServiceApp] [restartedMain] com.netflix.discovery.DiscoveryClient    : The response status is 200
2026-08-31T20:11:48.389+05:30  INFO 16392 --- [FoodServiceApp] [restartedMain] com.netflix.discovery.DiscoveryClient    : Starting heartbeat executor: renew interval is: 30
2026-08-31T20:11:48.390+05:30  INFO 16392 --- [FoodServiceApp] [restartedMain] c.n.discovery.InstanceInfoReplicator     : InstanceInfoReplicator onDemand update allowed rate per min is 4
2026-08-31T20:11:48.392+05:30  INFO 16392 --- [FoodServiceApp] [restartedMain] com.netflix.discovery.DiscoveryClient    : Discovery Client initialized at timestamp 1788187308391 with initial instances count: 3
2026-08-31T20:11:48.394+05:30  INFO 16392 --- [FoodServiceApp] [restartedMain] o.s.c.n.e.s.EurekaServiceRegistry        : Registering application FOODSERVICEAPP with eureka with status UP
2026-08-31T20:11:48.395+05:30  INFO 16392 --- [FoodServiceApp] [restartedMain] com.netflix.discovery.DiscoveryClient    : Saw local status change event StatusChangeEvent [timestamp=1788187308395, current=UP, previous=STARTING]
2026-08-31T20:11:48.396+05:30  INFO 16392 --- [FoodServiceApp] [DiscoveryClient-InstanceInfoReplicator-%d] com.netflix.discovery.DiscoveryClient    : DiscoveryClient_FOODSERVICEAPP/localhost:FoodServiceApp:9091: registering service...
2026-08-31T20:11:48.430+05:30  INFO 16392 --- [FoodServiceApp] [restartedMain] o.s.boot.tomcat.TomcatWebServer          : Tomcat started on port 9091 (http) with context path '/'
2026-08-31T20:11:48.436+05:30  INFO 16392 --- [FoodServiceApp] [restartedMain] .s.c.n.e.s.EurekaAutoServiceRegistration : Updating port to 9091
2026-08-31T20:11:48.443+05:30  INFO 16392 --- [FoodServiceApp] [DiscoveryClient-InstanceInfoReplicator-%d] com.netflix.discovery.DiscoveryClient    : DiscoveryClient_FOODSERVICEAPP/localhost:FoodServiceApp:9091 - registration status: 204
2026-08-31T20:11:48.866+05:30  INFO 16392 --- [FoodServiceApp] [File Watcher] rtingClassPathChangeChangedEventListener : Restarting due to 3 class path changes (0 additions, 0 deletions, 3 modifications)
2026-08-31T20:11:49.326+05:30  INFO 16392 --- [FoodServiceApp] [restartedMain] com.foodapp.FoodServiceApplication       : Started FoodServiceApplication in 5.528 seconds (process running for 1889.019)
2026-08-31T20:11:49.327+05:30  INFO 16392 --- [FoodServiceApp] [Thread-7] o.s.c.n.e.s.EurekaServiceRegistry        : Unregistering application FOODSERVICEAPP with eureka with status DOWN
2026-08-31T20:11:49.328+05:30  INFO 16392 --- [FoodServiceApp] [Thread-7] com.netflix.discovery.DiscoveryClient    : Saw local status change event StatusChangeEvent [timestamp=1788187309328, current=DOWN, previous=UP]
2026-08-31T20:11:49.329+05:30  INFO 16392 --- [FoodServiceApp] [DiscoveryClient-InstanceInfoReplicator-%d] com.netflix.discovery.DiscoveryClient    : DiscoveryClient_FOODSERVICEAPP/localhost:FoodServiceApp:9091: registering service...
2026-08-31T20:11:49.330+05:30  INFO 16392 --- [FoodServiceApp] [Thread-7] o.s.boot.tomcat.GracefulShutdown         : Commencing graceful shutdown. Waiting for active requests to complete
2026-08-31T20:11:49.333+05:30  INFO 16392 --- [FoodServiceApp] [restartedMain] .ConditionEvaluationDeltaLoggingListener : Condition evaluation unchanged
2026-08-31T20:11:49.343+05:30  INFO 16392 --- [FoodServiceApp] [DiscoveryClient-InstanceInfoReplicator-%d] com.netflix.discovery.DiscoveryClient    : DiscoveryClient_FOODSERVICEAPP/localhost:FoodServiceApp:9091 - registration status: 204
2026-08-31T20:11:49.356+05:30  INFO 16392 --- [FoodServiceApp] [tomcat-shutdown] o.s.boot.tomcat.GracefulShutdown         : Graceful shutdown complete
2026-08-31T20:11:49.366+05:30  INFO 16392 --- [FoodServiceApp] [Thread-7] j.LocalContainerEntityManagerFactoryBean : Closing JPA EntityManagerFactory for persistence unit 'default'
2026-08-31T20:11:49.368+05:30  INFO 16392 --- [FoodServiceApp] [Thread-7] com.zaxxer.hikari.HikariDataSource       : HikariPool-2 - Shutdown initiated...
2026-08-31T20:11:49.383+05:30  INFO 16392 --- [FoodServiceApp] [Thread-7] com.zaxxer.hikari.HikariDataSource       : HikariPool-2 - Shutdown completed.
2026-08-31T20:11:49.385+05:30  INFO 16392 --- [FoodServiceApp] [Thread-7] com.netflix.discovery.DiscoveryClient    : Shutting down DiscoveryClient ...
2026-08-31T20:11:52.393+05:30  INFO 16392 --- [FoodServiceApp] [Thread-7] com.netflix.discovery.DiscoveryClient    : Unregistering ...
2026-08-31T20:11:52.417+05:30  INFO 16392 --- [FoodServiceApp] [Thread-7] com.netflix.discovery.DiscoveryClient    : DiscoveryClient_FOODSERVICEAPP/localhost:FoodServiceApp:9091 - deregister  status: 200
2026-08-31T20:11:52.418+05:30  INFO 16392 --- [FoodServiceApp] [Thread-7] com.netflix.discovery.DiscoveryClient    : Completed shut down of DiscoveryClient
2026-08-31T20:11:53.880+05:30  INFO 16392 --- [FoodServiceApp] [restartedMain] com.foodapp.FoodServiceApplication       : Starting FoodServiceApplication using Java 21.0.2 with PID 16392 (C:\Users\khushbu.1.sharma\eclipse-workspace\Project foodService Application\FoodServiceApp\target\classes started by KHUSHBU.1.SHARMA in C:\Users\khushbu.1.sharma\eclipse-workspace\Project foodService Application\FoodServiceApp)
2026-08-31T20:11:53.882+05:30  INFO 16392 --- [FoodServiceApp] [restartedMain] com.foodapp.FoodServiceApplication       : No active profile set, falling back to 1 default profile: "default"
2026-08-31T20:11:54.423+05:30  INFO 16392 --- [FoodServiceApp] [restartedMain] .s.d.r.c.RepositoryConfigurationDelegate : Bootstrapping Spring Data JPA repositories in DEFAULT mode.
2026-08-31T20:11:54.460+05:30  INFO 16392 --- [FoodServiceApp] [restartedMain] .s.d.r.c.RepositoryConfigurationDelegate : Finished Spring Data repository scanning in 32 ms. Found 1 JPA repository interface.
2026-08-31T20:11:54.695+05:30  INFO 16392 --- [FoodServiceApp] [restartedMain] o.s.cloud.context.scope.GenericScope     : BeanFactory id=9931cc8f-4ea7-3474-8a12-35008d9774ef
2026-08-31T20:11:54.826+05:30  INFO 16392 --- [FoodServiceApp] [restartedMain] o.s.boot.tomcat.TomcatWebServer          : Tomcat initialized with port 9091 (http)
2026-08-31T20:11:54.829+05:30  INFO 16392 --- [FoodServiceApp] [restartedMain] o.apache.catalina.core.StandardService   : Starting service [Tomcat]
2026-08-31T20:11:54.829+05:30  INFO 16392 --- [FoodServiceApp] [restartedMain] o.apache.catalina.core.StandardEngine    : Starting Servlet engine: [Apache Tomcat/11.0.22]
2026-08-31T20:11:54.947+05:30  INFO 16392 --- [FoodServiceApp] [restartedMain] b.w.c.s.WebApplicationContextInitializer : Root WebApplicationContext: initialization completed in 1055 ms
2026-08-31T20:11:55.032+05:30  INFO 16392 --- [FoodServiceApp] [restartedMain] org.hibernate.orm.jpa                    : HHH008540: Processing PersistenceUnitInfo [name: default]
2026-08-31T20:11:55.116+05:30  INFO 16392 --- [FoodServiceApp] [restartedMain] o.s.o.j.p.SpringPersistenceUnitInfo      : No LoadTimeWeaver setup: ignoring JPA class transformer
2026-08-31T20:11:55.118+05:30  INFO 16392 --- [FoodServiceApp] [restartedMain] com.zaxxer.hikari.HikariDataSource       : HikariPool-3 - Starting...
2026-08-31T20:11:55.143+05:30  INFO 16392 --- [FoodServiceApp] [restartedMain] com.zaxxer.hikari.pool.HikariPool        : HikariPool-3 - Added connection com.mysql.cj.jdbc.ConnectionImpl@10dca3bd
2026-08-31T20:11:55.143+05:30  INFO 16392 --- [FoodServiceApp] [restartedMain] com.zaxxer.hikari.HikariDataSource       : HikariPool-3 - Start completed.
2026-08-31T20:11:55.148+05:30  INFO 16392 --- [FoodServiceApp] [restartedMain] org.hibernate.orm.connections.pooling    : HHH10001005: Database info:
	Database JDBC URL [jdbc:mysql://localhost:3306/cfg11]
	Database driver: MySQL Connector/J
	Database dialect: MySQLDialect
	Database version: 8.0.46
	Default catalog/schema: cfg11/undefined
	Autocommit mode: undefined/unknown
	Isolation level: REPEATABLE_READ [default REPEATABLE_READ]
	JDBC fetch size: none
	Pool: DataSourceConnectionProvider
	Minimum pool size: undefined/unknown
	Maximum pool size: undefined/unknown
2026-08-31T20:11:55.253+05:30  INFO 16392 --- [FoodServiceApp] [restartedMain] org.hibernate.orm.core                   : HHH000489: No JTA platform available (set 'hibernate.transaction.jta.platform' to enable JTA platform integration)
2026-08-31T20:11:55.274+05:30  INFO 16392 --- [FoodServiceApp] [restartedMain] j.LocalContainerEntityManagerFactoryBean : Initialized JPA EntityManagerFactory for persistence unit 'default'
2026-08-31T20:11:55.391+05:30  WARN 16392 --- [FoodServiceApp] [restartedMain] JpaBaseConfiguration$JpaWebConfiguration : spring.jpa.open-in-view is enabled by default. Therefore, database queries may be performed during view rendering. Explicitly configure spring.jpa.open-in-view to disable this warning
2026-08-31T20:11:56.297+05:30  INFO 16392 --- [FoodServiceApp] [restartedMain] o.s.c.openfeign.FeignClientFactoryBean   : For 'APPUSER' URL not provided. Will try picking an instance via load-balancing.
2026-08-31T20:11:57.566+05:30  INFO 16392 --- [FoodServiceApp] [restartedMain] DiscoveryClientOptionalArgsConfiguration : Eureka HTTP Client uses RestClient.
2026-08-31T20:11:57.582+05:30  WARN 16392 --- [FoodServiceApp] [restartedMain] iguration$LoadBalancerCaffeineWarnLogger : Spring Cloud LoadBalancer is currently working with the default cache. While this cache implementation is useful for development and tests, it's recommended to use Caffeine cache in production.You can switch to using Caffeine cache, by adding it and org.springframework.cache.caffeine.CaffeineCacheManager to the classpath.
2026-08-31T20:11:57.598+05:30  INFO 16392 --- [FoodServiceApp] [restartedMain] o.s.c.n.eureka.InstanceInfoFactory       : Setting initial instance status as: STARTING
2026-08-31T20:11:57.601+05:30  INFO 16392 --- [FoodServiceApp] [restartedMain] com.netflix.discovery.DiscoveryClient    : Initializing Eureka in region us-east-1
2026-08-31T20:11:57.602+05:30  INFO 16392 --- [FoodServiceApp] [restartedMain] c.n.d.s.r.aws.ConfigClusterResolver      : Resolving eureka endpoints via configuration
2026-08-31T20:11:57.602+05:30  INFO 16392 --- [FoodServiceApp] [restartedMain] com.netflix.discovery.DiscoveryClient    : Disable delta property : false
2026-08-31T20:11:57.602+05:30  INFO 16392 --- [FoodServiceApp] [restartedMain] com.netflix.discovery.DiscoveryClient    : Single vip registry refresh property : null
2026-08-31T20:11:57.602+05:30  INFO 16392 --- [FoodServiceApp] [restartedMain] com.netflix.discovery.DiscoveryClient    : Force full registry fetch : false
2026-08-31T20:11:57.602+05:30  INFO 16392 --- [FoodServiceApp] [restartedMain] com.netflix.discovery.DiscoveryClient    : Application is null : false
2026-08-31T20:11:57.602+05:30  INFO 16392 --- [FoodServiceApp] [restartedMain] com.netflix.discovery.DiscoveryClient    : Registered Applications size is zero : true
2026-08-31T20:11:57.603+05:30  INFO 16392 --- [FoodServiceApp] [restartedMain] com.netflix.discovery.DiscoveryClient    : Application version is -1: true
2026-08-31T20:11:57.603+05:30  INFO 16392 --- [FoodServiceApp] [restartedMain] com.netflix.discovery.DiscoveryClient    : Getting all instance registry info from the eureka server
2026-08-31T20:11:57.627+05:30  INFO 16392 --- [FoodServiceApp] [restartedMain] com.netflix.discovery.DiscoveryClient    : The response status is 200
2026-08-31T20:11:57.628+05:30  INFO 16392 --- [FoodServiceApp] [restartedMain] com.netflix.discovery.DiscoveryClient    : Starting heartbeat executor: renew interval is: 30
2026-08-31T20:11:57.629+05:30  INFO 16392 --- [FoodServiceApp] [restartedMain] c.n.discovery.InstanceInfoReplicator     : InstanceInfoReplicator onDemand update allowed rate per min is 4
2026-08-31T20:11:57.630+05:30  INFO 16392 --- [FoodServiceApp] [restartedMain] com.netflix.discovery.DiscoveryClient    : Discovery Client initialized at timestamp 1788187317630 with initial instances count: 3
2026-08-31T20:11:57.631+05:30  INFO 16392 --- [FoodServiceApp] [restartedMain] o.s.c.n.e.s.EurekaServiceRegistry        : Registering application FOODSERVICEAPP with eureka with status UP
2026-08-31T20:11:57.632+05:30  INFO 16392 --- [FoodServiceApp] [restartedMain] com.netflix.discovery.DiscoveryClient    : Saw local status change event StatusChangeEvent [timestamp=1788187317632, current=UP, previous=STARTING]
2026-08-31T20:11:57.632+05:30  INFO 16392 --- [FoodServiceApp] [DiscoveryClient-InstanceInfoReplicator-%d] com.netflix.discovery.DiscoveryClient    : DiscoveryClient_FOODSERVICEAPP/localhost:FoodServiceApp:9091: registering service...
2026-08-31T20:11:57.650+05:30  INFO 16392 --- [FoodServiceApp] [restartedMain] o.s.boot.tomcat.TomcatWebServer          : Tomcat started on port 9091 (http) with context path '/'
2026-08-31T20:11:57.651+05:30  INFO 16392 --- [FoodServiceApp] [restartedMain] .s.c.n.e.s.EurekaAutoServiceRegistration : Updating port to 9091
2026-08-31T20:11:57.660+05:30  INFO 16392 --- [FoodServiceApp] [DiscoveryClient-InstanceInfoReplicator-%d] com.netflix.discovery.DiscoveryClient    : DiscoveryClient_FOODSERVICEAPP/localhost:FoodServiceApp:9091 - registration status: 204
2026-08-31T20:11:58.501+05:30  INFO 16392 --- [FoodServiceApp] [restartedMain] com.foodapp.FoodServiceApplication       : Started FoodServiceApplication in 5.793 seconds (process running for 1898.194)
2026-08-31T20:11:58.503+05:30  INFO 16392 --- [FoodServiceApp] [restartedMain] .ConditionEvaluationDeltaLoggingListener : Condition evaluation unchanged
2026-08-31T20:12:46.641+05:30  INFO 16392 --- [FoodServiceApp] [File Watcher] rtingClassPathChangeChangedEventListener : Restarting due to 1 class path change (0 additions, 0 deletions, 1 modification)
2026-08-31T20:12:46.642+05:30  INFO 16392 --- [FoodServiceApp] [Thread-13] o.s.c.n.e.s.EurekaServiceRegistry        : Unregistering application FOODSERVICEAPP with eureka with status DOWN
2026-08-31T20:12:46.643+05:30  INFO 16392 --- [FoodServiceApp] [Thread-13] com.netflix.discovery.DiscoveryClient    : Saw local status change event StatusChangeEvent [timestamp=1788187366643, current=DOWN, previous=UP]
2026-08-31T20:12:46.643+05:30  INFO 16392 --- [FoodServiceApp] [DiscoveryClient-InstanceInfoReplicator-%d] com.netflix.discovery.DiscoveryClient    : DiscoveryClient_FOODSERVICEAPP/localhost:FoodServiceApp:9091: registering service...
2026-08-31T20:12:46.643+05:30  INFO 16392 --- [FoodServiceApp] [Thread-13] o.s.boot.tomcat.GracefulShutdown         : Commencing graceful shutdown. Waiting for active requests to complete
2026-08-31T20:12:46.649+05:30  INFO 16392 --- [FoodServiceApp] [tomcat-shutdown] o.s.boot.tomcat.GracefulShutdown         : Graceful shutdown complete
2026-08-31T20:12:46.652+05:30  INFO 16392 --- [FoodServiceApp] [Thread-13] j.LocalContainerEntityManagerFactoryBean : Closing JPA EntityManagerFactory for persistence unit 'default'
2026-08-31T20:12:46.653+05:30  INFO 16392 --- [FoodServiceApp] [Thread-13] com.zaxxer.hikari.HikariDataSource       : HikariPool-3 - Shutdown initiated...
2026-08-31T20:12:46.659+05:30  INFO 16392 --- [FoodServiceApp] [DiscoveryClient-InstanceInfoReplicator-%d] com.netflix.discovery.DiscoveryClient    : DiscoveryClient_FOODSERVICEAPP/localhost:FoodServiceApp:9091 - registration status: 204
2026-08-31T20:12:46.660+05:30  INFO 16392 --- [FoodServiceApp] [Thread-13] com.zaxxer.hikari.HikariDataSource       : HikariPool-3 - Shutdown completed.
2026-08-31T20:12:46.661+05:30  INFO 16392 --- [FoodServiceApp] [Thread-13] com.netflix.discovery.DiscoveryClient    : Shutting down DiscoveryClient ...
2026-08-31T20:12:49.671+05:30  INFO 16392 --- [FoodServiceApp] [Thread-13] com.netflix.discovery.DiscoveryClient    : Unregistering ...
2026-08-31T20:12:49.686+05:30  INFO 16392 --- [FoodServiceApp] [Thread-13] com.netflix.discovery.DiscoveryClient    : DiscoveryClient_FOODSERVICEAPP/localhost:FoodServiceApp:9091 - deregister  status: 200
2026-08-31T20:12:49.688+05:30  INFO 16392 --- [FoodServiceApp] [Thread-13] com.netflix.discovery.DiscoveryClient    : Completed shut down of DiscoveryClient
2026-08-31T20:12:50.835+05:30  INFO 16392 --- [FoodServiceApp] [restartedMain] com.foodapp.FoodServiceApplication       : Starting FoodServiceApplication using Java 21.0.2 with PID 16392 (C:\Users\khushbu.1.sharma\eclipse-workspace\Project foodService Application\FoodServiceApp\target\classes started by KHUSHBU.1.SHARMA in C:\Users\khushbu.1.sharma\eclipse-workspace\Project foodService Application\FoodServiceApp)
2026-08-31T20:12:50.837+05:30  INFO 16392 --- [FoodServiceApp] [restartedMain] com.foodapp.FoodServiceApplication       : No active profile set, falling back to 1 default profile: "default"
2026-08-31T20:12:51.062+05:30  INFO 16392 --- [FoodServiceApp] [restartedMain] .s.d.r.c.RepositoryConfigurationDelegate : Bootstrapping Spring Data JPA repositories in DEFAULT mode.
2026-08-31T20:12:51.079+05:30  INFO 16392 --- [FoodServiceApp] [restartedMain] .s.d.r.c.RepositoryConfigurationDelegate : Finished Spring Data repository scanning in 15 ms. Found 1 JPA repository interface.
2026-08-31T20:12:51.154+05:30  INFO 16392 --- [FoodServiceApp] [restartedMain] o.s.cloud.context.scope.GenericScope     : BeanFactory id=9931cc8f-4ea7-3474-8a12-35008d9774ef
2026-08-31T20:12:51.234+05:30  INFO 16392 --- [FoodServiceApp] [restartedMain] o.s.boot.tomcat.TomcatWebServer          : Tomcat initialized with port 9091 (http)
2026-08-31T20:12:51.235+05:30  INFO 16392 --- [FoodServiceApp] [restartedMain] o.apache.catalina.core.StandardService   : Starting service [Tomcat]
2026-08-31T20:12:51.235+05:30  INFO 16392 --- [FoodServiceApp] [restartedMain] o.apache.catalina.core.StandardEngine    : Starting Servlet engine: [Apache Tomcat/11.0.22]
2026-08-31T20:12:51.303+05:30  INFO 16392 --- [FoodServiceApp] [restartedMain] b.w.c.s.WebApplicationContextInitializer : Root WebApplicationContext: initialization completed in 462 ms
2026-08-31T20:12:51.356+05:30  INFO 16392 --- [FoodServiceApp] [restartedMain] org.hibernate.orm.jpa                    : HHH008540: Processing PersistenceUnitInfo [name: default]
2026-08-31T20:12:51.390+05:30  INFO 16392 --- [FoodServiceApp] [restartedMain] o.s.o.j.p.SpringPersistenceUnitInfo      : No LoadTimeWeaver setup: ignoring JPA class transformer
2026-08-31T20:12:51.391+05:30  INFO 16392 --- [FoodServiceApp] [restartedMain] com.zaxxer.hikari.HikariDataSource       : HikariPool-4 - Starting...
2026-08-31T20:12:51.407+05:30  INFO 16392 --- [FoodServiceApp] [restartedMain] com.zaxxer.hikari.pool.HikariPool        : HikariPool-4 - Added connection com.mysql.cj.jdbc.ConnectionImpl@36360c90
2026-08-31T20:12:51.408+05:30  INFO 16392 --- [FoodServiceApp] [restartedMain] com.zaxxer.hikari.HikariDataSource       : HikariPool-4 - Start completed.
2026-08-31T20:12:51.410+05:30  INFO 16392 --- [FoodServiceApp] [restartedMain] org.hibernate.orm.connections.pooling    : HHH10001005: Database info:
	Database JDBC URL [jdbc:mysql://localhost:3306/cfg11]
	Database driver: MySQL Connector/J
	Database dialect: MySQLDialect
	Database version: 8.0.46
	Default catalog/schema: cfg11/undefined
	Autocommit mode: undefined/unknown
	Isolation level: REPEATABLE_READ [default REPEATABLE_READ]
	JDBC fetch size: none
	Pool: DataSourceConnectionProvider
	Minimum pool size: undefined/unknown
	Maximum pool size: undefined/unknown
2026-08-31T20:12:51.482+05:30  INFO 16392 --- [FoodServiceApp] [restartedMain] org.hibernate.orm.core                   : HHH000489: No JTA platform available (set 'hibernate.transaction.jta.platform' to enable JTA platform integration)
2026-08-31T20:12:51.497+05:30  INFO 16392 --- [FoodServiceApp] [restartedMain] j.LocalContainerEntityManagerFactoryBean : Initialized JPA EntityManagerFactory for persistence unit 'default'
2026-08-31T20:12:51.572+05:30  WARN 16392 --- [FoodServiceApp] [restartedMain] JpaBaseConfiguration$JpaWebConfiguration : spring.jpa.open-in-view is enabled by default. Therefore, database queries may be performed during view rendering. Explicitly configure spring.jpa.open-in-view to disable this warning
2026-08-31T20:12:52.478+05:30  INFO 16392 --- [FoodServiceApp] [restartedMain] o.s.c.openfeign.FeignClientFactoryBean   : For 'APPUSER' URL not provided. Will try picking an instance via load-balancing.
2026-08-31T20:12:53.486+05:30  INFO 16392 --- [FoodServiceApp] [restartedMain] DiscoveryClientOptionalArgsConfiguration : Eureka HTTP Client uses RestClient.
2026-08-31T20:12:53.496+05:30  WARN 16392 --- [FoodServiceApp] [restartedMain] iguration$LoadBalancerCaffeineWarnLogger : Spring Cloud LoadBalancer is currently working with the default cache. While this cache implementation is useful for development and tests, it's recommended to use Caffeine cache in production.You can switch to using Caffeine cache, by adding it and org.springframework.cache.caffeine.CaffeineCacheManager to the classpath.
2026-08-31T20:12:53.505+05:30  INFO 16392 --- [FoodServiceApp] [restartedMain] o.s.c.n.eureka.InstanceInfoFactory       : Setting initial instance status as: STARTING
2026-08-31T20:12:53.508+05:30  INFO 16392 --- [FoodServiceApp] [restartedMain] com.netflix.discovery.DiscoveryClient    : Initializing Eureka in region us-east-1
2026-08-31T20:12:53.508+05:30  INFO 16392 --- [FoodServiceApp] [restartedMain] c.n.d.s.r.aws.ConfigClusterResolver      : Resolving eureka endpoints via configuration
2026-08-31T20:12:53.509+05:30  INFO 16392 --- [FoodServiceApp] [restartedMain] com.netflix.discovery.DiscoveryClient    : Disable delta property : false
2026-08-31T20:12:53.509+05:30  INFO 16392 --- [FoodServiceApp] [restartedMain] com.netflix.discovery.DiscoveryClient    : Single vip registry refresh property : null
2026-08-31T20:12:53.509+05:30  INFO 16392 --- [FoodServiceApp] [restartedMain] com.netflix.discovery.DiscoveryClient    : Force full registry fetch : false
2026-08-31T20:12:53.509+05:30  INFO 16392 --- [FoodServiceApp] [restartedMain] com.netflix.discovery.DiscoveryClient    : Application is null : false
2026-08-31T20:12:53.509+05:30  INFO 16392 --- [FoodServiceApp] [restartedMain] com.netflix.discovery.DiscoveryClient    : Registered Applications size is zero : true
2026-08-31T20:12:53.509+05:30  INFO 16392 --- [FoodServiceApp] [restartedMain] com.netflix.discovery.DiscoveryClient    : Application version is -1: true
2026-08-31T20:12:53.509+05:30  INFO 16392 --- [FoodServiceApp] [restartedMain] com.netflix.discovery.DiscoveryClient    : Getting all instance registry info from the eureka server
2026-08-31T20:12:53.525+05:30  INFO 16392 --- [FoodServiceApp] [restartedMain] com.netflix.discovery.DiscoveryClient    : The response status is 200
2026-08-31T20:12:53.525+05:30  INFO 16392 --- [FoodServiceApp] [restartedMain] com.netflix.discovery.DiscoveryClient    : Starting heartbeat executor: renew interval is: 30
2026-08-31T20:12:53.526+05:30  INFO 16392 --- [FoodServiceApp] [restartedMain] c.n.discovery.InstanceInfoReplicator     : InstanceInfoReplicator onDemand update allowed rate per min is 4
2026-08-31T20:12:53.526+05:30  INFO 16392 --- [FoodServiceApp] [restartedMain] com.netflix.discovery.DiscoveryClient    : Discovery Client initialized at timestamp 1788187373526 with initial instances count: 3
2026-08-31T20:12:53.527+05:30  INFO 16392 --- [FoodServiceApp] [restartedMain] o.s.c.n.e.s.EurekaServiceRegistry        : Registering application FOODSERVICEAPP with eureka with status UP
2026-08-31T20:12:53.527+05:30  INFO 16392 --- [FoodServiceApp] [restartedMain] com.netflix.discovery.DiscoveryClient    : Saw local status change event StatusChangeEvent [timestamp=1788187373527, current=UP, previous=STARTING]
2026-08-31T20:12:53.527+05:30  INFO 16392 --- [FoodServiceApp] [DiscoveryClient-InstanceInfoReplicator-%d] com.netflix.discovery.DiscoveryClient    : DiscoveryClient_FOODSERVICEAPP/localhost:FoodServiceApp:9091: registering service...
2026-08-31T20:12:53.538+05:30  INFO 16392 --- [FoodServiceApp] [restartedMain] o.s.boot.tomcat.TomcatWebServer          : Tomcat started on port 9091 (http) with context path '/'
2026-08-31T20:12:53.539+05:30  INFO 16392 --- [FoodServiceApp] [restartedMain] .s.c.n.e.s.EurekaAutoServiceRegistration : Updating port to 9091
2026-08-31T20:12:53.541+05:30  INFO 16392 --- [FoodServiceApp] [DiscoveryClient-InstanceInfoReplicator-%d] com.netflix.discovery.DiscoveryClient    : DiscoveryClient_FOODSERVICEAPP/localhost:FoodServiceApp:9091 - registration status: 204
2026-08-31T20:12:54.387+05:30  INFO 16392 --- [FoodServiceApp] [restartedMain] com.foodapp.FoodServiceApplication       : Started FoodServiceApplication in 4.615 seconds (process running for 1954.074)
2026-08-31T20:12:54.391+05:30  INFO 16392 --- [FoodServiceApp] [restartedMain] .ConditionEvaluationDeltaLoggingListener : Condition evaluation unchanged
2026-08-31T20:17:53.519+05:30  INFO 16392 --- [FoodServiceApp] [AsyncResolver-bootstrap-executor-%d] c.n.d.s.r.aws.ConfigClusterResolver      : Resolving eureka endpoints via configuration
2026-08-31T20:22:35.400+05:30  INFO 16392 --- [FoodServiceApp] [File Watcher] rtingClassPathChangeChangedEventListener : Restarting due to 1 class path change (0 additions, 0 deletions, 1 modification)
2026-08-31T20:22:35.402+05:30  INFO 16392 --- [FoodServiceApp] [Thread-19] o.s.c.n.e.s.EurekaServiceRegistry        : Unregistering application FOODSERVICEAPP with eureka with status DOWN
2026-08-31T20:22:35.402+05:30  INFO 16392 --- [FoodServiceApp] [Thread-19] com.netflix.discovery.DiscoveryClient    : Saw local status change event StatusChangeEvent [timestamp=1788187955402, current=DOWN, previous=UP]
2026-08-31T20:22:35.403+05:30  INFO 16392 --- [FoodServiceApp] [DiscoveryClient-InstanceInfoReplicator-%d] com.netflix.discovery.DiscoveryClient    : DiscoveryClient_FOODSERVICEAPP/localhost:FoodServiceApp:9091: registering service...
2026-08-31T20:22:35.404+05:30  INFO 16392 --- [FoodServiceApp] [Thread-19] o.s.boot.tomcat.GracefulShutdown         : Commencing graceful shutdown. Waiting for active requests to complete
2026-08-31T20:22:35.416+05:30  INFO 16392 --- [FoodServiceApp] [DiscoveryClient-InstanceInfoReplicator-%d] com.netflix.discovery.DiscoveryClient    : DiscoveryClient_FOODSERVICEAPP/localhost:FoodServiceApp:9091 - registration status: 204
2026-08-31T20:22:35.417+05:30  INFO 16392 --- [FoodServiceApp] [tomcat-shutdown] o.s.boot.tomcat.GracefulShutdown         : Graceful shutdown complete
2026-08-31T20:22:35.422+05:30  INFO 16392 --- [FoodServiceApp] [Thread-19] j.LocalContainerEntityManagerFactoryBean : Closing JPA EntityManagerFactory for persistence unit 'default'
2026-08-31T20:22:35.423+05:30  INFO 16392 --- [FoodServiceApp] [Thread-19] com.zaxxer.hikari.HikariDataSource       : HikariPool-4 - Shutdown initiated...
2026-08-31T20:22:35.431+05:30  INFO 16392 --- [FoodServiceApp] [Thread-19] com.zaxxer.hikari.HikariDataSource       : HikariPool-4 - Shutdown completed.
2026-08-31T20:22:35.432+05:30  INFO 16392 --- [FoodServiceApp] [Thread-19] com.netflix.discovery.DiscoveryClient    : Shutting down DiscoveryClient ...
2026-08-31T20:22:38.439+05:30  INFO 16392 --- [FoodServiceApp] [Thread-19] com.netflix.discovery.DiscoveryClient    : Unregistering ...
2026-08-31T20:22:38.459+05:30  INFO 16392 --- [FoodServiceApp] [Thread-19] com.netflix.discovery.DiscoveryClient    : DiscoveryClient_FOODSERVICEAPP/localhost:FoodServiceApp:9091 - deregister  status: 200
2026-08-31T20:22:38.460+05:30  INFO 16392 --- [FoodServiceApp] [Thread-19] com.netflix.discovery.DiscoveryClient    : Completed shut down of DiscoveryClient
2026-08-31T20:22:38.600+05:30  INFO 16392 --- [FoodServiceApp] [restartedMain] com.foodapp.FoodServiceApplication       : Starting FoodServiceApplication using Java 21.0.2 with PID 16392 (C:\Users\khushbu.1.sharma\eclipse-workspace\Project foodService Application\FoodServiceApp\target\classes started by KHUSHBU.1.SHARMA in C:\Users\khushbu.1.sharma\eclipse-workspace\Project foodService Application\FoodServiceApp)
2026-08-31T20:22:38.601+05:30  INFO 16392 --- [FoodServiceApp] [restartedMain] com.foodapp.FoodServiceApplication       : No active profile set, falling back to 1 default profile: "default"
2026-08-31T20:22:38.901+05:30  INFO 16392 --- [FoodServiceApp] [restartedMain] .s.d.r.c.RepositoryConfigurationDelegate : Bootstrapping Spring Data JPA repositories in DEFAULT mode.
2026-08-31T20:22:38.923+05:30  INFO 16392 --- [FoodServiceApp] [restartedMain] .s.d.r.c.RepositoryConfigurationDelegate : Finished Spring Data repository scanning in 20 ms. Found 1 JPA repository interface.
2026-08-31T20:22:39.038+05:30  INFO 16392 --- [FoodServiceApp] [restartedMain] o.s.cloud.context.scope.GenericScope     : BeanFactory id=9931cc8f-4ea7-3474-8a12-35008d9774ef
2026-08-31T20:22:39.140+05:30  INFO 16392 --- [FoodServiceApp] [restartedMain] o.s.boot.tomcat.TomcatWebServer          : Tomcat initialized with port 9091 (http)
2026-08-31T20:22:39.142+05:30  INFO 16392 --- [FoodServiceApp] [restartedMain] o.apache.catalina.core.StandardService   : Starting service [Tomcat]
2026-08-31T20:22:39.142+05:30  INFO 16392 --- [FoodServiceApp] [restartedMain] o.apache.catalina.core.StandardEngine    : Starting Servlet engine: [Apache Tomcat/11.0.22]
2026-08-31T20:22:39.220+05:30  INFO 16392 --- [FoodServiceApp] [restartedMain] b.w.c.s.WebApplicationContextInitializer : Root WebApplicationContext: initialization completed in 615 ms
2026-08-31T20:22:39.263+05:30  INFO 16392 --- [FoodServiceApp] [restartedMain] org.hibernate.orm.jpa                    : HHH008540: Processing PersistenceUnitInfo [name: default]
2026-08-31T20:22:39.310+05:30  INFO 16392 --- [FoodServiceApp] [restartedMain] o.s.o.j.p.SpringPersistenceUnitInfo      : No LoadTimeWeaver setup: ignoring JPA class transformer
2026-08-31T20:22:39.312+05:30  INFO 16392 --- [FoodServiceApp] [restartedMain] com.zaxxer.hikari.HikariDataSource       : HikariPool-5 - Starting...
2026-08-31T20:22:39.328+05:30  INFO 16392 --- [FoodServiceApp] [restartedMain] com.zaxxer.hikari.pool.HikariPool        : HikariPool-5 - Added connection com.mysql.cj.jdbc.ConnectionImpl@249c0dc5
2026-08-31T20:22:39.328+05:30  INFO 16392 --- [FoodServiceApp] [restartedMain] com.zaxxer.hikari.HikariDataSource       : HikariPool-5 - Start completed.
2026-08-31T20:22:39.330+05:30  INFO 16392 --- [FoodServiceApp] [restartedMain] org.hibernate.orm.connections.pooling    : HHH10001005: Database info:
	Database JDBC URL [jdbc:mysql://localhost:3306/cfg11]
	Database driver: MySQL Connector/J
	Database dialect: MySQLDialect
	Database version: 8.0.46
	Default catalog/schema: cfg11/undefined
	Autocommit mode: undefined/unknown
	Isolation level: REPEATABLE_READ [default REPEATABLE_READ]
	JDBC fetch size: none
	Pool: DataSourceConnectionProvider
	Minimum pool size: undefined/unknown
	Maximum pool size: undefined/unknown
2026-08-31T20:22:39.384+05:30  INFO 16392 --- [FoodServiceApp] [restartedMain] org.hibernate.orm.core                   : HHH000489: No JTA platform available (set 'hibernate.transaction.jta.platform' to enable JTA platform integration)
2026-08-31T20:22:39.394+05:30  INFO 16392 --- [FoodServiceApp] [restartedMain] j.LocalContainerEntityManagerFactoryBean : Initialized JPA EntityManagerFactory for persistence unit 'default'
2026-08-31T20:22:39.460+05:30  WARN 16392 --- [FoodServiceApp] [restartedMain] JpaBaseConfiguration$JpaWebConfiguration : spring.jpa.open-in-view is enabled by default. Therefore, database queries may be performed during view rendering. Explicitly configure spring.jpa.open-in-view to disable this warning
2026-08-31T20:22:39.499+05:30  INFO 16392 --- [FoodServiceApp] [restartedMain] o.s.c.openfeign.FeignClientFactoryBean   : For 'APPUSER' URL not provided. Will try picking an instance via load-balancing.
2026-08-31T20:22:39.687+05:30  INFO 16392 --- [FoodServiceApp] [restartedMain] DiscoveryClientOptionalArgsConfiguration : Eureka HTTP Client uses RestClient.
2026-08-31T20:22:39.701+05:30  WARN 16392 --- [FoodServiceApp] [restartedMain] iguration$LoadBalancerCaffeineWarnLogger : Spring Cloud LoadBalancer is currently working with the default cache. While this cache implementation is useful for development and tests, it's recommended to use Caffeine cache in production.You can switch to using Caffeine cache, by adding it and org.springframework.cache.caffeine.CaffeineCacheManager to the classpath.
2026-08-31T20:22:39.709+05:30  INFO 16392 --- [FoodServiceApp] [restartedMain] o.s.c.n.eureka.InstanceInfoFactory       : Setting initial instance status as: STARTING
2026-08-31T20:22:39.712+05:30  INFO 16392 --- [FoodServiceApp] [restartedMain] com.netflix.discovery.DiscoveryClient    : Initializing Eureka in region us-east-1
2026-08-31T20:22:39.712+05:30  INFO 16392 --- [FoodServiceApp] [restartedMain] c.n.d.s.r.aws.ConfigClusterResolver      : Resolving eureka endpoints via configuration
2026-08-31T20:22:39.712+05:30  INFO 16392 --- [FoodServiceApp] [restartedMain] com.netflix.discovery.DiscoveryClient    : Disable delta property : false
2026-08-31T20:22:39.713+05:30  INFO 16392 --- [FoodServiceApp] [restartedMain] com.netflix.discovery.DiscoveryClient    : Single vip registry refresh property : null
2026-08-31T20:22:39.713+05:30  INFO 16392 --- [FoodServiceApp] [restartedMain] com.netflix.discovery.DiscoveryClient    : Force full registry fetch : false
2026-08-31T20:22:39.713+05:30  INFO 16392 --- [FoodServiceApp] [restartedMain] com.netflix.discovery.DiscoveryClient    : Application is null : false
2026-08-31T20:22:39.713+05:30  INFO 16392 --- [FoodServiceApp] [restartedMain] com.netflix.discovery.DiscoveryClient    : Registered Applications size is zero : true
2026-08-31T20:22:39.713+05:30  INFO 16392 --- [FoodServiceApp] [restartedMain] com.netflix.discovery.DiscoveryClient    : Application version is -1: true
2026-08-31T20:22:39.713+05:30  INFO 16392 --- [FoodServiceApp] [restartedMain] com.netflix.discovery.DiscoveryClient    : Getting all instance registry info from the eureka server
2026-08-31T20:22:39.730+05:30  INFO 16392 --- [FoodServiceApp] [restartedMain] com.netflix.discovery.DiscoveryClient    : The response status is 200
2026-08-31T20:22:39.732+05:30  INFO 16392 --- [FoodServiceApp] [restartedMain] com.netflix.discovery.DiscoveryClient    : Starting heartbeat executor: renew interval is: 30
2026-08-31T20:22:39.733+05:30  INFO 16392 --- [FoodServiceApp] [restartedMain] c.n.discovery.InstanceInfoReplicator     : InstanceInfoReplicator onDemand update allowed rate per min is 4
2026-08-31T20:22:39.733+05:30  INFO 16392 --- [FoodServiceApp] [restartedMain] com.netflix.discovery.DiscoveryClient    : Discovery Client initialized at timestamp 1788187959733 with initial instances count: 3
2026-08-31T20:22:39.734+05:30  INFO 16392 --- [FoodServiceApp] [restartedMain] o.s.c.n.e.s.EurekaServiceRegistry        : Registering application FOODSERVICEAPP with eureka with status UP
2026-08-31T20:22:39.735+05:30  INFO 16392 --- [FoodServiceApp] [restartedMain] com.netflix.discovery.DiscoveryClient    : Saw local status change event StatusChangeEvent [timestamp=1788187959735, current=UP, previous=STARTING]
2026-08-31T20:22:39.735+05:30  INFO 16392 --- [FoodServiceApp] [DiscoveryClient-InstanceInfoReplicator-%d] com.netflix.discovery.DiscoveryClient    : DiscoveryClient_FOODSERVICEAPP/LP-TZD-85010939.IN.COFORGETECH.COM:FoodServiceApp:9091: registering service...
2026-08-31T20:22:39.747+05:30  INFO 16392 --- [FoodServiceApp] [restartedMain] o.s.boot.tomcat.TomcatWebServer          : Tomcat started on port 9091 (http) with context path '/'
2026-08-31T20:22:39.747+05:30  INFO 16392 --- [FoodServiceApp] [restartedMain] .s.c.n.e.s.EurekaAutoServiceRegistration : Updating port to 9091
2026-08-31T20:22:39.752+05:30  INFO 16392 --- [FoodServiceApp] [DiscoveryClient-InstanceInfoReplicator-%d] com.netflix.discovery.DiscoveryClient    : DiscoveryClient_FOODSERVICEAPP/LP-TZD-85010939.IN.COFORGETECH.COM:FoodServiceApp:9091 - registration status: 204
2026-08-31T20:22:39.756+05:30  INFO 16392 --- [FoodServiceApp] [restartedMain] com.foodapp.FoodServiceApplication       : Started FoodServiceApplication in 1.205 seconds (process running for 2539.438)
2026-08-31T20:22:39.758+05:30  INFO 16392 --- [FoodServiceApp] [restartedMain] .ConditionEvaluationDeltaLoggingListener : Condition evaluation unchanged
2026-08-31T20:25:08.692+05:30  INFO 16392 --- [FoodServiceApp] [File Watcher] rtingClassPathChangeChangedEventListener : Restarting due to 1 class path change (0 additions, 0 deletions, 1 modification)
2026-08-31T20:25:08.693+05:30  INFO 16392 --- [FoodServiceApp] [Thread-25] o.s.c.n.e.s.EurekaServiceRegistry        : Unregistering application FOODSERVICEAPP with eureka with status DOWN
2026-08-31T20:25:08.694+05:30  INFO 16392 --- [FoodServiceApp] [Thread-25] com.netflix.discovery.DiscoveryClient    : Saw local status change event StatusChangeEvent [timestamp=1788188108694, current=DOWN, previous=UP]
2026-08-31T20:25:08.694+05:30  INFO 16392 --- [FoodServiceApp] [DiscoveryClient-InstanceInfoReplicator-%d] com.netflix.discovery.DiscoveryClient    : DiscoveryClient_FOODSERVICEAPP/LP-TZD-85010939.IN.COFORGETECH.COM:FoodServiceApp:9091: registering service...
2026-08-31T20:25:08.695+05:30  INFO 16392 --- [FoodServiceApp] [Thread-25] o.s.boot.tomcat.GracefulShutdown         : Commencing graceful shutdown. Waiting for active requests to complete
2026-08-31T20:25:08.703+05:30  INFO 16392 --- [FoodServiceApp] [tomcat-shutdown] o.s.boot.tomcat.GracefulShutdown         : Graceful shutdown complete
2026-08-31T20:25:08.705+05:30  INFO 16392 --- [FoodServiceApp] [Thread-25] j.LocalContainerEntityManagerFactoryBean : Closing JPA EntityManagerFactory for persistence unit 'default'
2026-08-31T20:25:08.706+05:30  INFO 16392 --- [FoodServiceApp] [Thread-25] com.zaxxer.hikari.HikariDataSource       : HikariPool-5 - Shutdown initiated...
2026-08-31T20:25:08.710+05:30  INFO 16392 --- [FoodServiceApp] [DiscoveryClient-InstanceInfoReplicator-%d] com.netflix.discovery.DiscoveryClient    : DiscoveryClient_FOODSERVICEAPP/LP-TZD-85010939.IN.COFORGETECH.COM:FoodServiceApp:9091 - registration status: 204
2026-08-31T20:25:08.716+05:30  INFO 16392 --- [FoodServiceApp] [Thread-25] com.zaxxer.hikari.HikariDataSource       : HikariPool-5 - Shutdown completed.
2026-08-31T20:25:08.717+05:30  INFO 16392 --- [FoodServiceApp] [Thread-25] com.netflix.discovery.DiscoveryClient    : Shutting down DiscoveryClient ...
2026-08-31T20:25:11.731+05:30  WARN 16392 --- [FoodServiceApp] [DiscoveryClient-%d] c.netflix.discovery.TimedSupervisorTask  : task supervisor shutting down, can't accept the task
2026-08-31T20:25:11.731+05:30  INFO 16392 --- [FoodServiceApp] [Thread-25] com.netflix.discovery.DiscoveryClient    : Unregistering ...
2026-08-31T20:25:11.739+05:30  INFO 16392 --- [FoodServiceApp] [Thread-25] com.netflix.discovery.DiscoveryClient    : DiscoveryClient_FOODSERVICEAPP/LP-TZD-85010939.IN.COFORGETECH.COM:FoodServiceApp:9091 - deregister  status: 200
2026-08-31T20:25:11.740+05:30  INFO 16392 --- [FoodServiceApp] [Thread-25] com.netflix.discovery.DiscoveryClient    : Completed shut down of DiscoveryClient
2026-08-31T20:25:11.908+05:30  INFO 16392 --- [FoodServiceApp] [restartedMain] com.foodapp.FoodServiceApplication       : Starting FoodServiceApplication using Java 21.0.2 with PID 16392 (C:\Users\khushbu.1.sharma\eclipse-workspace\Project foodService Application\FoodServiceApp\target\classes started by KHUSHBU.1.SHARMA in C:\Users\khushbu.1.sharma\eclipse-workspace\Project foodService Application\FoodServiceApp)
2026-08-31T20:25:11.908+05:30  INFO 16392 --- [FoodServiceApp] [restartedMain] com.foodapp.FoodServiceApplication       : No active profile set, falling back to 1 default profile: "default"
2026-08-31T20:25:12.125+05:30  INFO 16392 --- [FoodServiceApp] [restartedMain] .s.d.r.c.RepositoryConfigurationDelegate : Bootstrapping Spring Data JPA repositories in DEFAULT mode.
2026-08-31T20:25:12.141+05:30  INFO 16392 --- [FoodServiceApp] [restartedMain] .s.d.r.c.RepositoryConfigurationDelegate : Finished Spring Data repository scanning in 14 ms. Found 1 JPA repository interface.
2026-08-31T20:25:12.219+05:30  INFO 16392 --- [FoodServiceApp] [restartedMain] o.s.cloud.context.scope.GenericScope     : BeanFactory id=9931cc8f-4ea7-3474-8a12-35008d9774ef
2026-08-31T20:25:12.283+05:30  INFO 16392 --- [FoodServiceApp] [restartedMain] o.s.boot.tomcat.TomcatWebServer          : Tomcat initialized with port 9091 (http)
2026-08-31T20:25:12.284+05:30  INFO 16392 --- [FoodServiceApp] [restartedMain] o.apache.catalina.core.StandardService   : Starting service [Tomcat]
2026-08-31T20:25:12.284+05:30  INFO 16392 --- [FoodServiceApp] [restartedMain] o.apache.catalina.core.StandardEngine    : Starting Servlet engine: [Apache Tomcat/11.0.22]
2026-08-31T20:25:12.347+05:30  INFO 16392 --- [FoodServiceApp] [restartedMain] b.w.c.s.WebApplicationContextInitializer : Root WebApplicationContext: initialization completed in 437 ms
2026-08-31T20:25:12.417+05:30  INFO 16392 --- [FoodServiceApp] [restartedMain] org.hibernate.orm.jpa                    : HHH008540: Processing PersistenceUnitInfo [name: default]
2026-08-31T20:25:12.451+05:30  INFO 16392 --- [FoodServiceApp] [restartedMain] o.s.o.j.p.SpringPersistenceUnitInfo      : No LoadTimeWeaver setup: ignoring JPA class transformer
2026-08-31T20:25:12.453+05:30  INFO 16392 --- [FoodServiceApp] [restartedMain] com.zaxxer.hikari.HikariDataSource       : HikariPool-6 - Starting...
2026-08-31T20:25:12.468+05:30  INFO 16392 --- [FoodServiceApp] [restartedMain] com.zaxxer.hikari.pool.HikariPool        : HikariPool-6 - Added connection com.mysql.cj.jdbc.ConnectionImpl@712d1a69
2026-08-31T20:25:12.469+05:30  INFO 16392 --- [FoodServiceApp] [restartedMain] com.zaxxer.hikari.HikariDataSource       : HikariPool-6 - Start completed.
2026-08-31T20:25:12.471+05:30  INFO 16392 --- [FoodServiceApp] [restartedMain] org.hibernate.orm.connections.pooling    : HHH10001005: Database info:
	Database JDBC URL [jdbc:mysql://localhost:3306/cfg11]
	Database driver: MySQL Connector/J
	Database dialect: MySQLDialect
	Database version: 8.0.46
	Default catalog/schema: cfg11/undefined
	Autocommit mode: undefined/unknown
	Isolation level: REPEATABLE_READ [default REPEATABLE_READ]
	JDBC fetch size: none
	Pool: DataSourceConnectionProvider
	Minimum pool size: undefined/unknown
	Maximum pool size: undefined/unknown
2026-08-31T20:25:12.524+05:30  INFO 16392 --- [FoodServiceApp] [restartedMain] org.hibernate.orm.core                   : HHH000489: No JTA platform available (set 'hibernate.transaction.jta.platform' to enable JTA platform integration)
2026-08-31T20:25:12.537+05:30  INFO 16392 --- [FoodServiceApp] [restartedMain] j.LocalContainerEntityManagerFactoryBean : Initialized JPA EntityManagerFactory for persistence unit 'default'
2026-08-31T20:25:12.599+05:30  WARN 16392 --- [FoodServiceApp] [restartedMain] JpaBaseConfiguration$JpaWebConfiguration : spring.jpa.open-in-view is enabled by default. Therefore, database queries may be performed during view rendering. Explicitly configure spring.jpa.open-in-view to disable this warning
2026-08-31T20:25:12.634+05:30  INFO 16392 --- [FoodServiceApp] [restartedMain] o.s.c.openfeign.FeignClientFactoryBean   : For 'APPUSER' URL not provided. Will try picking an instance via load-balancing.
2026-08-31T20:25:12.803+05:30  INFO 16392 --- [FoodServiceApp] [restartedMain] DiscoveryClientOptionalArgsConfiguration : Eureka HTTP Client uses RestClient.
2026-08-31T20:25:12.819+05:30  WARN 16392 --- [FoodServiceApp] [restartedMain] iguration$LoadBalancerCaffeineWarnLogger : Spring Cloud LoadBalancer is currently working with the default cache. While this cache implementation is useful for development and tests, it's recommended to use Caffeine cache in production.You can switch to using Caffeine cache, by adding it and org.springframework.cache.caffeine.CaffeineCacheManager to the classpath.
2026-08-31T20:25:12.838+05:30  INFO 16392 --- [FoodServiceApp] [restartedMain] o.s.c.n.eureka.InstanceInfoFactory       : Setting initial instance status as: STARTING
2026-08-31T20:25:12.841+05:30  INFO 16392 --- [FoodServiceApp] [restartedMain] com.netflix.discovery.DiscoveryClient    : Initializing Eureka in region us-east-1
2026-08-31T20:25:12.841+05:30  INFO 16392 --- [FoodServiceApp] [restartedMain] c.n.d.s.r.aws.ConfigClusterResolver      : Resolving eureka endpoints via configuration
2026-08-31T20:25:12.842+05:30  INFO 16392 --- [FoodServiceApp] [restartedMain] com.netflix.discovery.DiscoveryClient    : Disable delta property : false
2026-08-31T20:25:12.842+05:30  INFO 16392 --- [FoodServiceApp] [restartedMain] com.netflix.discovery.DiscoveryClient    : Single vip registry refresh property : null
2026-08-31T20:25:12.842+05:30  INFO 16392 --- [FoodServiceApp] [restartedMain] com.netflix.discovery.DiscoveryClient    : Force full registry fetch : false
2026-08-31T20:25:12.843+05:30  INFO 16392 --- [FoodServiceApp] [restartedMain] com.netflix.discovery.DiscoveryClient    : Application is null : false
2026-08-31T20:25:12.843+05:30  INFO 16392 --- [FoodServiceApp] [restartedMain] com.netflix.discovery.DiscoveryClient    : Registered Applications size is zero : true
2026-08-31T20:25:12.843+05:30  INFO 16392 --- [FoodServiceApp] [restartedMain] com.netflix.discovery.DiscoveryClient    : Application version is -1: true
2026-08-31T20:25:12.843+05:30  INFO 16392 --- [FoodServiceApp] [restartedMain] com.netflix.discovery.DiscoveryClient    : Getting all instance registry info from the eureka server
2026-08-31T20:25:12.861+05:30  INFO 16392 --- [FoodServiceApp] [restartedMain] com.netflix.discovery.DiscoveryClient    : The response status is 200
2026-08-31T20:25:12.862+05:30  INFO 16392 --- [FoodServiceApp] [restartedMain] com.netflix.discovery.DiscoveryClient    : Starting heartbeat executor: renew interval is: 30
2026-08-31T20:25:12.863+05:30  INFO 16392 --- [FoodServiceApp] [restartedMain] c.n.discovery.InstanceInfoReplicator     : InstanceInfoReplicator onDemand update allowed rate per min is 4
2026-08-31T20:25:12.864+05:30  INFO 16392 --- [FoodServiceApp] [restartedMain] com.netflix.discovery.DiscoveryClient    : Discovery Client initialized at timestamp 1788188112864 with initial instances count: 3
2026-08-31T20:25:12.866+05:30  INFO 16392 --- [FoodServiceApp] [restartedMain] o.s.c.n.e.s.EurekaServiceRegistry        : Registering application FOODSERVICEAPP with eureka with status UP
2026-08-31T20:25:12.866+05:30  INFO 16392 --- [FoodServiceApp] [restartedMain] com.netflix.discovery.DiscoveryClient    : Saw local status change event StatusChangeEvent [timestamp=1788188112866, current=UP, previous=STARTING]
2026-08-31T20:25:12.867+05:30  INFO 16392 --- [FoodServiceApp] [DiscoveryClient-InstanceInfoReplicator-%d] com.netflix.discovery.DiscoveryClient    : DiscoveryClient_FOODSERVICEAPP/LP-TZD-85010939.IN.COFORGETECH.COM:FoodServiceApp:9091: registering service...
2026-08-31T20:25:12.876+05:30  INFO 16392 --- [FoodServiceApp] [restartedMain] o.s.boot.tomcat.TomcatWebServer          : Tomcat started on port 9091 (http) with context path '/'
2026-08-31T20:25:12.877+05:30  INFO 16392 --- [FoodServiceApp] [restartedMain] .s.c.n.e.s.EurekaAutoServiceRegistration : Updating port to 9091
2026-08-31T20:25:12.887+05:30  INFO 16392 --- [FoodServiceApp] [DiscoveryClient-InstanceInfoReplicator-%d] com.netflix.discovery.DiscoveryClient    : DiscoveryClient_FOODSERVICEAPP/LP-TZD-85010939.IN.COFORGETECH.COM:FoodServiceApp:9091 - registration status: 204
2026-08-31T20:25:12.888+05:30  INFO 16392 --- [FoodServiceApp] [restartedMain] com.foodapp.FoodServiceApplication       : Started FoodServiceApplication in 1.022 seconds (process running for 2692.57)
2026-08-31T20:25:12.890+05:30  INFO 16392 --- [FoodServiceApp] [restartedMain] .ConditionEvaluationDeltaLoggingListener : Condition evaluation unchanged
2026-08-31T20:28:09.571+05:30  INFO 16392 --- [FoodServiceApp] [File Watcher] rtingClassPathChangeChangedEventListener : Restarting due to 1 class path change (0 additions, 0 deletions, 1 modification)
2026-08-31T20:28:09.576+05:30  INFO 16392 --- [FoodServiceApp] [Thread-31] o.s.c.n.e.s.EurekaServiceRegistry        : Unregistering application FOODSERVICEAPP with eureka with status DOWN
2026-08-31T20:28:09.577+05:30  INFO 16392 --- [FoodServiceApp] [Thread-31] com.netflix.discovery.DiscoveryClient    : Saw local status change event StatusChangeEvent [timestamp=1788188289577, current=DOWN, previous=UP]
2026-08-31T20:28:09.577+05:30  INFO 16392 --- [FoodServiceApp] [DiscoveryClient-InstanceInfoReplicator-%d] com.netflix.discovery.DiscoveryClient    : DiscoveryClient_FOODSERVICEAPP/LP-TZD-85010939.IN.COFORGETECH.COM:FoodServiceApp:9091: registering service...
2026-08-31T20:28:09.579+05:30  INFO 16392 --- [FoodServiceApp] [Thread-31] o.s.boot.tomcat.GracefulShutdown         : Commencing graceful shutdown. Waiting for active requests to complete
2026-08-31T20:28:09.586+05:30  INFO 16392 --- [FoodServiceApp] [DiscoveryClient-InstanceInfoReplicator-%d] com.netflix.discovery.DiscoveryClient    : DiscoveryClient_FOODSERVICEAPP/LP-TZD-85010939.IN.COFORGETECH.COM:FoodServiceApp:9091 - registration status: 204
2026-08-31T20:28:09.590+05:30  INFO 16392 --- [FoodServiceApp] [tomcat-shutdown] o.s.boot.tomcat.GracefulShutdown         : Graceful shutdown complete
2026-08-31T20:28:09.594+05:30  INFO 16392 --- [FoodServiceApp] [Thread-31] j.LocalContainerEntityManagerFactoryBean : Closing JPA EntityManagerFactory for persistence unit 'default'
2026-08-31T20:28:09.595+05:30  INFO 16392 --- [FoodServiceApp] [Thread-31] com.zaxxer.hikari.HikariDataSource       : HikariPool-6 - Shutdown initiated...
2026-08-31T20:28:09.601+05:30  INFO 16392 --- [FoodServiceApp] [Thread-31] com.zaxxer.hikari.HikariDataSource       : HikariPool-6 - Shutdown completed.
2026-08-31T20:28:09.601+05:30  INFO 16392 --- [FoodServiceApp] [Thread-31] com.netflix.discovery.DiscoveryClient    : Shutting down DiscoveryClient ...
2026-08-31T20:28:12.616+05:30  INFO 16392 --- [FoodServiceApp] [Thread-31] com.netflix.discovery.DiscoveryClient    : Unregistering ...
2026-08-31T20:28:12.636+05:30  INFO 16392 --- [FoodServiceApp] [Thread-31] com.netflix.discovery.DiscoveryClient    : DiscoveryClient_FOODSERVICEAPP/LP-TZD-85010939.IN.COFORGETECH.COM:FoodServiceApp:9091 - deregister  status: 200
2026-08-31T20:28:12.637+05:30  INFO 16392 --- [FoodServiceApp] [Thread-31] com.netflix.discovery.DiscoveryClient    : Completed shut down of DiscoveryClient
2026-08-31T20:28:12.761+05:30  INFO 16392 --- [FoodServiceApp] [restartedMain] com.foodapp.FoodServiceApplication       : Starting FoodServiceApplication using Java 21.0.2 with PID 16392 (C:\Users\khushbu.1.sharma\eclipse-workspace\Project foodService Application\FoodServiceApp\target\classes started by KHUSHBU.1.SHARMA in C:\Users\khushbu.1.sharma\eclipse-workspace\Project foodService Application\FoodServiceApp)
2026-08-31T20:28:12.761+05:30  INFO 16392 --- [FoodServiceApp] [restartedMain] com.foodapp.FoodServiceApplication       : No active profile set, falling back to 1 default profile: "default"
2026-08-31T20:28:12.957+05:30  INFO 16392 --- [FoodServiceApp] [restartedMain] .s.d.r.c.RepositoryConfigurationDelegate : Bootstrapping Spring Data JPA repositories in DEFAULT mode.
2026-08-31T20:28:12.969+05:30  INFO 16392 --- [FoodServiceApp] [restartedMain] .s.d.r.c.RepositoryConfigurationDelegate : Finished Spring Data repository scanning in 10 ms. Found 1 JPA repository interface.
2026-08-31T20:28:13.019+05:30  INFO 16392 --- [FoodServiceApp] [restartedMain] o.s.cloud.context.scope.GenericScope     : BeanFactory id=9931cc8f-4ea7-3474-8a12-35008d9774ef
2026-08-31T20:28:13.077+05:30  INFO 16392 --- [FoodServiceApp] [restartedMain] o.s.boot.tomcat.TomcatWebServer          : Tomcat initialized with port 9091 (http)
2026-08-31T20:28:13.078+05:30  INFO 16392 --- [FoodServiceApp] [restartedMain] o.apache.catalina.core.StandardService   : Starting service [Tomcat]
2026-08-31T20:28:13.078+05:30  INFO 16392 --- [FoodServiceApp] [restartedMain] o.apache.catalina.core.StandardEngine    : Starting Servlet engine: [Apache Tomcat/11.0.22]
2026-08-31T20:28:13.133+05:30  INFO 16392 --- [FoodServiceApp] [restartedMain] b.w.c.s.WebApplicationContextInitializer : Root WebApplicationContext: initialization completed in 370 ms
2026-08-31T20:28:13.170+05:30  INFO 16392 --- [FoodServiceApp] [restartedMain] org.hibernate.orm.jpa                    : HHH008540: Processing PersistenceUnitInfo [name: default]
2026-08-31T20:28:13.200+05:30  INFO 16392 --- [FoodServiceApp] [restartedMain] o.s.o.j.p.SpringPersistenceUnitInfo      : No LoadTimeWeaver setup: ignoring JPA class transformer
2026-08-31T20:28:13.201+05:30  INFO 16392 --- [FoodServiceApp] [restartedMain] com.zaxxer.hikari.HikariDataSource       : HikariPool-7 - Starting...
2026-08-31T20:28:13.214+05:30  INFO 16392 --- [FoodServiceApp] [restartedMain] com.zaxxer.hikari.pool.HikariPool        : HikariPool-7 - Added connection com.mysql.cj.jdbc.ConnectionImpl@42d8f0ad
2026-08-31T20:28:13.215+05:30  INFO 16392 --- [FoodServiceApp] [restartedMain] com.zaxxer.hikari.HikariDataSource       : HikariPool-7 - Start completed.
2026-08-31T20:28:13.217+05:30  INFO 16392 --- [FoodServiceApp] [restartedMain] org.hibernate.orm.connections.pooling    : HHH10001005: Database info:
	Database JDBC URL [jdbc:mysql://localhost:3306/cfg11]
	Database driver: MySQL Connector/J
	Database dialect: MySQLDialect
	Database version: 8.0.46
	Default catalog/schema: cfg11/undefined
	Autocommit mode: undefined/unknown
	Isolation level: REPEATABLE_READ [default REPEATABLE_READ]
	JDBC fetch size: none
	Pool: DataSourceConnectionProvider
	Minimum pool size: undefined/unknown
	Maximum pool size: undefined/unknown
2026-08-31T20:28:13.263+05:30  INFO 16392 --- [FoodServiceApp] [restartedMain] org.hibernate.orm.core                   : HHH000489: No JTA platform available (set 'hibernate.transaction.jta.platform' to enable JTA platform integration)
2026-08-31T20:28:13.275+05:30  INFO 16392 --- [FoodServiceApp] [restartedMain] j.LocalContainerEntityManagerFactoryBean : Initialized JPA EntityManagerFactory for persistence unit 'default'
2026-08-31T20:28:13.330+05:30  WARN 16392 --- [FoodServiceApp] [restartedMain] JpaBaseConfiguration$JpaWebConfiguration : spring.jpa.open-in-view is enabled by default. Therefore, database queries may be performed during view rendering. Explicitly configure spring.jpa.open-in-view to disable this warning
2026-08-31T20:28:13.363+05:30  INFO 16392 --- [FoodServiceApp] [restartedMain] o.s.c.openfeign.FeignClientFactoryBean   : For 'APPUSER' URL not provided. Will try picking an instance via load-balancing.
2026-08-31T20:28:13.521+05:30  INFO 16392 --- [FoodServiceApp] [restartedMain] DiscoveryClientOptionalArgsConfiguration : Eureka HTTP Client uses RestClient.
2026-08-31T20:28:13.531+05:30  WARN 16392 --- [FoodServiceApp] [restartedMain] iguration$LoadBalancerCaffeineWarnLogger : Spring Cloud LoadBalancer is currently working with the default cache. While this cache implementation is useful for development and tests, it's recommended to use Caffeine cache in production.You can switch to using Caffeine cache, by adding it and org.springframework.cache.caffeine.CaffeineCacheManager to the classpath.
2026-08-31T20:28:13.545+05:30  INFO 16392 --- [FoodServiceApp] [restartedMain] o.s.c.n.eureka.InstanceInfoFactory       : Setting initial instance status as: STARTING
2026-08-31T20:28:13.547+05:30  INFO 16392 --- [FoodServiceApp] [restartedMain] com.netflix.discovery.DiscoveryClient    : Initializing Eureka in region us-east-1
2026-08-31T20:28:13.548+05:30  INFO 16392 --- [FoodServiceApp] [restartedMain] c.n.d.s.r.aws.ConfigClusterResolver      : Resolving eureka endpoints via configuration
2026-08-31T20:28:13.548+05:30  INFO 16392 --- [FoodServiceApp] [restartedMain] com.netflix.discovery.DiscoveryClient    : Disable delta property : false
2026-08-31T20:28:13.548+05:30  INFO 16392 --- [FoodServiceApp] [restartedMain] com.netflix.discovery.DiscoveryClient    : Single vip registry refresh property : null
2026-08-31T20:28:13.548+05:30  INFO 16392 --- [FoodServiceApp] [restartedMain] com.netflix.discovery.DiscoveryClient    : Force full registry fetch : false
2026-08-31T20:28:13.548+05:30  INFO 16392 --- [FoodServiceApp] [restartedMain] com.netflix.discovery.DiscoveryClient    : Application is null : false
2026-08-31T20:28:13.548+05:30  INFO 16392 --- [FoodServiceApp] [restartedMain] com.netflix.discovery.DiscoveryClient    : Registered Applications size is zero : true
2026-08-31T20:28:13.549+05:30  INFO 16392 --- [FoodServiceApp] [restartedMain] com.netflix.discovery.DiscoveryClient    : Application version is -1: true
2026-08-31T20:28:13.549+05:30  INFO 16392 --- [FoodServiceApp] [restartedMain] com.netflix.discovery.DiscoveryClient    : Getting all instance registry info from the eureka server
2026-08-31T20:28:13.569+05:30  INFO 16392 --- [FoodServiceApp] [restartedMain] com.netflix.discovery.DiscoveryClient    : The response status is 200
2026-08-31T20:28:13.570+05:30  INFO 16392 --- [FoodServiceApp] [restartedMain] com.netflix.discovery.DiscoveryClient    : Starting heartbeat executor: renew interval is: 30
2026-08-31T20:28:13.570+05:30  INFO 16392 --- [FoodServiceApp] [restartedMain] c.n.discovery.InstanceInfoReplicator     : InstanceInfoReplicator onDemand update allowed rate per min is 4
2026-08-31T20:28:13.571+05:30  INFO 16392 --- [FoodServiceApp] [restartedMain] com.netflix.discovery.DiscoveryClient    : Discovery Client initialized at timestamp 1788188293571 with initial instances count: 3
2026-08-31T20:28:13.572+05:30  INFO 16392 --- [FoodServiceApp] [restartedMain] o.s.c.n.e.s.EurekaServiceRegistry        : Registering application FOODSERVICEAPP with eureka with status UP
2026-08-31T20:28:13.572+05:30  INFO 16392 --- [FoodServiceApp] [restartedMain] com.netflix.discovery.DiscoveryClient    : Saw local status change event StatusChangeEvent [timestamp=1788188293572, current=UP, previous=STARTING]
2026-08-31T20:28:13.572+05:30  INFO 16392 --- [FoodServiceApp] [DiscoveryClient-InstanceInfoReplicator-%d] com.netflix.discovery.DiscoveryClient    : DiscoveryClient_FOODSERVICEAPP/LP-TZD-85010939.IN.COFORGETECH.COM:FoodServiceApp:9091: registering service...
2026-08-31T20:28:13.589+05:30  INFO 16392 --- [FoodServiceApp] [restartedMain] o.s.boot.tomcat.TomcatWebServer          : Tomcat started on port 9091 (http) with context path '/'
2026-08-31T20:28:13.590+05:30  INFO 16392 --- [FoodServiceApp] [restartedMain] .s.c.n.e.s.EurekaAutoServiceRegistration : Updating port to 9091
2026-08-31T20:28:13.597+05:30  INFO 16392 --- [FoodServiceApp] [DiscoveryClient-InstanceInfoReplicator-%d] com.netflix.discovery.DiscoveryClient    : DiscoveryClient_FOODSERVICEAPP/LP-TZD-85010939.IN.COFORGETECH.COM:FoodServiceApp:9091 - registration status: 204
2026-08-31T20:28:13.617+05:30  INFO 16392 --- [FoodServiceApp] [restartedMain] com.foodapp.FoodServiceApplication       : Started FoodServiceApplication in 0.893 seconds (process running for 2873.298)
2026-08-31T20:28:13.620+05:30  INFO 16392 --- [FoodServiceApp] [restartedMain] .ConditionEvaluationDeltaLoggingListener : Condition evaluation unchanged
2026-08-31T20:33:07.262+05:30  INFO 16392 --- [FoodServiceApp] [File Watcher] rtingClassPathChangeChangedEventListener : Restarting due to 1 class path change (0 additions, 0 deletions, 1 modification)
2026-08-31T20:33:07.263+05:30  INFO 16392 --- [FoodServiceApp] [Thread-37] o.s.c.n.e.s.EurekaServiceRegistry        : Unregistering application FOODSERVICEAPP with eureka with status DOWN
2026-08-31T20:33:07.264+05:30  INFO 16392 --- [FoodServiceApp] [Thread-37] com.netflix.discovery.DiscoveryClient    : Saw local status change event StatusChangeEvent [timestamp=1788188587264, current=DOWN, previous=UP]
2026-08-31T20:33:07.264+05:30  INFO 16392 --- [FoodServiceApp] [DiscoveryClient-InstanceInfoReplicator-%d] com.netflix.discovery.DiscoveryClient    : DiscoveryClient_FOODSERVICEAPP/LP-TZD-85010939.IN.COFORGETECH.COM:FoodServiceApp:9091: registering service...
2026-08-31T20:33:07.264+05:30  INFO 16392 --- [FoodServiceApp] [Thread-37] o.s.boot.tomcat.GracefulShutdown         : Commencing graceful shutdown. Waiting for active requests to complete
2026-08-31T20:33:07.270+05:30  INFO 16392 --- [FoodServiceApp] [tomcat-shutdown] o.s.boot.tomcat.GracefulShutdown         : Graceful shutdown complete
2026-08-31T20:33:07.274+05:30  INFO 16392 --- [FoodServiceApp] [Thread-37] j.LocalContainerEntityManagerFactoryBean : Closing JPA EntityManagerFactory for persistence unit 'default'
2026-08-31T20:33:07.275+05:30  INFO 16392 --- [FoodServiceApp] [Thread-37] com.zaxxer.hikari.HikariDataSource       : HikariPool-7 - Shutdown initiated...
2026-08-31T20:33:07.283+05:30  INFO 16392 --- [FoodServiceApp] [DiscoveryClient-InstanceInfoReplicator-%d] com.netflix.discovery.DiscoveryClient    : DiscoveryClient_FOODSERVICEAPP/LP-TZD-85010939.IN.COFORGETECH.COM:FoodServiceApp:9091 - registration status: 204
2026-08-31T20:33:07.288+05:30  INFO 16392 --- [FoodServiceApp] [Thread-37] com.zaxxer.hikari.HikariDataSource       : HikariPool-7 - Shutdown completed.
2026-08-31T20:33:07.290+05:30  INFO 16392 --- [FoodServiceApp] [Thread-37] com.netflix.discovery.DiscoveryClient    : Shutting down DiscoveryClient ...
2026-08-31T20:33:10.302+05:30  INFO 16392 --- [FoodServiceApp] [Thread-37] com.netflix.discovery.DiscoveryClient    : Unregistering ...
2026-08-31T20:33:10.321+05:30  INFO 16392 --- [FoodServiceApp] [Thread-37] com.netflix.discovery.DiscoveryClient    : DiscoveryClient_FOODSERVICEAPP/LP-TZD-85010939.IN.COFORGETECH.COM:FoodServiceApp:9091 - deregister  status: 200
2026-08-31T20:33:10.321+05:30  INFO 16392 --- [FoodServiceApp] [Thread-37] com.netflix.discovery.DiscoveryClient    : Completed shut down of DiscoveryClient
2026-08-31T20:33:10.446+05:30  INFO 16392 --- [FoodServiceApp] [restartedMain] com.foodapp.FoodServiceApplication       : Starting FoodServiceApplication using Java 21.0.2 with PID 16392 (C:\Users\khushbu.1.sharma\eclipse-workspace\Project foodService Application\FoodServiceApp\target\classes started by KHUSHBU.1.SHARMA in C:\Users\khushbu.1.sharma\eclipse-workspace\Project foodService Application\FoodServiceApp)
2026-08-31T20:33:10.447+05:30  INFO 16392 --- [FoodServiceApp] [restartedMain] com.foodapp.FoodServiceApplication       : No active profile set, falling back to 1 default profile: "default"
2026-08-31T20:33:10.617+05:30  INFO 16392 --- [FoodServiceApp] [restartedMain] .s.d.r.c.RepositoryConfigurationDelegate : Bootstrapping Spring Data JPA repositories in DEFAULT mode.
2026-08-31T20:33:10.629+05:30  INFO 16392 --- [FoodServiceApp] [restartedMain] .s.d.r.c.RepositoryConfigurationDelegate : Finished Spring Data repository scanning in 10 ms. Found 1 JPA repository interface.
2026-08-31T20:33:10.694+05:30  INFO 16392 --- [FoodServiceApp] [restartedMain] o.s.cloud.context.scope.GenericScope     : BeanFactory id=9931cc8f-4ea7-3474-8a12-35008d9774ef
2026-08-31T20:33:10.763+05:30  INFO 16392 --- [FoodServiceApp] [restartedMain] o.s.boot.tomcat.TomcatWebServer          : Tomcat initialized with port 9091 (http)
2026-08-31T20:33:10.764+05:30  INFO 16392 --- [FoodServiceApp] [restartedMain] o.apache.catalina.core.StandardService   : Starting service [Tomcat]
2026-08-31T20:33:10.765+05:30  INFO 16392 --- [FoodServiceApp] [restartedMain] o.apache.catalina.core.StandardEngine    : Starting Servlet engine: [Apache Tomcat/11.0.22]
2026-08-31T20:33:10.840+05:30  INFO 16392 --- [FoodServiceApp] [restartedMain] b.w.c.s.WebApplicationContextInitializer : Root WebApplicationContext: initialization completed in 391 ms
2026-08-31T20:33:10.889+05:30  INFO 16392 --- [FoodServiceApp] [restartedMain] org.hibernate.orm.jpa                    : HHH008540: Processing PersistenceUnitInfo [name: default]
2026-08-31T20:33:10.930+05:30  INFO 16392 --- [FoodServiceApp] [restartedMain] o.s.o.j.p.SpringPersistenceUnitInfo      : No LoadTimeWeaver setup: ignoring JPA class transformer
2026-08-31T20:33:10.932+05:30  INFO 16392 --- [FoodServiceApp] [restartedMain] com.zaxxer.hikari.HikariDataSource       : HikariPool-8 - Starting...
2026-08-31T20:33:10.947+05:30  INFO 16392 --- [FoodServiceApp] [restartedMain] com.zaxxer.hikari.pool.HikariPool        : HikariPool-8 - Added connection com.mysql.cj.jdbc.ConnectionImpl@6dde8496
2026-08-31T20:33:10.948+05:30  INFO 16392 --- [FoodServiceApp] [restartedMain] com.zaxxer.hikari.HikariDataSource       : HikariPool-8 - Start completed.
2026-08-31T20:33:10.950+05:30  INFO 16392 --- [FoodServiceApp] [restartedMain] org.hibernate.orm.connections.pooling    : HHH10001005: Database info:
	Database JDBC URL [jdbc:mysql://localhost:3306/cfg11]
	Database driver: MySQL Connector/J
	Database dialect: MySQLDialect
	Database version: 8.0.46
	Default catalog/schema: cfg11/undefined
	Autocommit mode: undefined/unknown
	Isolation level: REPEATABLE_READ [default REPEATABLE_READ]
	JDBC fetch size: none
	Pool: DataSourceConnectionProvider
	Minimum pool size: undefined/unknown
	Maximum pool size: undefined/unknown
2026-08-31T20:33:11.004+05:30  INFO 16392 --- [FoodServiceApp] [restartedMain] org.hibernate.orm.core                   : HHH000489: No JTA platform available (set 'hibernate.transaction.jta.platform' to enable JTA platform integration)
2026-08-31T20:33:11.014+05:30  INFO 16392 --- [FoodServiceApp] [restartedMain] j.LocalContainerEntityManagerFactoryBean : Initialized JPA EntityManagerFactory for persistence unit 'default'
2026-08-31T20:33:11.068+05:30  WARN 16392 --- [FoodServiceApp] [restartedMain] JpaBaseConfiguration$JpaWebConfiguration : spring.jpa.open-in-view is enabled by default. Therefore, database queries may be performed during view rendering. Explicitly configure spring.jpa.open-in-view to disable this warning
2026-08-31T20:33:11.107+05:30  INFO 16392 --- [FoodServiceApp] [restartedMain] o.s.c.openfeign.FeignClientFactoryBean   : For 'APPUSER' URL not provided. Will try picking an instance via load-balancing.
2026-08-31T20:33:11.287+05:30  INFO 16392 --- [FoodServiceApp] [restartedMain] DiscoveryClientOptionalArgsConfiguration : Eureka HTTP Client uses RestClient.
2026-08-31T20:33:11.298+05:30  WARN 16392 --- [FoodServiceApp] [restartedMain] iguration$LoadBalancerCaffeineWarnLogger : Spring Cloud LoadBalancer is currently working with the default cache. While this cache implementation is useful for development and tests, it's recommended to use Caffeine cache in production.You can switch to using Caffeine cache, by adding it and org.springframework.cache.caffeine.CaffeineCacheManager to the classpath.
2026-08-31T20:33:11.312+05:30  INFO 16392 --- [FoodServiceApp] [restartedMain] o.s.c.n.eureka.InstanceInfoFactory       : Setting initial instance status as: STARTING
2026-08-31T20:33:11.315+05:30  INFO 16392 --- [FoodServiceApp] [restartedMain] com.netflix.discovery.DiscoveryClient    : Initializing Eureka in region us-east-1
2026-08-31T20:33:11.315+05:30  INFO 16392 --- [FoodServiceApp] [restartedMain] c.n.d.s.r.aws.ConfigClusterResolver      : Resolving eureka endpoints via configuration
2026-08-31T20:33:11.315+05:30  INFO 16392 --- [FoodServiceApp] [restartedMain] com.netflix.discovery.DiscoveryClient    : Disable delta property : false
2026-08-31T20:33:11.316+05:30  INFO 16392 --- [FoodServiceApp] [restartedMain] com.netflix.discovery.DiscoveryClient    : Single vip registry refresh property : null
2026-08-31T20:33:11.316+05:30  INFO 16392 --- [FoodServiceApp] [restartedMain] com.netflix.discovery.DiscoveryClient    : Force full registry fetch : false
2026-08-31T20:33:11.316+05:30  INFO 16392 --- [FoodServiceApp] [restartedMain] com.netflix.discovery.DiscoveryClient    : Application is null : false
2026-08-31T20:33:11.316+05:30  INFO 16392 --- [FoodServiceApp] [restartedMain] com.netflix.discovery.DiscoveryClient    : Registered Applications size is zero : true
2026-08-31T20:33:11.316+05:30  INFO 16392 --- [FoodServiceApp] [restartedMain] com.netflix.discovery.DiscoveryClient    : Application version is -1: true
2026-08-31T20:33:11.317+05:30  INFO 16392 --- [FoodServiceApp] [restartedMain] com.netflix.discovery.DiscoveryClient    : Getting all instance registry info from the eureka server
2026-08-31T20:33:11.332+05:30  INFO 16392 --- [FoodServiceApp] [restartedMain] com.netflix.discovery.DiscoveryClient    : The response status is 200
2026-08-31T20:33:11.332+05:30  INFO 16392 --- [FoodServiceApp] [restartedMain] com.netflix.discovery.DiscoveryClient    : Starting heartbeat executor: renew interval is: 30
2026-08-31T20:33:11.333+05:30  INFO 16392 --- [FoodServiceApp] [restartedMain] c.n.discovery.InstanceInfoReplicator     : InstanceInfoReplicator onDemand update allowed rate per min is 4
2026-08-31T20:33:11.333+05:30  INFO 16392 --- [FoodServiceApp] [restartedMain] com.netflix.discovery.DiscoveryClient    : Discovery Client initialized at timestamp 1788188591333 with initial instances count: 3
2026-08-31T20:33:11.334+05:30  INFO 16392 --- [FoodServiceApp] [restartedMain] o.s.c.n.e.s.EurekaServiceRegistry        : Registering application FOODSERVICEAPP with eureka with status UP
2026-08-31T20:33:11.334+05:30  INFO 16392 --- [FoodServiceApp] [restartedMain] com.netflix.discovery.DiscoveryClient    : Saw local status change event StatusChangeEvent [timestamp=1788188591334, current=UP, previous=STARTING]
2026-08-31T20:33:11.334+05:30  INFO 16392 --- [FoodServiceApp] [DiscoveryClient-InstanceInfoReplicator-%d] com.netflix.discovery.DiscoveryClient    : DiscoveryClient_FOODSERVICEAPP/LP-TZD-85010939.IN.COFORGETECH.COM:FoodServiceApp:9091: registering service...
2026-08-31T20:33:11.345+05:30  INFO 16392 --- [FoodServiceApp] [restartedMain] o.s.boot.tomcat.TomcatWebServer          : Tomcat started on port 9091 (http) with context path '/'
2026-08-31T20:33:11.346+05:30  INFO 16392 --- [FoodServiceApp] [restartedMain] .s.c.n.e.s.EurekaAutoServiceRegistration : Updating port to 9091
2026-08-31T20:33:11.349+05:30  INFO 16392 --- [FoodServiceApp] [DiscoveryClient-InstanceInfoReplicator-%d] com.netflix.discovery.DiscoveryClient    : DiscoveryClient_FOODSERVICEAPP/LP-TZD-85010939.IN.COFORGETECH.COM:FoodServiceApp:9091 - registration status: 204
2026-08-31T20:33:11.357+05:30  INFO 16392 --- [FoodServiceApp] [restartedMain] com.foodapp.FoodServiceApplication       : Started FoodServiceApplication in 0.948 seconds (process running for 3171.038)
2026-08-31T20:33:11.359+05:30  INFO 16392 --- [FoodServiceApp] [restartedMain] .ConditionEvaluationDeltaLoggingListener : Condition evaluation unchanged
2026-08-31T20:38:11.323+05:30  INFO 16392 --- [FoodServiceApp] [AsyncResolver-bootstrap-executor-%d] c.n.d.s.r.aws.ConfigClusterResolver      : Resolving eureka endpoints via configuration
2026-08-31T20:48:54.162+05:30  WARN 16392 --- [FoodServiceApp] [HikariPool-8:housekeeper] com.zaxxer.hikari.pool.HikariPool        : HikariPool-8 - Thread starvation or clock leap detected (housekeeper delta=7m12s977ms647µs600ns).
2026-08-31T20:50:04.320+05:30  INFO 16392 --- [FoodServiceApp] [AsyncResolver-bootstrap-executor-%d] c.n.d.s.r.aws.ConfigClusterResolver      : Resolving eureka endpoints via configuration
2026-08-31T20:55:04.348+05:30  INFO 16392 --- [FoodServiceApp] [AsyncResolver-bootstrap-executor-%d] c.n.d.s.r.aws.ConfigClusterResolver      : Resolving eureka endpoints via configuration
2026-08-31T21:00:04.438+05:30  INFO 16392 --- [FoodServiceApp] [AsyncResolver-bootstrap-executor-%d] c.n.d.s.r.aws.ConfigClusterResolver      : Resolving eureka endpoints via configuration
2026-08-31T21:01:54.585+05:30  INFO 16392 --- [FoodServiceApp] [File Watcher] rtingClassPathChangeChangedEventListener : Restarting due to 2 class path changes (0 additions, 0 deletions, 2 modifications)
2026-08-31T21:01:54.586+05:30  INFO 16392 --- [FoodServiceApp] [Thread-43] o.s.c.n.e.s.EurekaServiceRegistry        : Unregistering application FOODSERVICEAPP with eureka with status DOWN
2026-08-31T21:01:54.587+05:30  INFO 16392 --- [FoodServiceApp] [Thread-43] com.netflix.discovery.DiscoveryClient    : Saw local status change event StatusChangeEvent [timestamp=1788190314587, current=DOWN, previous=UP]
2026-08-31T21:01:54.587+05:30  INFO 16392 --- [FoodServiceApp] [DiscoveryClient-InstanceInfoReplicator-%d] com.netflix.discovery.DiscoveryClient    : DiscoveryClient_FOODSERVICEAPP/LP-TZD-85010939.IN.COFORGETECH.COM:FoodServiceApp:9091: registering service...
2026-08-31T21:01:54.588+05:30  INFO 16392 --- [FoodServiceApp] [Thread-43] o.s.boot.tomcat.GracefulShutdown         : Commencing graceful shutdown. Waiting for active requests to complete
2026-08-31T21:01:54.595+05:30  INFO 16392 --- [FoodServiceApp] [tomcat-shutdown] o.s.boot.tomcat.GracefulShutdown         : Graceful shutdown complete
2026-08-31T21:01:54.598+05:30  INFO 16392 --- [FoodServiceApp] [Thread-43] j.LocalContainerEntityManagerFactoryBean : Closing JPA EntityManagerFactory for persistence unit 'default'
2026-08-31T21:01:54.598+05:30  INFO 16392 --- [FoodServiceApp] [Thread-43] com.zaxxer.hikari.HikariDataSource       : HikariPool-8 - Shutdown initiated...
2026-08-31T21:01:54.604+05:30  INFO 16392 --- [FoodServiceApp] [DiscoveryClient-InstanceInfoReplicator-%d] com.netflix.discovery.DiscoveryClient    : DiscoveryClient_FOODSERVICEAPP/LP-TZD-85010939.IN.COFORGETECH.COM:FoodServiceApp:9091 - registration status: 204
2026-08-31T21:01:54.605+05:30  INFO 16392 --- [FoodServiceApp] [Thread-43] com.zaxxer.hikari.HikariDataSource       : HikariPool-8 - Shutdown completed.
2026-08-31T21:01:54.606+05:30  INFO 16392 --- [FoodServiceApp] [Thread-43] com.netflix.discovery.DiscoveryClient    : Shutting down DiscoveryClient ...
2026-08-31T21:01:57.615+05:30  INFO 16392 --- [FoodServiceApp] [Thread-43] com.netflix.discovery.DiscoveryClient    : Unregistering ...
2026-08-31T21:01:57.633+05:30  INFO 16392 --- [FoodServiceApp] [Thread-43] com.netflix.discovery.DiscoveryClient    : DiscoveryClient_FOODSERVICEAPP/LP-TZD-85010939.IN.COFORGETECH.COM:FoodServiceApp:9091 - deregister  status: 200
2026-08-31T21:01:57.633+05:30  INFO 16392 --- [FoodServiceApp] [Thread-43] com.netflix.discovery.DiscoveryClient    : Completed shut down of DiscoveryClient
2026-08-31T21:01:57.748+05:30  INFO 16392 --- [FoodServiceApp] [restartedMain] com.foodapp.FoodServiceApplication       : Starting FoodServiceApplication using Java 21.0.2 with PID 16392 (C:\Users\khushbu.1.sharma\eclipse-workspace\Project foodService Application\FoodServiceApp\target\classes started by KHUSHBU.1.SHARMA in C:\Users\khushbu.1.sharma\eclipse-workspace\Project foodService Application\FoodServiceApp)
2026-08-31T21:01:57.748+05:30  INFO 16392 --- [FoodServiceApp] [restartedMain] com.foodapp.FoodServiceApplication       : No active profile set, falling back to 1 default profile: "default"
2026-08-31T21:01:57.927+05:30  INFO 16392 --- [FoodServiceApp] [restartedMain] .s.d.r.c.RepositoryConfigurationDelegate : Bootstrapping Spring Data JPA repositories in DEFAULT mode.
2026-08-31T21:01:57.941+05:30  INFO 16392 --- [FoodServiceApp] [restartedMain] .s.d.r.c.RepositoryConfigurationDelegate : Finished Spring Data repository scanning in 12 ms. Found 1 JPA repository interface.
2026-08-31T21:01:57.996+05:30  INFO 16392 --- [FoodServiceApp] [restartedMain] o.s.cloud.context.scope.GenericScope     : BeanFactory id=9931cc8f-4ea7-3474-8a12-35008d9774ef
2026-08-31T21:01:58.053+05:30  INFO 16392 --- [FoodServiceApp] [restartedMain] o.s.boot.tomcat.TomcatWebServer          : Tomcat initialized with port 9091 (http)
2026-08-31T21:01:58.053+05:30  INFO 16392 --- [FoodServiceApp] [restartedMain] o.apache.catalina.core.StandardService   : Starting service [Tomcat]
2026-08-31T21:01:58.054+05:30  INFO 16392 --- [FoodServiceApp] [restartedMain] o.apache.catalina.core.StandardEngine    : Starting Servlet engine: [Apache Tomcat/11.0.22]
2026-08-31T21:01:58.104+05:30  INFO 16392 --- [FoodServiceApp] [restartedMain] b.w.c.s.WebApplicationContextInitializer : Root WebApplicationContext: initialization completed in 354 ms
2026-08-31T21:01:58.148+05:30  INFO 16392 --- [FoodServiceApp] [restartedMain] org.hibernate.orm.jpa                    : HHH008540: Processing PersistenceUnitInfo [name: default]
2026-08-31T21:01:58.197+05:30  INFO 16392 --- [FoodServiceApp] [restartedMain] o.s.o.j.p.SpringPersistenceUnitInfo      : No LoadTimeWeaver setup: ignoring JPA class transformer
2026-08-31T21:01:58.198+05:30  INFO 16392 --- [FoodServiceApp] [restartedMain] com.zaxxer.hikari.HikariDataSource       : HikariPool-9 - Starting...
2026-08-31T21:01:58.211+05:30  INFO 16392 --- [FoodServiceApp] [restartedMain] com.zaxxer.hikari.pool.HikariPool        : HikariPool-9 - Added connection com.mysql.cj.jdbc.ConnectionImpl@16b41a21
2026-08-31T21:01:58.212+05:30  INFO 16392 --- [FoodServiceApp] [restartedMain] com.zaxxer.hikari.HikariDataSource       : HikariPool-9 - Start completed.
2026-08-31T21:01:58.213+05:30  INFO 16392 --- [FoodServiceApp] [restartedMain] org.hibernate.orm.connections.pooling    : HHH10001005: Database info:
	Database JDBC URL [jdbc:mysql://localhost:3306/cfg11]
	Database driver: MySQL Connector/J
	Database dialect: MySQLDialect
	Database version: 8.0.46
	Default catalog/schema: cfg11/undefined
	Autocommit mode: undefined/unknown
	Isolation level: REPEATABLE_READ [default REPEATABLE_READ]
	JDBC fetch size: none
	Pool: DataSourceConnectionProvider
	Minimum pool size: undefined/unknown
	Maximum pool size: undefined/unknown
2026-08-31T21:01:58.262+05:30  INFO 16392 --- [FoodServiceApp] [restartedMain] org.hibernate.orm.core                   : HHH000489: No JTA platform available (set 'hibernate.transaction.jta.platform' to enable JTA platform integration)
2026-08-31T21:01:58.272+05:30  INFO 16392 --- [FoodServiceApp] [restartedMain] j.LocalContainerEntityManagerFactoryBean : Initialized JPA EntityManagerFactory for persistence unit 'default'
2026-08-31T21:01:58.321+05:30  WARN 16392 --- [FoodServiceApp] [restartedMain] JpaBaseConfiguration$JpaWebConfiguration : spring.jpa.open-in-view is enabled by default. Therefore, database queries may be performed during view rendering. Explicitly configure spring.jpa.open-in-view to disable this warning
2026-08-31T21:01:58.347+05:30  INFO 16392 --- [FoodServiceApp] [restartedMain] o.s.c.openfeign.FeignClientFactoryBean   : For 'APPUSER' URL not provided. Will try picking an instance via load-balancing.
2026-08-31T21:01:58.499+05:30  INFO 16392 --- [FoodServiceApp] [restartedMain] DiscoveryClientOptionalArgsConfiguration : Eureka HTTP Client uses RestClient.
2026-08-31T21:01:58.521+05:30  WARN 16392 --- [FoodServiceApp] [restartedMain] iguration$LoadBalancerCaffeineWarnLogger : Spring Cloud LoadBalancer is currently working with the default cache. While this cache implementation is useful for development and tests, it's recommended to use Caffeine cache in production.You can switch to using Caffeine cache, by adding it and org.springframework.cache.caffeine.CaffeineCacheManager to the classpath.
2026-08-31T21:01:58.536+05:30  INFO 16392 --- [FoodServiceApp] [restartedMain] o.s.c.n.eureka.InstanceInfoFactory       : Setting initial instance status as: STARTING
2026-08-31T21:01:58.540+05:30  INFO 16392 --- [FoodServiceApp] [restartedMain] com.netflix.discovery.DiscoveryClient    : Initializing Eureka in region us-east-1
2026-08-31T21:01:58.540+05:30  INFO 16392 --- [FoodServiceApp] [restartedMain] c.n.d.s.r.aws.ConfigClusterResolver      : Resolving eureka endpoints via configuration
2026-08-31T21:01:58.540+05:30  INFO 16392 --- [FoodServiceApp] [restartedMain] com.netflix.discovery.DiscoveryClient    : Disable delta property : false
2026-08-31T21:01:58.540+05:30  INFO 16392 --- [FoodServiceApp] [restartedMain] com.netflix.discovery.DiscoveryClient    : Single vip registry refresh property : null
2026-08-31T21:01:58.541+05:30  INFO 16392 --- [FoodServiceApp] [restartedMain] com.netflix.discovery.DiscoveryClient    : Force full registry fetch : false
2026-08-31T21:01:58.541+05:30  INFO 16392 --- [FoodServiceApp] [restartedMain] com.netflix.discovery.DiscoveryClient    : Application is null : false
2026-08-31T21:01:58.541+05:30  INFO 16392 --- [FoodServiceApp] [restartedMain] com.netflix.discovery.DiscoveryClient    : Registered Applications size is zero : true
2026-08-31T21:01:58.541+05:30  INFO 16392 --- [FoodServiceApp] [restartedMain] com.netflix.discovery.DiscoveryClient    : Application version is -1: true
2026-08-31T21:01:58.541+05:30  INFO 16392 --- [FoodServiceApp] [restartedMain] com.netflix.discovery.DiscoveryClient    : Getting all instance registry info from the eureka server
2026-08-31T21:01:58.569+05:30  INFO 16392 --- [FoodServiceApp] [restartedMain] com.netflix.discovery.DiscoveryClient    : The response status is 200
2026-08-31T21:01:58.570+05:30  INFO 16392 --- [FoodServiceApp] [restartedMain] com.netflix.discovery.DiscoveryClient    : Starting heartbeat executor: renew interval is: 30
2026-08-31T21:01:58.571+05:30  INFO 16392 --- [FoodServiceApp] [restartedMain] c.n.discovery.InstanceInfoReplicator     : InstanceInfoReplicator onDemand update allowed rate per min is 4
2026-08-31T21:01:58.572+05:30  INFO 16392 --- [FoodServiceApp] [restartedMain] com.netflix.discovery.DiscoveryClient    : Discovery Client initialized at timestamp 1788190318572 with initial instances count: 3
2026-08-31T21:01:58.573+05:30  INFO 16392 --- [FoodServiceApp] [restartedMain] o.s.c.n.e.s.EurekaServiceRegistry        : Registering application FOODSERVICEAPP with eureka with status UP
2026-08-31T21:01:58.574+05:30  INFO 16392 --- [FoodServiceApp] [restartedMain] com.netflix.discovery.DiscoveryClient    : Saw local status change event StatusChangeEvent [timestamp=1788190318574, current=UP, previous=STARTING]
2026-08-31T21:01:58.580+05:30  INFO 16392 --- [FoodServiceApp] [DiscoveryClient-InstanceInfoReplicator-%d] com.netflix.discovery.DiscoveryClient    : DiscoveryClient_FOODSERVICEAPP/LP-TZD-85010939.IN.COFORGETECH.COM:FoodServiceApp:9091: registering service...
2026-08-31T21:01:58.584+05:30  INFO 16392 --- [FoodServiceApp] [restartedMain] o.s.boot.tomcat.TomcatWebServer          : Tomcat started on port 9091 (http) with context path '/'
2026-08-31T21:01:58.585+05:30  INFO 16392 --- [FoodServiceApp] [restartedMain] .s.c.n.e.s.EurekaAutoServiceRegistration : Updating port to 9091
2026-08-31T21:01:58.605+05:30  INFO 16392 --- [FoodServiceApp] [DiscoveryClient-InstanceInfoReplicator-%d] com.netflix.discovery.DiscoveryClient    : DiscoveryClient_FOODSERVICEAPP/LP-TZD-85010939.IN.COFORGETECH.COM:FoodServiceApp:9091 - registration status: 204
2026-08-31T21:01:58.637+05:30  INFO 16392 --- [FoodServiceApp] [restartedMain] com.foodapp.FoodServiceApplication       : Started FoodServiceApplication in 0.922 seconds (process running for 4898.227)
2026-08-31T21:01:58.639+05:30  INFO 16392 --- [FoodServiceApp] [restartedMain] .ConditionEvaluationDeltaLoggingListener : Condition evaluation unchanged
2026-08-31T21:02:08.177+05:30  INFO 16392 --- [FoodServiceApp] [File Watcher] rtingClassPathChangeChangedEventListener : Restarting due to 1 class path change (0 additions, 0 deletions, 1 modification)
2026-08-31T21:02:08.178+05:30  INFO 16392 --- [FoodServiceApp] [Thread-49] o.s.c.n.e.s.EurekaServiceRegistry        : Unregistering application FOODSERVICEAPP with eureka with status DOWN
2026-08-31T21:02:08.179+05:30  INFO 16392 --- [FoodServiceApp] [Thread-49] com.netflix.discovery.DiscoveryClient    : Saw local status change event StatusChangeEvent [timestamp=1788190328179, current=DOWN, previous=UP]
2026-08-31T21:02:08.179+05:30  INFO 16392 --- [FoodServiceApp] [DiscoveryClient-InstanceInfoReplicator-%d] com.netflix.discovery.DiscoveryClient    : DiscoveryClient_FOODSERVICEAPP/LP-TZD-85010939.IN.COFORGETECH.COM:FoodServiceApp:9091: registering service...
2026-08-31T21:02:08.180+05:30  INFO 16392 --- [FoodServiceApp] [Thread-49] o.s.boot.tomcat.GracefulShutdown         : Commencing graceful shutdown. Waiting for active requests to complete
2026-08-31T21:02:08.187+05:30  INFO 16392 --- [FoodServiceApp] [tomcat-shutdown] o.s.boot.tomcat.GracefulShutdown         : Graceful shutdown complete
2026-08-31T21:02:08.190+05:30  INFO 16392 --- [FoodServiceApp] [Thread-49] j.LocalContainerEntityManagerFactoryBean : Closing JPA EntityManagerFactory for persistence unit 'default'
2026-08-31T21:02:08.191+05:30  INFO 16392 --- [FoodServiceApp] [Thread-49] com.zaxxer.hikari.HikariDataSource       : HikariPool-9 - Shutdown initiated...
2026-08-31T21:02:08.194+05:30  INFO 16392 --- [FoodServiceApp] [DiscoveryClient-InstanceInfoReplicator-%d] com.netflix.discovery.DiscoveryClient    : DiscoveryClient_FOODSERVICEAPP/LP-TZD-85010939.IN.COFORGETECH.COM:FoodServiceApp:9091 - registration status: 204
2026-08-31T21:02:08.196+05:30  INFO 16392 --- [FoodServiceApp] [Thread-49] com.zaxxer.hikari.HikariDataSource       : HikariPool-9 - Shutdown completed.
2026-08-31T21:02:08.197+05:30  INFO 16392 --- [FoodServiceApp] [Thread-49] com.netflix.discovery.DiscoveryClient    : Shutting down DiscoveryClient ...
2026-08-31T21:02:11.207+05:30  INFO 16392 --- [FoodServiceApp] [Thread-49] com.netflix.discovery.DiscoveryClient    : Unregistering ...
2026-08-31T21:02:11.225+05:30  INFO 16392 --- [FoodServiceApp] [Thread-49] com.netflix.discovery.DiscoveryClient    : DiscoveryClient_FOODSERVICEAPP/LP-TZD-85010939.IN.COFORGETECH.COM:FoodServiceApp:9091 - deregister  status: 200
2026-08-31T21:02:11.226+05:30  INFO 16392 --- [FoodServiceApp] [Thread-49] com.netflix.discovery.DiscoveryClient    : Completed shut down of DiscoveryClient
2026-08-31T21:02:11.363+05:30  INFO 16392 --- [FoodServiceApp] [restartedMain] com.foodapp.FoodServiceApplication       : Starting FoodServiceApplication using Java 21.0.2 with PID 16392 (C:\Users\khushbu.1.sharma\eclipse-workspace\Project foodService Application\FoodServiceApp\target\classes started by KHUSHBU.1.SHARMA in C:\Users\khushbu.1.sharma\eclipse-workspace\Project foodService Application\FoodServiceApp)
2026-08-31T21:02:11.364+05:30  INFO 16392 --- [FoodServiceApp] [restartedMain] com.foodapp.FoodServiceApplication       : No active profile set, falling back to 1 default profile: "default"
2026-08-31T21:02:11.593+05:30  INFO 16392 --- [FoodServiceApp] [restartedMain] .s.d.r.c.RepositoryConfigurationDelegate : Bootstrapping Spring Data JPA repositories in DEFAULT mode.
2026-08-31T21:02:11.606+05:30  INFO 16392 --- [FoodServiceApp] [restartedMain] .s.d.r.c.RepositoryConfigurationDelegate : Finished Spring Data repository scanning in 12 ms. Found 1 JPA repository interface.
2026-08-31T21:02:11.685+05:30  INFO 16392 --- [FoodServiceApp] [restartedMain] o.s.cloud.context.scope.GenericScope     : BeanFactory id=9931cc8f-4ea7-3474-8a12-35008d9774ef
2026-08-31T21:02:11.749+05:30  INFO 16392 --- [FoodServiceApp] [restartedMain] o.s.boot.tomcat.TomcatWebServer          : Tomcat initialized with port 9091 (http)
2026-08-31T21:02:11.750+05:30  INFO 16392 --- [FoodServiceApp] [restartedMain] o.apache.catalina.core.StandardService   : Starting service [Tomcat]
2026-08-31T21:02:11.750+05:30  INFO 16392 --- [FoodServiceApp] [restartedMain] o.apache.catalina.core.StandardEngine    : Starting Servlet engine: [Apache Tomcat/11.0.22]
2026-08-31T21:02:11.814+05:30  INFO 16392 --- [FoodServiceApp] [restartedMain] b.w.c.s.WebApplicationContextInitializer : Root WebApplicationContext: initialization completed in 447 ms
2026-08-31T21:02:11.857+05:30  INFO 16392 --- [FoodServiceApp] [restartedMain] org.hibernate.orm.jpa                    : HHH008540: Processing PersistenceUnitInfo [name: default]
2026-08-31T21:02:11.906+05:30  INFO 16392 --- [FoodServiceApp] [restartedMain] o.s.o.j.p.SpringPersistenceUnitInfo      : No LoadTimeWeaver setup: ignoring JPA class transformer
2026-08-31T21:02:11.909+05:30  INFO 16392 --- [FoodServiceApp] [restartedMain] com.zaxxer.hikari.HikariDataSource       : HikariPool-10 - Starting...
2026-08-31T21:02:11.935+05:30  INFO 16392 --- [FoodServiceApp] [restartedMain] com.zaxxer.hikari.pool.HikariPool        : HikariPool-10 - Added connection com.mysql.cj.jdbc.ConnectionImpl@31cb320a
2026-08-31T21:02:11.936+05:30  INFO 16392 --- [FoodServiceApp] [restartedMain] com.zaxxer.hikari.HikariDataSource       : HikariPool-10 - Start completed.
2026-08-31T21:02:11.942+05:30  INFO 16392 --- [FoodServiceApp] [restartedMain] org.hibernate.orm.connections.pooling    : HHH10001005: Database info:
	Database JDBC URL [jdbc:mysql://localhost:3306/cfg11]
	Database driver: MySQL Connector/J
	Database dialect: MySQLDialect
	Database version: 8.0.46
	Default catalog/schema: cfg11/undefined
	Autocommit mode: undefined/unknown
	Isolation level: REPEATABLE_READ [default REPEATABLE_READ]
	JDBC fetch size: none
	Pool: DataSourceConnectionProvider
	Minimum pool size: undefined/unknown
	Maximum pool size: undefined/unknown
2026-08-31T21:02:12.006+05:30  INFO 16392 --- [FoodServiceApp] [restartedMain] org.hibernate.orm.core                   : HHH000489: No JTA platform available (set 'hibernate.transaction.jta.platform' to enable JTA platform integration)
2026-08-31T21:02:12.017+05:30  INFO 16392 --- [FoodServiceApp] [restartedMain] j.LocalContainerEntityManagerFactoryBean : Initialized JPA EntityManagerFactory for persistence unit 'default'
2026-08-31T21:02:12.082+05:30  WARN 16392 --- [FoodServiceApp] [restartedMain] JpaBaseConfiguration$JpaWebConfiguration : spring.jpa.open-in-view is enabled by default. Therefore, database queries may be performed during view rendering. Explicitly configure spring.jpa.open-in-view to disable this warning
2026-08-31T21:02:12.119+05:30  INFO 16392 --- [FoodServiceApp] [restartedMain] o.s.c.openfeign.FeignClientFactoryBean   : For 'APPUSER' URL not provided. Will try picking an instance via load-balancing.
2026-08-31T21:02:12.263+05:30  INFO 16392 --- [FoodServiceApp] [restartedMain] DiscoveryClientOptionalArgsConfiguration : Eureka HTTP Client uses RestClient.
2026-08-31T21:02:12.271+05:30  WARN 16392 --- [FoodServiceApp] [restartedMain] iguration$LoadBalancerCaffeineWarnLogger : Spring Cloud LoadBalancer is currently working with the default cache. While this cache implementation is useful for development and tests, it's recommended to use Caffeine cache in production.You can switch to using Caffeine cache, by adding it and org.springframework.cache.caffeine.CaffeineCacheManager to the classpath.
2026-08-31T21:02:12.280+05:30  INFO 16392 --- [FoodServiceApp] [restartedMain] o.s.c.n.eureka.InstanceInfoFactory       : Setting initial instance status as: STARTING
2026-08-31T21:02:12.282+05:30  INFO 16392 --- [FoodServiceApp] [restartedMain] com.netflix.discovery.DiscoveryClient    : Initializing Eureka in region us-east-1
2026-08-31T21:02:12.283+05:30  INFO 16392 --- [FoodServiceApp] [restartedMain] c.n.d.s.r.aws.ConfigClusterResolver      : Resolving eureka endpoints via configuration
2026-08-31T21:02:12.283+05:30  INFO 16392 --- [FoodServiceApp] [restartedMain] com.netflix.discovery.DiscoveryClient    : Disable delta property : false
2026-08-31T21:02:12.283+05:30  INFO 16392 --- [FoodServiceApp] [restartedMain] com.netflix.discovery.DiscoveryClient    : Single vip registry refresh property : null
2026-08-31T21:02:12.283+05:30  INFO 16392 --- [FoodServiceApp] [restartedMain] com.netflix.discovery.DiscoveryClient    : Force full registry fetch : false
2026-08-31T21:02:12.283+05:30  INFO 16392 --- [FoodServiceApp] [restartedMain] com.netflix.discovery.DiscoveryClient    : Application is null : false
2026-08-31T21:02:12.284+05:30  INFO 16392 --- [FoodServiceApp] [restartedMain] com.netflix.discovery.DiscoveryClient    : Registered Applications size is zero : true
2026-08-31T21:02:12.284+05:30  INFO 16392 --- [FoodServiceApp] [restartedMain] com.netflix.discovery.DiscoveryClient    : Application version is -1: true
2026-08-31T21:02:12.284+05:30  INFO 16392 --- [FoodServiceApp] [restartedMain] com.netflix.discovery.DiscoveryClient    : Getting all instance registry info from the eureka server
2026-08-31T21:02:12.303+05:30  INFO 16392 --- [FoodServiceApp] [restartedMain] com.netflix.discovery.DiscoveryClient    : The response status is 200
2026-08-31T21:02:12.304+05:30  INFO 16392 --- [FoodServiceApp] [restartedMain] com.netflix.discovery.DiscoveryClient    : Starting heartbeat executor: renew interval is: 30
2026-08-31T21:02:12.305+05:30  INFO 16392 --- [FoodServiceApp] [restartedMain] c.n.discovery.InstanceInfoReplicator     : InstanceInfoReplicator onDemand update allowed rate per min is 4
2026-08-31T21:02:12.305+05:30  INFO 16392 --- [FoodServiceApp] [restartedMain] com.netflix.discovery.DiscoveryClient    : Discovery Client initialized at timestamp 1788190332305 with initial instances count: 3
2026-08-31T21:02:12.306+05:30  INFO 16392 --- [FoodServiceApp] [restartedMain] o.s.c.n.e.s.EurekaServiceRegistry        : Registering application FOODSERVICEAPP with eureka with status UP
2026-08-31T21:02:12.306+05:30  INFO 16392 --- [FoodServiceApp] [restartedMain] com.netflix.discovery.DiscoveryClient    : Saw local status change event StatusChangeEvent [timestamp=1788190332306, current=UP, previous=STARTING]
2026-08-31T21:02:12.306+05:30  INFO 16392 --- [FoodServiceApp] [DiscoveryClient-InstanceInfoReplicator-%d] com.netflix.discovery.DiscoveryClient    : DiscoveryClient_FOODSERVICEAPP/LP-TZD-85010939.IN.COFORGETECH.COM:FoodServiceApp:9091: registering service...
2026-08-31T21:02:12.317+05:30  INFO 16392 --- [FoodServiceApp] [restartedMain] o.s.boot.tomcat.TomcatWebServer          : Tomcat started on port 9091 (http) with context path '/'
2026-08-31T21:02:12.318+05:30  INFO 16392 --- [FoodServiceApp] [restartedMain] .s.c.n.e.s.EurekaAutoServiceRegistration : Updating port to 9091
2026-08-31T21:02:12.320+05:30  INFO 16392 --- [FoodServiceApp] [DiscoveryClient-InstanceInfoReplicator-%d] com.netflix.discovery.DiscoveryClient    : DiscoveryClient_FOODSERVICEAPP/LP-TZD-85010939.IN.COFORGETECH.COM:FoodServiceApp:9091 - registration status: 204
2026-08-31T21:02:12.325+05:30  INFO 16392 --- [FoodServiceApp] [restartedMain] com.foodapp.FoodServiceApplication       : Started FoodServiceApplication in 1.008 seconds (process running for 4911.915)
2026-08-31T21:02:12.327+05:30  INFO 16392 --- [FoodServiceApp] [restartedMain] .ConditionEvaluationDeltaLoggingListener : Condition evaluation unchanged
2026-08-31T21:03:11.796+05:30  INFO 16392 --- [FoodServiceApp] [File Watcher] rtingClassPathChangeChangedEventListener : Restarting due to 2 class path changes (0 additions, 0 deletions, 2 modifications)
2026-08-31T21:03:11.798+05:30  INFO 16392 --- [FoodServiceApp] [Thread-55] o.s.c.n.e.s.EurekaServiceRegistry        : Unregistering application FOODSERVICEAPP with eureka with status DOWN
2026-08-31T21:03:11.798+05:30  INFO 16392 --- [FoodServiceApp] [Thread-55] com.netflix.discovery.DiscoveryClient    : Saw local status change event StatusChangeEvent [timestamp=1788190391798, current=DOWN, previous=UP]
2026-08-31T21:03:11.798+05:30  INFO 16392 --- [FoodServiceApp] [DiscoveryClient-InstanceInfoReplicator-%d] com.netflix.discovery.DiscoveryClient    : DiscoveryClient_FOODSERVICEAPP/LP-TZD-85010939.IN.COFORGETECH.COM:FoodServiceApp:9091: registering service...
2026-08-31T21:03:11.799+05:30  INFO 16392 --- [FoodServiceApp] [Thread-55] o.s.boot.tomcat.GracefulShutdown         : Commencing graceful shutdown. Waiting for active requests to complete
2026-08-31T21:03:11.805+05:30  INFO 16392 --- [FoodServiceApp] [tomcat-shutdown] o.s.boot.tomcat.GracefulShutdown         : Graceful shutdown complete
2026-08-31T21:03:11.807+05:30  INFO 16392 --- [FoodServiceApp] [Thread-55] j.LocalContainerEntityManagerFactoryBean : Closing JPA EntityManagerFactory for persistence unit 'default'
2026-08-31T21:03:11.807+05:30  INFO 16392 --- [FoodServiceApp] [Thread-55] com.zaxxer.hikari.HikariDataSource       : HikariPool-10 - Shutdown initiated...
2026-08-31T21:03:11.813+05:30  INFO 16392 --- [FoodServiceApp] [DiscoveryClient-InstanceInfoReplicator-%d] com.netflix.discovery.DiscoveryClient    : DiscoveryClient_FOODSERVICEAPP/LP-TZD-85010939.IN.COFORGETECH.COM:FoodServiceApp:9091 - registration status: 204
2026-08-31T21:03:11.815+05:30  INFO 16392 --- [FoodServiceApp] [Thread-55] com.zaxxer.hikari.HikariDataSource       : HikariPool-10 - Shutdown completed.
2026-08-31T21:03:11.816+05:30  INFO 16392 --- [FoodServiceApp] [Thread-55] com.netflix.discovery.DiscoveryClient    : Shutting down DiscoveryClient ...
2026-08-31T21:03:14.821+05:30  INFO 16392 --- [FoodServiceApp] [Thread-55] com.netflix.discovery.DiscoveryClient    : Unregistering ...
2026-08-31T21:03:14.821+05:30  WARN 16392 --- [FoodServiceApp] [DiscoveryClient-%d] c.netflix.discovery.TimedSupervisorTask  : task supervisor shutting down, can't accept the task
2026-08-31T21:03:14.839+05:30  INFO 16392 --- [FoodServiceApp] [Thread-55] com.netflix.discovery.DiscoveryClient    : DiscoveryClient_FOODSERVICEAPP/LP-TZD-85010939.IN.COFORGETECH.COM:FoodServiceApp:9091 - deregister  status: 200
2026-08-31T21:03:14.839+05:30  INFO 16392 --- [FoodServiceApp] [Thread-55] com.netflix.discovery.DiscoveryClient    : Completed shut down of DiscoveryClient
2026-08-31T21:03:14.944+05:30  INFO 16392 --- [FoodServiceApp] [restartedMain] com.foodapp.FoodServiceApplication       : Starting FoodServiceApplication using Java 21.0.2 with PID 16392 (C:\Users\khushbu.1.sharma\eclipse-workspace\Project foodService Application\FoodServiceApp\target\classes started by KHUSHBU.1.SHARMA in C:\Users\khushbu.1.sharma\eclipse-workspace\Project foodService Application\FoodServiceApp)
2026-08-31T21:03:14.945+05:30  INFO 16392 --- [FoodServiceApp] [restartedMain] com.foodapp.FoodServiceApplication       : No active profile set, falling back to 1 default profile: "default"
2026-08-31T21:03:15.101+05:30  INFO 16392 --- [FoodServiceApp] [restartedMain] .s.d.r.c.RepositoryConfigurationDelegate : Bootstrapping Spring Data JPA repositories in DEFAULT mode.
2026-08-31T21:03:15.113+05:30  INFO 16392 --- [FoodServiceApp] [restartedMain] .s.d.r.c.RepositoryConfigurationDelegate : Finished Spring Data repository scanning in 10 ms. Found 1 JPA repository interface.
2026-08-31T21:03:15.159+05:30  INFO 16392 --- [FoodServiceApp] [restartedMain] o.s.cloud.context.scope.GenericScope     : BeanFactory id=9931cc8f-4ea7-3474-8a12-35008d9774ef
2026-08-31T21:03:15.209+05:30  INFO 16392 --- [FoodServiceApp] [restartedMain] o.s.boot.tomcat.TomcatWebServer          : Tomcat initialized with port 9091 (http)
2026-08-31T21:03:15.209+05:30  INFO 16392 --- [FoodServiceApp] [restartedMain] o.apache.catalina.core.StandardService   : Starting service [Tomcat]
2026-08-31T21:03:15.209+05:30  INFO 16392 --- [FoodServiceApp] [restartedMain] o.apache.catalina.core.StandardEngine    : Starting Servlet engine: [Apache Tomcat/11.0.22]
2026-08-31T21:03:15.259+05:30  INFO 16392 --- [FoodServiceApp] [restartedMain] b.w.c.s.WebApplicationContextInitializer : Root WebApplicationContext: initialization completed in 311 ms
2026-08-31T21:03:15.297+05:30  INFO 16392 --- [FoodServiceApp] [restartedMain] org.hibernate.orm.jpa                    : HHH008540: Processing PersistenceUnitInfo [name: default]
2026-08-31T21:03:15.354+05:30  INFO 16392 --- [FoodServiceApp] [restartedMain] o.s.o.j.p.SpringPersistenceUnitInfo      : No LoadTimeWeaver setup: ignoring JPA class transformer
2026-08-31T21:03:15.356+05:30  INFO 16392 --- [FoodServiceApp] [restartedMain] com.zaxxer.hikari.HikariDataSource       : HikariPool-11 - Starting...
2026-08-31T21:03:15.374+05:30  INFO 16392 --- [FoodServiceApp] [restartedMain] com.zaxxer.hikari.pool.HikariPool        : HikariPool-11 - Added connection com.mysql.cj.jdbc.ConnectionImpl@545cdb41
2026-08-31T21:03:15.375+05:30  INFO 16392 --- [FoodServiceApp] [restartedMain] com.zaxxer.hikari.HikariDataSource       : HikariPool-11 - Start completed.
2026-08-31T21:03:15.377+05:30  INFO 16392 --- [FoodServiceApp] [restartedMain] org.hibernate.orm.connections.pooling    : HHH10001005: Database info:
	Database JDBC URL [jdbc:mysql://localhost:3306/cfg11]
	Database driver: MySQL Connector/J
	Database dialect: MySQLDialect
	Database version: 8.0.46
	Default catalog/schema: cfg11/undefined
	Autocommit mode: undefined/unknown
	Isolation level: REPEATABLE_READ [default REPEATABLE_READ]
	JDBC fetch size: none
	Pool: DataSourceConnectionProvider
	Minimum pool size: undefined/unknown
	Maximum pool size: undefined/unknown
2026-08-31T21:03:15.441+05:30  INFO 16392 --- [FoodServiceApp] [restartedMain] org.hibernate.orm.core                   : HHH000489: No JTA platform available (set 'hibernate.transaction.jta.platform' to enable JTA platform integration)
2026-08-31T21:03:15.450+05:30  INFO 16392 --- [FoodServiceApp] [restartedMain] j.LocalContainerEntityManagerFactoryBean : Initialized JPA EntityManagerFactory for persistence unit 'default'
2026-08-31T21:03:15.514+05:30  WARN 16392 --- [FoodServiceApp] [restartedMain] JpaBaseConfiguration$JpaWebConfiguration : spring.jpa.open-in-view is enabled by default. Therefore, database queries may be performed during view rendering. Explicitly configure spring.jpa.open-in-view to disable this warning
2026-08-31T21:03:15.548+05:30  INFO 16392 --- [FoodServiceApp] [restartedMain] o.s.c.openfeign.FeignClientFactoryBean   : For 'APPUSER' URL not provided. Will try picking an instance via load-balancing.
2026-08-31T21:03:15.713+05:30  INFO 16392 --- [FoodServiceApp] [restartedMain] DiscoveryClientOptionalArgsConfiguration : Eureka HTTP Client uses RestClient.
2026-08-31T21:03:15.723+05:30  WARN 16392 --- [FoodServiceApp] [restartedMain] iguration$LoadBalancerCaffeineWarnLogger : Spring Cloud LoadBalancer is currently working with the default cache. While this cache implementation is useful for development and tests, it's recommended to use Caffeine cache in production.You can switch to using Caffeine cache, by adding it and org.springframework.cache.caffeine.CaffeineCacheManager to the classpath.
2026-08-31T21:03:15.733+05:30  INFO 16392 --- [FoodServiceApp] [restartedMain] o.s.c.n.eureka.InstanceInfoFactory       : Setting initial instance status as: STARTING
2026-08-31T21:03:15.736+05:30  INFO 16392 --- [FoodServiceApp] [restartedMain] com.netflix.discovery.DiscoveryClient    : Initializing Eureka in region us-east-1
2026-08-31T21:03:15.736+05:30  INFO 16392 --- [FoodServiceApp] [restartedMain] c.n.d.s.r.aws.ConfigClusterResolver      : Resolving eureka endpoints via configuration
2026-08-31T21:03:15.736+05:30  INFO 16392 --- [FoodServiceApp] [restartedMain] com.netflix.discovery.DiscoveryClient    : Disable delta property : false
2026-08-31T21:03:15.736+05:30  INFO 16392 --- [FoodServiceApp] [restartedMain] com.netflix.discovery.DiscoveryClient    : Single vip registry refresh property : null
2026-08-31T21:03:15.736+05:30  INFO 16392 --- [FoodServiceApp] [restartedMain] com.netflix.discovery.DiscoveryClient    : Force full registry fetch : false
2026-08-31T21:03:15.736+05:30  INFO 16392 --- [FoodServiceApp] [restartedMain] com.netflix.discovery.DiscoveryClient    : Application is null : false
2026-08-31T21:03:15.736+05:30  INFO 16392 --- [FoodServiceApp] [restartedMain] com.netflix.discovery.DiscoveryClient    : Registered Applications size is zero : true
2026-08-31T21:03:15.736+05:30  INFO 16392 --- [FoodServiceApp] [restartedMain] com.netflix.discovery.DiscoveryClient    : Application version is -1: true
2026-08-31T21:03:15.736+05:30  INFO 16392 --- [FoodServiceApp] [restartedMain] com.netflix.discovery.DiscoveryClient    : Getting all instance registry info from the eureka server
2026-08-31T21:03:15.752+05:30  INFO 16392 --- [FoodServiceApp] [restartedMain] com.netflix.discovery.DiscoveryClient    : The response status is 200
2026-08-31T21:03:15.753+05:30  INFO 16392 --- [FoodServiceApp] [restartedMain] com.netflix.discovery.DiscoveryClient    : Starting heartbeat executor: renew interval is: 30
2026-08-31T21:03:15.753+05:30  INFO 16392 --- [FoodServiceApp] [restartedMain] c.n.discovery.InstanceInfoReplicator     : InstanceInfoReplicator onDemand update allowed rate per min is 4
2026-08-31T21:03:15.755+05:30  INFO 16392 --- [FoodServiceApp] [restartedMain] com.netflix.discovery.DiscoveryClient    : Discovery Client initialized at timestamp 1788190395755 with initial instances count: 3
2026-08-31T21:03:15.755+05:30  INFO 16392 --- [FoodServiceApp] [restartedMain] o.s.c.n.e.s.EurekaServiceRegistry        : Registering application FOODSERVICEAPP with eureka with status UP
2026-08-31T21:03:15.755+05:30  INFO 16392 --- [FoodServiceApp] [restartedMain] com.netflix.discovery.DiscoveryClient    : Saw local status change event StatusChangeEvent [timestamp=1788190395755, current=UP, previous=STARTING]
2026-08-31T21:03:15.756+05:30  INFO 16392 --- [FoodServiceApp] [DiscoveryClient-InstanceInfoReplicator-%d] com.netflix.discovery.DiscoveryClient    : DiscoveryClient_FOODSERVICEAPP/LP-TZD-85010939.IN.COFORGETECH.COM:FoodServiceApp:9091: registering service...
2026-08-31T21:03:15.764+05:30  INFO 16392 --- [FoodServiceApp] [restartedMain] o.s.boot.tomcat.TomcatWebServer          : Tomcat started on port 9091 (http) with context path '/'
2026-08-31T21:03:15.765+05:30  INFO 16392 --- [FoodServiceApp] [restartedMain] .s.c.n.e.s.EurekaAutoServiceRegistration : Updating port to 9091
2026-08-31T21:03:15.769+05:30  INFO 16392 --- [FoodServiceApp] [DiscoveryClient-InstanceInfoReplicator-%d] com.netflix.discovery.DiscoveryClient    : DiscoveryClient_FOODSERVICEAPP/LP-TZD-85010939.IN.COFORGETECH.COM:FoodServiceApp:9091 - registration status: 204
2026-08-31T21:03:15.774+05:30  INFO 16392 --- [FoodServiceApp] [restartedMain] com.foodapp.FoodServiceApplication       : Started FoodServiceApplication in 0.858 seconds (process running for 4975.364)
2026-08-31T21:03:15.776+05:30  INFO 16392 --- [FoodServiceApp] [restartedMain] .ConditionEvaluationDeltaLoggingListener : Condition evaluation unchanged
2026-08-31T21:08:15.753+05:30  INFO 16392 --- [FoodServiceApp] [AsyncResolver-bootstrap-executor-%d] c.n.d.s.r.aws.ConfigClusterResolver      : Resolving eureka endpoints via configuration
2026-08-31T21:08:18.144+05:30  INFO 16392 --- [FoodServiceApp] [File Watcher] rtingClassPathChangeChangedEventListener : Restarting due to 1 class path change (0 additions, 0 deletions, 1 modification)
2026-08-31T21:08:18.146+05:30  INFO 16392 --- [FoodServiceApp] [Thread-61] o.s.c.n.e.s.EurekaServiceRegistry        : Unregistering application FOODSERVICEAPP with eureka with status DOWN
2026-08-31T21:08:18.146+05:30  INFO 16392 --- [FoodServiceApp] [Thread-61] com.netflix.discovery.DiscoveryClient    : Saw local status change event StatusChangeEvent [timestamp=1788190698146, current=DOWN, previous=UP]
2026-08-31T21:08:18.146+05:30  INFO 16392 --- [FoodServiceApp] [DiscoveryClient-InstanceInfoReplicator-%d] com.netflix.discovery.DiscoveryClient    : DiscoveryClient_FOODSERVICEAPP/LP-TZD-85010939.IN.COFORGETECH.COM:FoodServiceApp:9091: registering service...
2026-08-31T21:08:18.147+05:30  INFO 16392 --- [FoodServiceApp] [Thread-61] o.s.boot.tomcat.GracefulShutdown         : Commencing graceful shutdown. Waiting for active requests to complete
2026-08-31T21:08:18.157+05:30  INFO 16392 --- [FoodServiceApp] [tomcat-shutdown] o.s.boot.tomcat.GracefulShutdown         : Graceful shutdown complete
2026-08-31T21:08:18.162+05:30  INFO 16392 --- [FoodServiceApp] [Thread-61] j.LocalContainerEntityManagerFactoryBean : Closing JPA EntityManagerFactory for persistence unit 'default'
2026-08-31T21:08:18.163+05:30  INFO 16392 --- [FoodServiceApp] [Thread-61] com.zaxxer.hikari.HikariDataSource       : HikariPool-11 - Shutdown initiated...
2026-08-31T21:08:18.165+05:30  INFO 16392 --- [FoodServiceApp] [DiscoveryClient-InstanceInfoReplicator-%d] com.netflix.discovery.DiscoveryClient    : DiscoveryClient_FOODSERVICEAPP/LP-TZD-85010939.IN.COFORGETECH.COM:FoodServiceApp:9091 - registration status: 204
2026-08-31T21:08:18.171+05:30  INFO 16392 --- [FoodServiceApp] [Thread-61] com.zaxxer.hikari.HikariDataSource       : HikariPool-11 - Shutdown completed.
2026-08-31T21:08:18.171+05:30  INFO 16392 --- [FoodServiceApp] [Thread-61] com.netflix.discovery.DiscoveryClient    : Shutting down DiscoveryClient ...
2026-08-31T21:08:21.179+05:30  INFO 16392 --- [FoodServiceApp] [Thread-61] com.netflix.discovery.DiscoveryClient    : Unregistering ...
2026-08-31T21:08:21.198+05:30  INFO 16392 --- [FoodServiceApp] [Thread-61] com.netflix.discovery.DiscoveryClient    : DiscoveryClient_FOODSERVICEAPP/LP-TZD-85010939.IN.COFORGETECH.COM:FoodServiceApp:9091 - deregister  status: 200
2026-08-31T21:08:21.198+05:30  INFO 16392 --- [FoodServiceApp] [Thread-61] com.netflix.discovery.DiscoveryClient    : Completed shut down of DiscoveryClient
2026-08-31T21:08:21.327+05:30  INFO 16392 --- [FoodServiceApp] [restartedMain] com.foodapp.FoodServiceApplication       : Starting FoodServiceApplication using Java 21.0.2 with PID 16392 (C:\Users\khushbu.1.sharma\eclipse-workspace\Project foodService Application\FoodServiceApp\target\classes started by KHUSHBU.1.SHARMA in C:\Users\khushbu.1.sharma\eclipse-workspace\Project foodService Application\FoodServiceApp)
2026-08-31T21:08:21.327+05:30  INFO 16392 --- [FoodServiceApp] [restartedMain] com.foodapp.FoodServiceApplication       : No active profile set, falling back to 1 default profile: "default"
2026-08-31T21:08:21.569+05:30  INFO 16392 --- [FoodServiceApp] [restartedMain] .s.d.r.c.RepositoryConfigurationDelegate : Bootstrapping Spring Data JPA repositories in DEFAULT mode.
2026-08-31T21:08:21.589+05:30  INFO 16392 --- [FoodServiceApp] [restartedMain] .s.d.r.c.RepositoryConfigurationDelegate : Finished Spring Data repository scanning in 18 ms. Found 1 JPA repository interface.
2026-08-31T21:08:21.676+05:30  INFO 16392 --- [FoodServiceApp] [restartedMain] o.s.cloud.context.scope.GenericScope     : BeanFactory id=9931cc8f-4ea7-3474-8a12-35008d9774ef
2026-08-31T21:08:21.737+05:30  INFO 16392 --- [FoodServiceApp] [restartedMain] o.s.boot.tomcat.TomcatWebServer          : Tomcat initialized with port 9091 (http)
2026-08-31T21:08:21.739+05:30  INFO 16392 --- [FoodServiceApp] [restartedMain] o.apache.catalina.core.StandardService   : Starting service [Tomcat]
2026-08-31T21:08:21.739+05:30  INFO 16392 --- [FoodServiceApp] [restartedMain] o.apache.catalina.core.StandardEngine    : Starting Servlet engine: [Apache Tomcat/11.0.22]
2026-08-31T21:08:21.793+05:30  INFO 16392 --- [FoodServiceApp] [restartedMain] b.w.c.s.WebApplicationContextInitializer : Root WebApplicationContext: initialization completed in 464 ms
2026-08-31T21:08:21.825+05:30  INFO 16392 --- [FoodServiceApp] [restartedMain] org.hibernate.orm.jpa                    : HHH008540: Processing PersistenceUnitInfo [name: default]
2026-08-31T21:08:21.870+05:30  INFO 16392 --- [FoodServiceApp] [restartedMain] o.s.o.j.p.SpringPersistenceUnitInfo      : No LoadTimeWeaver setup: ignoring JPA class transformer
2026-08-31T21:08:21.871+05:30  INFO 16392 --- [FoodServiceApp] [restartedMain] com.zaxxer.hikari.HikariDataSource       : HikariPool-12 - Starting...
2026-08-31T21:08:21.892+05:30  INFO 16392 --- [FoodServiceApp] [restartedMain] com.zaxxer.hikari.pool.HikariPool        : HikariPool-12 - Added connection com.mysql.cj.jdbc.ConnectionImpl@c69fa0
2026-08-31T21:08:21.892+05:30  INFO 16392 --- [FoodServiceApp] [restartedMain] com.zaxxer.hikari.HikariDataSource       : HikariPool-12 - Start completed.
2026-08-31T21:08:21.894+05:30  INFO 16392 --- [FoodServiceApp] [restartedMain] org.hibernate.orm.connections.pooling    : HHH10001005: Database info:
	Database JDBC URL [jdbc:mysql://localhost:3306/cfg11]
	Database driver: MySQL Connector/J
	Database dialect: MySQLDialect
	Database version: 8.0.46
	Default catalog/schema: cfg11/undefined
	Autocommit mode: undefined/unknown
	Isolation level: REPEATABLE_READ [default REPEATABLE_READ]
	JDBC fetch size: none
	Pool: DataSourceConnectionProvider
	Minimum pool size: undefined/unknown
	Maximum pool size: undefined/unknown
2026-08-31T21:08:21.967+05:30  INFO 16392 --- [FoodServiceApp] [restartedMain] org.hibernate.orm.core                   : HHH000489: No JTA platform available (set 'hibernate.transaction.jta.platform' to enable JTA platform integration)
2026-08-31T21:08:21.979+05:30  INFO 16392 --- [FoodServiceApp] [restartedMain] j.LocalContainerEntityManagerFactoryBean : Initialized JPA EntityManagerFactory for persistence unit 'default'
2026-08-31T21:08:22.037+05:30  WARN 16392 --- [FoodServiceApp] [restartedMain] JpaBaseConfiguration$JpaWebConfiguration : spring.jpa.open-in-view is enabled by default. Therefore, database queries may be performed during view rendering. Explicitly configure spring.jpa.open-in-view to disable this warning
2026-08-31T21:08:22.064+05:30  INFO 16392 --- [FoodServiceApp] [restartedMain] o.s.c.openfeign.FeignClientFactoryBean   : For 'APPUSER' URL not provided. Will try picking an instance via load-balancing.
2026-08-31T21:08:22.225+05:30  INFO 16392 --- [FoodServiceApp] [restartedMain] DiscoveryClientOptionalArgsConfiguration : Eureka HTTP Client uses RestClient.
2026-08-31T21:08:22.234+05:30  WARN 16392 --- [FoodServiceApp] [restartedMain] iguration$LoadBalancerCaffeineWarnLogger : Spring Cloud LoadBalancer is currently working with the default cache. While this cache implementation is useful for development and tests, it's recommended to use Caffeine cache in production.You can switch to using Caffeine cache, by adding it and org.springframework.cache.caffeine.CaffeineCacheManager to the classpath.
2026-08-31T21:08:22.247+05:30  INFO 16392 --- [FoodServiceApp] [restartedMain] o.s.c.n.eureka.InstanceInfoFactory       : Setting initial instance status as: STARTING
2026-08-31T21:08:22.251+05:30  INFO 16392 --- [FoodServiceApp] [restartedMain] com.netflix.discovery.DiscoveryClient    : Initializing Eureka in region us-east-1
2026-08-31T21:08:22.252+05:30  INFO 16392 --- [FoodServiceApp] [restartedMain] c.n.d.s.r.aws.ConfigClusterResolver      : Resolving eureka endpoints via configuration
2026-08-31T21:08:22.252+05:30  INFO 16392 --- [FoodServiceApp] [restartedMain] com.netflix.discovery.DiscoveryClient    : Disable delta property : false
2026-08-31T21:08:22.252+05:30  INFO 16392 --- [FoodServiceApp] [restartedMain] com.netflix.discovery.DiscoveryClient    : Single vip registry refresh property : null
2026-08-31T21:08:22.252+05:30  INFO 16392 --- [FoodServiceApp] [restartedMain] com.netflix.discovery.DiscoveryClient    : Force full registry fetch : false
2026-08-31T21:08:22.253+05:30  INFO 16392 --- [FoodServiceApp] [restartedMain] com.netflix.discovery.DiscoveryClient    : Application is null : false
2026-08-31T21:08:22.253+05:30  INFO 16392 --- [FoodServiceApp] [restartedMain] com.netflix.discovery.DiscoveryClient    : Registered Applications size is zero : true
2026-08-31T21:08:22.253+05:30  INFO 16392 --- [FoodServiceApp] [restartedMain] com.netflix.discovery.DiscoveryClient    : Application version is -1: true
2026-08-31T21:08:22.253+05:30  INFO 16392 --- [FoodServiceApp] [restartedMain] com.netflix.discovery.DiscoveryClient    : Getting all instance registry info from the eureka server
2026-08-31T21:08:22.271+05:30  INFO 16392 --- [FoodServiceApp] [restartedMain] com.netflix.discovery.DiscoveryClient    : The response status is 200
2026-08-31T21:08:22.272+05:30  INFO 16392 --- [FoodServiceApp] [restartedMain] com.netflix.discovery.DiscoveryClient    : Starting heartbeat executor: renew interval is: 30
2026-08-31T21:08:22.272+05:30  INFO 16392 --- [FoodServiceApp] [restartedMain] c.n.discovery.InstanceInfoReplicator     : InstanceInfoReplicator onDemand update allowed rate per min is 4
2026-08-31T21:08:22.274+05:30  INFO 16392 --- [FoodServiceApp] [restartedMain] com.netflix.discovery.DiscoveryClient    : Discovery Client initialized at timestamp 1788190702274 with initial instances count: 3
2026-08-31T21:08:22.275+05:30  INFO 16392 --- [FoodServiceApp] [restartedMain] o.s.c.n.e.s.EurekaServiceRegistry        : Registering application FOODSERVICEAPP with eureka with status UP
2026-08-31T21:08:22.275+05:30  INFO 16392 --- [FoodServiceApp] [restartedMain] com.netflix.discovery.DiscoveryClient    : Saw local status change event StatusChangeEvent [timestamp=1788190702275, current=UP, previous=STARTING]
2026-08-31T21:08:22.275+05:30  INFO 16392 --- [FoodServiceApp] [DiscoveryClient-InstanceInfoReplicator-%d] com.netflix.discovery.DiscoveryClient    : DiscoveryClient_FOODSERVICEAPP/LP-TZD-85010939.IN.COFORGETECH.COM:FoodServiceApp:9091: registering service...
2026-08-31T21:08:22.285+05:30  INFO 16392 --- [FoodServiceApp] [restartedMain] o.s.boot.tomcat.TomcatWebServer          : Tomcat started on port 9091 (http) with context path '/'
2026-08-31T21:08:22.286+05:30  INFO 16392 --- [FoodServiceApp] [restartedMain] .s.c.n.e.s.EurekaAutoServiceRegistration : Updating port to 9091
2026-08-31T21:08:22.288+05:30  INFO 16392 --- [FoodServiceApp] [DiscoveryClient-InstanceInfoReplicator-%d] com.netflix.discovery.DiscoveryClient    : DiscoveryClient_FOODSERVICEAPP/LP-TZD-85010939.IN.COFORGETECH.COM:FoodServiceApp:9091 - registration status: 204
2026-08-31T21:08:22.301+05:30  INFO 16392 --- [FoodServiceApp] [restartedMain] com.foodapp.FoodServiceApplication       : Started FoodServiceApplication in 1.004 seconds (process running for 5281.882)
2026-08-31T21:08:22.302+05:30  INFO 16392 --- [FoodServiceApp] [restartedMain] .ConditionEvaluationDeltaLoggingListener : Condition evaluation unchanged
2026-08-31T21:09:40.451+05:30  INFO 16392 --- [FoodServiceApp] [File Watcher] rtingClassPathChangeChangedEventListener : Restarting due to 1 class path change (0 additions, 0 deletions, 1 modification)
2026-08-31T21:09:40.454+05:30  INFO 16392 --- [FoodServiceApp] [Thread-67] o.s.c.n.e.s.EurekaServiceRegistry        : Unregistering application FOODSERVICEAPP with eureka with status DOWN
2026-08-31T21:09:40.454+05:30  INFO 16392 --- [FoodServiceApp] [Thread-67] com.netflix.discovery.DiscoveryClient    : Saw local status change event StatusChangeEvent [timestamp=1788190780454, current=DOWN, previous=UP]
2026-08-31T21:09:40.455+05:30  INFO 16392 --- [FoodServiceApp] [DiscoveryClient-InstanceInfoReplicator-%d] com.netflix.discovery.DiscoveryClient    : DiscoveryClient_FOODSERVICEAPP/LP-TZD-85010939.IN.COFORGETECH.COM:FoodServiceApp:9091: registering service...
2026-08-31T21:09:40.456+05:30  INFO 16392 --- [FoodServiceApp] [Thread-67] o.s.boot.tomcat.GracefulShutdown         : Commencing graceful shutdown. Waiting for active requests to complete
2026-08-31T21:09:40.467+05:30  INFO 16392 --- [FoodServiceApp] [DiscoveryClient-InstanceInfoReplicator-%d] com.netflix.discovery.DiscoveryClient    : DiscoveryClient_FOODSERVICEAPP/LP-TZD-85010939.IN.COFORGETECH.COM:FoodServiceApp:9091 - registration status: 204
2026-08-31T21:09:40.473+05:30  INFO 16392 --- [FoodServiceApp] [tomcat-shutdown] o.s.boot.tomcat.GracefulShutdown         : Graceful shutdown complete
2026-08-31T21:09:40.480+05:30  INFO 16392 --- [FoodServiceApp] [Thread-67] j.LocalContainerEntityManagerFactoryBean : Closing JPA EntityManagerFactory for persistence unit 'default'
2026-08-31T21:09:40.481+05:30  INFO 16392 --- [FoodServiceApp] [Thread-67] com.zaxxer.hikari.HikariDataSource       : HikariPool-12 - Shutdown initiated...
2026-08-31T21:09:40.492+05:30  INFO 16392 --- [FoodServiceApp] [Thread-67] com.zaxxer.hikari.HikariDataSource       : HikariPool-12 - Shutdown completed.
2026-08-31T21:09:40.493+05:30  INFO 16392 --- [FoodServiceApp] [Thread-67] com.netflix.discovery.DiscoveryClient    : Shutting down DiscoveryClient ...
2026-08-31T21:09:43.500+05:30  INFO 16392 --- [FoodServiceApp] [Thread-67] com.netflix.discovery.DiscoveryClient    : Unregistering ...
2026-08-31T21:09:43.518+05:30  INFO 16392 --- [FoodServiceApp] [Thread-67] com.netflix.discovery.DiscoveryClient    : DiscoveryClient_FOODSERVICEAPP/LP-TZD-85010939.IN.COFORGETECH.COM:FoodServiceApp:9091 - deregister  status: 200
2026-08-31T21:09:43.519+05:30  INFO 16392 --- [FoodServiceApp] [Thread-67] com.netflix.discovery.DiscoveryClient    : Completed shut down of DiscoveryClient
2026-08-31T21:09:43.629+05:30  INFO 16392 --- [FoodServiceApp] [restartedMain] com.foodapp.FoodServiceApplication       : Starting FoodServiceApplication using Java 21.0.2 with PID 16392 (C:\Users\khushbu.1.sharma\eclipse-workspace\Project foodService Application\FoodServiceApp\target\classes started by KHUSHBU.1.SHARMA in C:\Users\khushbu.1.sharma\eclipse-workspace\Project foodService Application\FoodServiceApp)
2026-08-31T21:09:43.630+05:30  INFO 16392 --- [FoodServiceApp] [restartedMain] com.foodapp.FoodServiceApplication       : No active profile set, falling back to 1 default profile: "default"
2026-08-31T21:09:43.803+05:30  INFO 16392 --- [FoodServiceApp] [restartedMain] .s.d.r.c.RepositoryConfigurationDelegate : Bootstrapping Spring Data JPA repositories in DEFAULT mode.
2026-08-31T21:09:43.815+05:30  INFO 16392 --- [FoodServiceApp] [restartedMain] .s.d.r.c.RepositoryConfigurationDelegate : Finished Spring Data repository scanning in 11 ms. Found 1 JPA repository interface.
2026-08-31T21:09:43.871+05:30  INFO 16392 --- [FoodServiceApp] [restartedMain] o.s.cloud.context.scope.GenericScope     : BeanFactory id=9931cc8f-4ea7-3474-8a12-35008d9774ef
2026-08-31T21:09:43.927+05:30  INFO 16392 --- [FoodServiceApp] [restartedMain] o.s.boot.tomcat.TomcatWebServer          : Tomcat initialized with port 9091 (http)
2026-08-31T21:09:43.928+05:30  INFO 16392 --- [FoodServiceApp] [restartedMain] o.apache.catalina.core.StandardService   : Starting service [Tomcat]
2026-08-31T21:09:43.928+05:30  INFO 16392 --- [FoodServiceApp] [restartedMain] o.apache.catalina.core.StandardEngine    : Starting Servlet engine: [Apache Tomcat/11.0.22]
2026-08-31T21:09:43.977+05:30  INFO 16392 --- [FoodServiceApp] [restartedMain] b.w.c.s.WebApplicationContextInitializer : Root WebApplicationContext: initialization completed in 345 ms
2026-08-31T21:09:44.017+05:30  INFO 16392 --- [FoodServiceApp] [restartedMain] org.hibernate.orm.jpa                    : HHH008540: Processing PersistenceUnitInfo [name: default]
2026-08-31T21:09:44.056+05:30  INFO 16392 --- [FoodServiceApp] [restartedMain] o.s.o.j.p.SpringPersistenceUnitInfo      : No LoadTimeWeaver setup: ignoring JPA class transformer
2026-08-31T21:09:44.058+05:30  INFO 16392 --- [FoodServiceApp] [restartedMain] com.zaxxer.hikari.HikariDataSource       : HikariPool-13 - Starting...
2026-08-31T21:09:44.073+05:30  INFO 16392 --- [FoodServiceApp] [restartedMain] com.zaxxer.hikari.pool.HikariPool        : HikariPool-13 - Added connection com.mysql.cj.jdbc.ConnectionImpl@5ca46254
2026-08-31T21:09:44.073+05:30  INFO 16392 --- [FoodServiceApp] [restartedMain] com.zaxxer.hikari.HikariDataSource       : HikariPool-13 - Start completed.
2026-08-31T21:09:44.075+05:30  INFO 16392 --- [FoodServiceApp] [restartedMain] org.hibernate.orm.connections.pooling    : HHH10001005: Database info:
	Database JDBC URL [jdbc:mysql://localhost:3306/cfg11]
	Database driver: MySQL Connector/J
	Database dialect: MySQLDialect
	Database version: 8.0.46
	Default catalog/schema: cfg11/undefined
	Autocommit mode: undefined/unknown
	Isolation level: REPEATABLE_READ [default REPEATABLE_READ]
	JDBC fetch size: none
	Pool: DataSourceConnectionProvider
	Minimum pool size: undefined/unknown
	Maximum pool size: undefined/unknown
2026-08-31T21:09:44.130+05:30  INFO 16392 --- [FoodServiceApp] [restartedMain] org.hibernate.orm.core                   : HHH000489: No JTA platform available (set 'hibernate.transaction.jta.platform' to enable JTA platform integration)
2026-08-31T21:09:44.138+05:30  INFO 16392 --- [FoodServiceApp] [restartedMain] j.LocalContainerEntityManagerFactoryBean : Initialized JPA EntityManagerFactory for persistence unit 'default'
2026-08-31T21:09:44.186+05:30  WARN 16392 --- [FoodServiceApp] [restartedMain] JpaBaseConfiguration$JpaWebConfiguration : spring.jpa.open-in-view is enabled by default. Therefore, database queries may be performed during view rendering. Explicitly configure spring.jpa.open-in-view to disable this warning
2026-08-31T21:09:44.215+05:30  INFO 16392 --- [FoodServiceApp] [restartedMain] o.s.c.openfeign.FeignClientFactoryBean   : For 'APPUSER' URL not provided. Will try picking an instance via load-balancing.
2026-08-31T21:09:44.348+05:30  INFO 16392 --- [FoodServiceApp] [restartedMain] DiscoveryClientOptionalArgsConfiguration : Eureka HTTP Client uses RestClient.
2026-08-31T21:09:44.354+05:30  WARN 16392 --- [FoodServiceApp] [restartedMain] iguration$LoadBalancerCaffeineWarnLogger : Spring Cloud LoadBalancer is currently working with the default cache. While this cache implementation is useful for development and tests, it's recommended to use Caffeine cache in production.You can switch to using Caffeine cache, by adding it and org.springframework.cache.caffeine.CaffeineCacheManager to the classpath.
2026-08-31T21:09:44.361+05:30  INFO 16392 --- [FoodServiceApp] [restartedMain] o.s.c.n.eureka.InstanceInfoFactory       : Setting initial instance status as: STARTING
2026-08-31T21:09:44.365+05:30  INFO 16392 --- [FoodServiceApp] [restartedMain] com.netflix.discovery.DiscoveryClient    : Initializing Eureka in region us-east-1
2026-08-31T21:09:44.365+05:30  INFO 16392 --- [FoodServiceApp] [restartedMain] c.n.d.s.r.aws.ConfigClusterResolver      : Resolving eureka endpoints via configuration
2026-08-31T21:09:44.366+05:30  INFO 16392 --- [FoodServiceApp] [restartedMain] com.netflix.discovery.DiscoveryClient    : Disable delta property : false
2026-08-31T21:09:44.366+05:30  INFO 16392 --- [FoodServiceApp] [restartedMain] com.netflix.discovery.DiscoveryClient    : Single vip registry refresh property : null
2026-08-31T21:09:44.366+05:30  INFO 16392 --- [FoodServiceApp] [restartedMain] com.netflix.discovery.DiscoveryClient    : Force full registry fetch : false
2026-08-31T21:09:44.366+05:30  INFO 16392 --- [FoodServiceApp] [restartedMain] com.netflix.discovery.DiscoveryClient    : Application is null : false
2026-08-31T21:09:44.366+05:30  INFO 16392 --- [FoodServiceApp] [restartedMain] com.netflix.discovery.DiscoveryClient    : Registered Applications size is zero : true
2026-08-31T21:09:44.366+05:30  INFO 16392 --- [FoodServiceApp] [restartedMain] com.netflix.discovery.DiscoveryClient    : Application version is -1: true
2026-08-31T21:09:44.366+05:30  INFO 16392 --- [FoodServiceApp] [restartedMain] com.netflix.discovery.DiscoveryClient    : Getting all instance registry info from the eureka server
2026-08-31T21:09:44.383+05:30  INFO 16392 --- [FoodServiceApp] [restartedMain] com.netflix.discovery.DiscoveryClient    : The response status is 200
2026-08-31T21:09:44.384+05:30  INFO 16392 --- [FoodServiceApp] [restartedMain] com.netflix.discovery.DiscoveryClient    : Starting heartbeat executor: renew interval is: 30
2026-08-31T21:09:44.385+05:30  INFO 16392 --- [FoodServiceApp] [restartedMain] c.n.discovery.InstanceInfoReplicator     : InstanceInfoReplicator onDemand update allowed rate per min is 4
2026-08-31T21:09:44.386+05:30  INFO 16392 --- [FoodServiceApp] [restartedMain] com.netflix.discovery.DiscoveryClient    : Discovery Client initialized at timestamp 1788190784386 with initial instances count: 3
2026-08-31T21:09:44.387+05:30  INFO 16392 --- [FoodServiceApp] [restartedMain] o.s.c.n.e.s.EurekaServiceRegistry        : Registering application FOODSERVICEAPP with eureka with status UP
2026-08-31T21:09:44.387+05:30  INFO 16392 --- [FoodServiceApp] [restartedMain] com.netflix.discovery.DiscoveryClient    : Saw local status change event StatusChangeEvent [timestamp=1788190784387, current=UP, previous=STARTING]
2026-08-31T21:09:44.387+05:30  INFO 16392 --- [FoodServiceApp] [DiscoveryClient-InstanceInfoReplicator-%d] com.netflix.discovery.DiscoveryClient    : DiscoveryClient_FOODSERVICEAPP/LP-TZD-85010939.IN.COFORGETECH.COM:FoodServiceApp:9091: registering service...
2026-08-31T21:09:44.398+05:30  INFO 16392 --- [FoodServiceApp] [restartedMain] o.s.boot.tomcat.TomcatWebServer          : Tomcat started on port 9091 (http) with context path '/'
2026-08-31T21:09:44.399+05:30  INFO 16392 --- [FoodServiceApp] [restartedMain] .s.c.n.e.s.EurekaAutoServiceRegistration : Updating port to 9091
2026-08-31T21:09:44.403+05:30  INFO 16392 --- [FoodServiceApp] [DiscoveryClient-InstanceInfoReplicator-%d] com.netflix.discovery.DiscoveryClient    : DiscoveryClient_FOODSERVICEAPP/LP-TZD-85010939.IN.COFORGETECH.COM:FoodServiceApp:9091 - registration status: 204
2026-08-31T21:09:44.407+05:30  INFO 16392 --- [FoodServiceApp] [restartedMain] com.foodapp.FoodServiceApplication       : Started FoodServiceApplication in 0.806 seconds (process running for 5363.982)
2026-08-31T21:09:44.408+05:30  INFO 16392 --- [FoodServiceApp] [restartedMain] .ConditionEvaluationDeltaLoggingListener : Condition evaluation unchanged
2026-08-31T21:13:32.280+05:30  INFO 16392 --- [FoodServiceApp] [File Watcher] rtingClassPathChangeChangedEventListener : Restarting due to 1 class path change (0 additions, 0 deletions, 1 modification)
2026-08-31T21:13:32.281+05:30  INFO 16392 --- [FoodServiceApp] [Thread-73] o.s.c.n.e.s.EurekaServiceRegistry        : Unregistering application FOODSERVICEAPP with eureka with status DOWN
2026-08-31T21:13:32.281+05:30  INFO 16392 --- [FoodServiceApp] [Thread-73] com.netflix.discovery.DiscoveryClient    : Saw local status change event StatusChangeEvent [timestamp=1788191012281, current=DOWN, previous=UP]
2026-08-31T21:13:32.281+05:30  INFO 16392 --- [FoodServiceApp] [DiscoveryClient-InstanceInfoReplicator-%d] com.netflix.discovery.DiscoveryClient    : DiscoveryClient_FOODSERVICEAPP/LP-TZD-85010939.IN.COFORGETECH.COM:FoodServiceApp:9091: registering service...
2026-08-31T21:13:32.282+05:30  INFO 16392 --- [FoodServiceApp] [Thread-73] o.s.boot.tomcat.GracefulShutdown         : Commencing graceful shutdown. Waiting for active requests to complete
2026-08-31T21:13:32.287+05:30  INFO 16392 --- [FoodServiceApp] [tomcat-shutdown] o.s.boot.tomcat.GracefulShutdown         : Graceful shutdown complete
2026-08-31T21:13:32.288+05:30  INFO 16392 --- [FoodServiceApp] [Thread-73] j.LocalContainerEntityManagerFactoryBean : Closing JPA EntityManagerFactory for persistence unit 'default'
2026-08-31T21:13:32.290+05:30  INFO 16392 --- [FoodServiceApp] [Thread-73] com.zaxxer.hikari.HikariDataSource       : HikariPool-13 - Shutdown initiated...
2026-08-31T21:13:32.295+05:30  INFO 16392 --- [FoodServiceApp] [Thread-73] com.zaxxer.hikari.HikariDataSource       : HikariPool-13 - Shutdown completed.
2026-08-31T21:13:32.295+05:30  INFO 16392 --- [FoodServiceApp] [Thread-73] com.netflix.discovery.DiscoveryClient    : Shutting down DiscoveryClient ...
2026-08-31T21:13:32.298+05:30  INFO 16392 --- [FoodServiceApp] [DiscoveryClient-InstanceInfoReplicator-%d] com.netflix.discovery.DiscoveryClient    : DiscoveryClient_FOODSERVICEAPP/LP-TZD-85010939.IN.COFORGETECH.COM:FoodServiceApp:9091 - registration status: 204
2026-08-31T21:13:32.298+05:30  INFO 16392 --- [FoodServiceApp] [Thread-73] com.netflix.discovery.DiscoveryClient    : Unregistering ...
2026-08-31T21:13:32.301+05:30  INFO 16392 --- [FoodServiceApp] [Thread-73] com.netflix.discovery.DiscoveryClient    : DiscoveryClient_FOODSERVICEAPP/LP-TZD-85010939.IN.COFORGETECH.COM:FoodServiceApp:9091 - deregister  status: 200
2026-08-31T21:13:32.301+05:30  INFO 16392 --- [FoodServiceApp] [Thread-73] com.netflix.discovery.DiscoveryClient    : Completed shut down of DiscoveryClient
